{
  "B200": {
    "v2_920": {
      "default": {
        "compiled_us": 18.396968545381263,
        "coord_descent_us": null,
        "memcopy_sol_us": 275.5086182990052,
        "total_bytes": 1736474624,
        "gap_default": 0.06677456646897093,
        "gap_cd": null,
        "timestamp": "2026-05-16T16:59:10"
      }
    }
  }
}