{
  "B200": {
    "v2_920": {
      "default": {
        "compiled_us": 12.318082765337282,
        "coord_descent_us": null,
        "memcopy_sol_us": 17.421781146968428,
        "total_bytes": 50332672,
        "gap_default": 0.7070507120611349,
        "gap_cd": null,
        "timestamp": "2026-05-16T16:59:10"
      }
    }
  }
}