{
  "B200": {
    "v3_full": {
      "default": {
        "compiled_us": 12.235691534787264,
        "coord_descent_us": null,
        "memcopy_sol_us": 17.408548915568936,
        "total_bytes": 47771012,
        "gap_default": 0.7028553381519671,
        "gap_cd": null,
        "timestamp": "2026-05-16T18:41:32"
      }
    }
  }
}