{
  "B200": {
    "v2_920": {
      "default": {
        "compiled_us": 16.634577354545304,
        "coord_descent_us": null,
        "memcopy_sol_us": 43.64887486590305,
        "total_bytes": 210219008,
        "gap_default": 0.3810997970886907,
        "gap_cd": null,
        "timestamp": "2026-05-16T16:59:10"
      }
    }
  }
}