{
  "B200": {
    "v2_920": {
      "default": {
        "compiled_us": 1616.8258637189865,
        "coord_descent_us": null,
        "memcopy_sol_us": 633.8500757811447,
        "total_bytes": 4055763408,
        "gap_default": 2.5508017203065587,
        "gap_cd": null,
        "timestamp": "2026-05-16T16:59:10"
      }
    }
  }
}