{
  "B200": {
    "v2_920": {
      "default": {
        "compiled_us": 37.11986364738912,
        "coord_descent_us": null,
        "memcopy_sol_us": 23.561294894970256,
        "total_bytes": 91478656,
        "gap_default": 1.5754594054723738,
        "gap_cd": null,
        "timestamp": "2026-05-16T16:59:10"
      }
    }
  }
}