{
  "B200": {
    "v2_920": {
      "default": {
        "compiled_us": 61.501204431696046,
        "coord_descent_us": null,
        "memcopy_sol_us": 47.744580864697475,
        "total_bytes": 251658240,
        "gap_default": 1.2881295283748164,
        "gap_cd": null,
        "timestamp": "2026-05-16T16:59:10"
      }
    }
  }
}