{
  "B200": {
    "v2_920": {
      "default": {
        "compiled_us": 20.177577054762285,
        "coord_descent_us": null,
        "memcopy_sol_us": 15.283110747677208,
        "total_bytes": 37105792,
        "gap_default": 1.3202532774833788,
        "gap_cd": null,
        "timestamp": "2026-05-16T16:59:10"
      }
    }
  }
}