{
  "B200": {
    "v2_920": {
      "default": {
        "compiled_us": 20.425746199693688,
        "coord_descent_us": null,
        "memcopy_sol_us": 11.50836224462447,
        "total_bytes": 17825920,
        "gap_default": 1.7748612500648828,
        "gap_cd": null,
        "timestamp": "2026-05-16T16:59:10"
      }
    }
  }
}