{
  "B200": {
    "v3_full": {
      "default": {
        "compiled_us": 6.092379281293777,
        "coord_descent_us": null,
        "memcopy_sol_us": 7.157268228711945,
        "total_bytes": 2097152,
        "gap_default": 0.8512157273711942,
        "gap_cd": null,
        "timestamp": "2026-05-16T18:41:32"
      }
    }
  }
}