{
  "B200": {
    "v2_920": {
      "default": {
        "compiled_us": 304.63015647618084,
        "coord_descent_us": null,
        "memcopy_sol_us": 118.3356814253027,
        "total_bytes": 698706776,
        "gap_default": 2.5742882688217184,
        "gap_cd": null,
        "timestamp": "2026-05-16T16:59:10"
      }
    }
  }
}