{
  "B200": {
    "v3_full": {
      "default": {
        "compiled_us": 12.336902956494017,
        "coord_descent_us": null,
        "memcopy_sol_us": 13.329304759886895,
        "total_bytes": 26625024,
        "gap_default": 0.9255473694037363,
        "gap_cd": null,
        "timestamp": "2026-05-16T18:41:32"
      }
    }
  }
}