{
  "B200": {
    "v3_full": {
      "default": {
        "compiled_us": 8.23681071630118,
        "coord_descent_us": null,
        "memcopy_sol_us": 10.40984047446216,
        "total_bytes": 10516480,
        "gap_default": 0.7912523478633565,
        "gap_cd": null,
        "timestamp": "2026-05-16T18:41:32"
      }
    }
  }
}