{
  "B200": {
    "v2_920": {
      "default": {
        "compiled_us": 6.192640296599272,
        "coord_descent_us": null,
        "memcopy_sol_us": 7.174205438837221,
        "total_bytes": 98304,
        "gap_default": 0.8631813445257237,
        "gap_cd": null,
        "timestamp": "2026-05-16T16:59:10"
      }
    }
  }
}