{
  "B200": {
    "v3_full": {
      "default": {
        "compiled_us": 36.220551069700576,
        "coord_descent_us": null,
        "memcopy_sol_us": 19.459639855269778,
        "total_bytes": 64225376,
        "gap_default": 1.8613166193767894,
        "gap_cd": null,
        "timestamp": "2026-05-16T18:41:32"
      }
    }
  }
}