{
  "B200": {
    "v2_920": {
      "default": {
        "compiled_us": 14.35228902665434,
        "coord_descent_us": null,
        "memcopy_sol_us": 118.02659312325186,
        "total_bytes": 402788352,
        "gap_default": 0.12160216309613078,
        "gap_cd": null,
        "timestamp": "2026-05-16T16:59:10"
      }
    }
  }
}