{
  "B200": {
    "v3_full": {
      "default": {
        "compiled_us": 24.568668722627752,
        "coord_descent_us": null,
        "memcopy_sol_us": 15.938740474488803,
        "total_bytes": 46149632,
        "gap_default": 1.5414435514494902,
        "gap_cd": null,
        "timestamp": "2026-05-16T18:41:32"
      }
    }
  }
}