{
  "B200": {
    "v2_920": {
      "default": {
        "compiled_us": 9.716550789738845,
        "coord_descent_us": null,
        "memcopy_sol_us": 11.280341994373966,
        "total_bytes": 15140608,
        "gap_default": 0.8613702310253486,
        "gap_cd": null,
        "timestamp": "2026-05-16T16:59:10"
      }
    }
  }
}