{
  "B200": {
    "v2_920": {
      "default": {
        "compiled_us": 408.46310251214527,
        "coord_descent_us": null,
        "memcopy_sol_us": 263.68507101396807,
        "total_bytes": 1646886984,
        "gap_default": 1.5490566111363504,
        "gap_cd": null,
        "timestamp": "2026-05-16T16:59:10"
      }
    }
  }
}