{
  "B200": {
    "v2_920": {
      "default": {
        "compiled_us": 22.83718262932414,
        "coord_descent_us": null,
        "memcopy_sol_us": 10.258374633941784,
        "total_bytes": 9437200,
        "gap_default": 2.2261989295812006,
        "gap_cd": null,
        "timestamp": "2026-05-16T16:59:10"
      }
    }
  }
}