{
  "B200": {
    "v2_920": {
      "default": {
        "compiled_us": 10.190134971773526,
        "coord_descent_us": null,
        "memcopy_sol_us": 7.099347001297472,
        "total_bytes": 65824,
        "gap_default": 1.435362290350251,
        "gap_cd": null,
        "timestamp": "2026-05-16T16:59:10"
      }
    }
  }
}