{
  "B200": {
    "v3_full": {
      "default": {
        "compiled_us": 32.92042321032461,
        "coord_descent_us": null,
        "memcopy_sol_us": 17.42404245126706,
        "total_bytes": 53104640,
        "gap_default": 1.8893677114480782,
        "gap_cd": null,
        "timestamp": "2026-05-16T18:41:32"
      }
    }
  }
}