{
  "B200": {
    "v2_920": {
      "default": {
        "compiled_us": 435.375352605715,
        "coord_descent_us": null,
        "memcopy_sol_us": 357.12402133904175,
        "total_bytes": 2265661440,
        "gap_default": 1.219115283741678,
        "gap_cd": null,
        "timestamp": "2026-05-16T16:59:10"
      }
    }
  }
}