{
  "B200": {
    "v3_full": {
      "default": {
        "compiled_us": 45.42936206225791,
        "coord_descent_us": null,
        "memcopy_sol_us": 37.898464891998586,
        "total_bytes": 177930456,
        "gap_default": 1.1987124595078071,
        "gap_cd": null,
        "timestamp": "2026-05-16T18:41:32"
      }
    }
  }
}