{
  "B200": {
    "v3_full": {
      "default": {
        "compiled_us": 30.70979434730751,
        "coord_descent_us": null,
        "memcopy_sol_us": 17.18960951527572,
        "total_bytes": 48171652,
        "gap_default": 1.7865324002861696,
        "gap_cd": null,
        "timestamp": "2026-05-16T18:41:32"
      }
    }
  }
}