{
  "B200": {
    "v2_920": {
      "default": {
        "compiled_us": 77.87297279746444,
        "coord_descent_us": null,
        "memcopy_sol_us": 35.97171514311241,
        "total_bytes": 163580928,
        "gap_default": 2.1648390266532775,
        "gap_cd": null,
        "timestamp": "2026-05-16T16:59:10"
      }
    }
  }
}