{
  "B200": {
    "v3_full": {
      "default": {
        "compiled_us": 8.755439290464423,
        "coord_descent_us": null,
        "memcopy_sol_us": 13.323622129444729,
        "total_bytes": 28563536,
        "gap_default": 0.657136565822834,
        "gap_cd": null,
        "timestamp": "2026-05-16T18:41:32"
      }
    }
  }
}