{
  "B200": {
    "v2_920": {
      "default": {
        "compiled_us": 38.97000665143997,
        "coord_descent_us": null,
        "memcopy_sol_us": 19.45983534496205,
        "total_bytes": 62517256,
        "gap_default": 2.0025866591686707,
        "gap_cd": null,
        "timestamp": "2026-05-16T16:59:10"
      }
    }
  }
}