{
  "B200": {
    "v2_920": {
      "default": {
        "compiled_us": 6.1889338724935,
        "coord_descent_us": null,
        "memcopy_sol_us": 7.032788632196608,
        "total_bytes": 328,
        "gap_default": 0.880011357679672,
        "gap_cd": null,
        "timestamp": "2026-05-16T16:59:10"
      }
    }
  }
}