{
  "B200": {
    "v3_full": {
      "default": {
        "compiled_us": 10.1799837160613,
        "coord_descent_us": null,
        "memcopy_sol_us": 11.838786931880062,
        "total_bytes": 19391872,
        "gap_default": 0.8598840214488651,
        "gap_cd": null,
        "timestamp": "2026-05-16T18:41:32"
      }
    }
  }
}