{
  "B200": {
    "v2_920": {
      "default": {
        "compiled_us": 6.240827498736834,
        "coord_descent_us": null,
        "memcopy_sol_us": 6.996084654807345,
        "total_bytes": 266496,
        "gap_default": 0.892045737961227,
        "gap_cd": null,
        "timestamp": "2026-05-16T16:59:10"
      }
    }
  }
}