{
  "B200": {
    "v2_920": {
      "default": {
        "compiled_us": 10.271040713898943,
        "coord_descent_us": null,
        "memcopy_sol_us": 8.17238490881073,
        "total_bytes": 10604,
        "gap_default": 1.2567984533897356,
        "gap_cd": null,
        "timestamp": "2026-05-16T16:59:10"
      }
    }
  }
}