{
  "B200": {
    "v2_920": {
      "default": {
        "compiled_us": 6.114354778711671,
        "coord_descent_us": null,
        "memcopy_sol_us": 6.979864720561078,
        "total_bytes": 18432,
        "gap_default": 0.8759990377320904,
        "gap_cd": null,
        "timestamp": "2026-05-16T16:59:10"
      }
    }
  }
}