{
  "B200": {
    "v2_920": {
      "default": {
        "compiled_us": 29.803324970817258,
        "coord_descent_us": null,
        "memcopy_sol_us": 13.263496619658229,
        "total_bytes": 37748736,
        "gap_default": 2.2470187029448065,
        "gap_cd": null,
        "timestamp": "2026-05-16T16:59:10"
      }
    }
  }
}