{
  "B200": {
    "v2_920": {
      "default": {
        "compiled_us": 10.269149980255557,
        "coord_descent_us": null,
        "memcopy_sol_us": 7.175847039602894,
        "total_bytes": 150112,
        "gap_default": 1.431071471225764,
        "gap_cd": null,
        "timestamp": "2026-05-16T16:59:10"
      }
    }
  }
}