{
  "B200": {
    "v2_920": {
      "default": {
        "compiled_us": 44.12659225982288,
        "coord_descent_us": null,
        "memcopy_sol_us": 43.55529719574669,
        "total_bytes": 226492416,
        "gap_default": 1.0131165461116858,
        "gap_cd": null,
        "timestamp": "2026-05-16T16:59:10"
      }
    }
  }
}