{
  "B200": {
    "v3_full": {
      "default": {
        "compiled_us": 3.038110558056293,
        "coord_descent_us": null,
        "memcopy_sol_us": 11.582839269385211,
        "total_bytes": 28901376,
        "gap_default": 0.26229411350689913,
        "gap_cd": null,
        "timestamp": "2026-05-16T18:41:32"
      }
    }
  }
}