{
  "B200": {
    "v2_920": {
      "default": {
        "compiled_us": 12.308943197710969,
        "coord_descent_us": null,
        "memcopy_sol_us": 12.998122910357953,
        "total_bytes": 21571328,
        "gap_default": 0.9469785200986375,
        "gap_cd": null,
        "timestamp": "2026-05-16T16:59:10"
      }
    }
  }
}