{
  "B200": {
    "v2_920": {
      "default": {
        "compiled_us": 45.04487075855191,
        "coord_descent_us": null,
        "memcopy_sol_us": 25.610746947763772,
        "total_bytes": 100866048,
        "gap_default": 1.7588269038160578,
        "gap_cd": null,
        "timestamp": "2026-05-16T16:59:10"
      }
    }
  }
}