{
  "B200": {
    "v2_920": {
      "default": {
        "compiled_us": 132.87621667370487,
        "coord_descent_us": null,
        "memcopy_sol_us": 53.73486292715553,
        "total_bytes": 276824576,
        "gap_default": 2.4728120522766672,
        "gap_cd": null,
        "timestamp": "2026-05-16T16:59:10"
      }
    }
  }
}