{
  "B200": {
    "v2_920": {
      "default": {
        "compiled_us": 8.133774225515356,
        "coord_descent_us": null,
        "memcopy_sol_us": 25.675459800947188,
        "total_bytes": 102630912,
        "gap_default": 0.3167917649215885,
        "gap_cd": null,
        "timestamp": "2026-05-16T16:59:10"
      }
    }
  }
}