{
  "B200": {
    "v2_920": {
      "default": {
        "compiled_us": 65.55965750197016,
        "coord_descent_us": null,
        "memcopy_sol_us": 23.911598787964447,
        "total_bytes": 92280832,
        "gap_default": 2.7417513184007025,
        "gap_cd": null,
        "timestamp": "2026-05-16T16:59:10"
      }
    }
  }
}