{
  "B200": {
    "v2_920": {
      "default": {
        "compiled_us": 8.241252053985782,
        "coord_descent_us": null,
        "memcopy_sol_us": 7.163091764168021,
        "total_bytes": 7040,
        "gap_default": 1.1505160516316502,
        "gap_cd": null,
        "timestamp": "2026-05-16T16:59:10"
      }
    }
  }
}