{
  "B200": {
    "v3_full": {
      "default": {
        "compiled_us": 43.32173191442236,
        "coord_descent_us": null,
        "memcopy_sol_us": 9.435451314217529,
        "total_bytes": 7639168,
        "gap_default": 4.591378882867457,
        "gap_cd": null,
        "timestamp": "2026-05-16T18:41:32"
      }
    }
  }
}