{
  "B200": {
    "v2_920": {
      "default": {
        "compiled_us": 6.098846817798092,
        "coord_descent_us": null,
        "memcopy_sol_us": 14.75563563267818,
        "total_bytes": 46137344,
        "gap_default": 0.41332321898024116,
        "gap_cd": null,
        "timestamp": "2026-05-16T16:59:10"
      }
    }
  }
}