{
  "B200": {
    "v3_full": {
      "default": {
        "compiled_us": 12.512196889102317,
        "coord_descent_us": null,
        "memcopy_sol_us": 11.114235917324311,
        "total_bytes": 12108288,
        "gap_default": 1.1257811137155127,
        "gap_cd": null,
        "timestamp": "2026-05-16T18:41:32"
      }
    }
  }
}