{
  "B200": {
    "v2_920": {
      "default": {
        "compiled_us": 45.173738730411465,
        "coord_descent_us": null,
        "memcopy_sol_us": 664.558541941476,
        "total_bytes": 4247929024,
        "gap_default": 0.06797555953225512,
        "gap_cd": null,
        "timestamp": "2026-05-16T16:59:10"
      }
    }
  }
}