{
  "B200": {
    "v2_920": {
      "default": {
        "compiled_us": 12.244988665083387,
        "coord_descent_us": null,
        "memcopy_sol_us": 20.797179783077585,
        "total_bytes": 83886080,
        "gap_default": 0.5887812094141238,
        "gap_cd": null,
        "timestamp": "2026-05-16T16:59:10"
      }
    }
  }
}