{
  "B200": {
    "v2_920": {
      "default": {
        "compiled_us": 15.000508178628566,
        "coord_descent_us": null,
        "memcopy_sol_us": 10.964187607295777,
        "total_bytes": 9446400,
        "gap_default": 1.3681367663434494,
        "gap_cd": null,
        "timestamp": "2026-05-16T16:59:10"
      }
    }
  }
}