{
  "B200": {
    "v3_full": {
      "default": {
        "compiled_us": 14.378104347436766,
        "coord_descent_us": null,
        "memcopy_sol_us": 11.23590366195181,
        "total_bytes": 25690112,
        "gap_default": 1.2796571401840517,
        "gap_cd": null,
        "timestamp": "2026-05-16T18:41:32"
      }
    }
  }
}