{
  "B200": {
    "v2_920": {
      "default": {
        "compiled_us": 18.45299751072373,
        "coord_descent_us": null,
        "memcopy_sol_us": 7.189337851841117,
        "total_bytes": 360448,
        "gap_default": 2.5667172542180783,
        "gap_cd": null,
        "timestamp": "2026-05-16T16:59:10"
      }
    }
  }
}