{
  "B200": {
    "v3_full": {
      "default": {
        "compiled_us": 12.27360133783584,
        "coord_descent_us": null,
        "memcopy_sol_us": 17.39955860055126,
        "total_bytes": 50179076,
        "gap_default": 0.7053972815981081,
        "gap_cd": null,
        "timestamp": "2026-05-16T18:41:32"
      }
    }
  }
}