{
  "B200": {
    "v3_full": {
      "default": {
        "compiled_us": 7.802389364620048,
        "coord_descent_us": null,
        "memcopy_sol_us": 9.212076988151166,
        "total_bytes": 4306944,
        "gap_default": 0.8469739641403021,
        "gap_cd": null,
        "timestamp": "2026-05-16T18:41:32"
      }
    }
  }
}