{
  "B200": {
    "v2_920": {
      "default": {
        "compiled_us": 57.50019790850859,
        "coord_descent_us": null,
        "memcopy_sol_us": 19.205868616103487,
        "total_bytes": 57811968,
        "gap_default": 2.993886871656332,
        "gap_cd": null,
        "timestamp": "2026-05-16T16:59:10"
      }
    }
  }
}