{
  "B200": {
    "v2_920": {
      "default": {
        "compiled_us": 8.22242335587624,
        "coord_descent_us": null,
        "memcopy_sol_us": 11.358295470707363,
        "total_bytes": 27279360,
        "gap_default": 0.7239134936295305,
        "gap_cd": null,
        "timestamp": "2026-05-16T16:59:10"
      }
    }
  }
}