{
  "B200": {
    "v2_920": {
      "default": {
        "compiled_us": 188.34343025054054,
        "coord_descent_us": null,
        "memcopy_sol_us": 52.23576780231533,
        "total_bytes": 268964096,
        "gap_default": 3.605641080328722,
        "gap_cd": null,
        "timestamp": "2026-05-16T16:59:10"
      }
    }
  }
}