{
  "B200": {
    "v3_full": {
      "default": {
        "compiled_us": 12.24204913982396,
        "coord_descent_us": null,
        "memcopy_sol_us": 17.501867244427793,
        "total_bytes": 53790980,
        "gap_default": 0.6994710317964249,
        "gap_cd": null,
        "timestamp": "2026-05-16T18:41:32"
      }
    }
  }
}