{
  "B200": {
    "v2_920": {
      "default": {
        "compiled_us": 74.80640188944977,
        "coord_descent_us": null,
        "memcopy_sol_us": 22.31564958793677,
        "total_bytes": 49359296,
        "gap_default": 3.352194682689769,
        "gap_cd": null,
        "timestamp": "2026-05-16T16:59:10"
      }
    }
  }
}