{
  "B200": {
    "v3_full": {
      "default": {
        "compiled_us": 18.431848157285724,
        "coord_descent_us": null,
        "memcopy_sol_us": 11.28556021914489,
        "total_bytes": 16860160,
        "gap_default": 1.633224031361583,
        "gap_cd": null,
        "timestamp": "2026-05-16T18:41:32"
      }
    }
  }
}