{
  "B200": {
    "v3_full": {
      "default": {
        "compiled_us": 18.478260957073545,
        "coord_descent_us": null,
        "memcopy_sol_us": 21.21364151292477,
        "total_bytes": 85983232,
        "gap_default": 0.871055586840918,
        "gap_cd": null,
        "timestamp": "2026-05-16T18:41:32"
      }
    }
  }
}