{
  "B200": {
    "v2_920": {
      "default": {
        "compiled_us": 505.9997364391688,
        "coord_descent_us": null,
        "memcopy_sol_us": 287.7254315577991,
        "total_bytes": 1802560416,
        "gap_default": 1.7586201320459995,
        "gap_cd": null,
        "timestamp": "2026-05-16T16:59:10"
      }
    }
  }
}