{
  "B200": {
    "v2_920": {
      "default": {
        "compiled_us": 19.94755772914057,
        "coord_descent_us": null,
        "memcopy_sol_us": 13.060754006279426,
        "total_bytes": 38666240,
        "gap_default": 1.5272899037490535,
        "gap_cd": null,
        "timestamp": "2026-05-16T16:59:10"
      }
    }
  }
}