{
  "B200": {
    "v2_920": {
      "default": {
        "compiled_us": 84.05738877896184,
        "coord_descent_us": null,
        "memcopy_sol_us": 69.32951503446982,
        "total_bytes": 293752832,
        "gap_default": 1.2124329549567667,
        "gap_cd": null,
        "timestamp": "2026-05-16T16:59:10"
      }
    }
  }
}