{
  "B200": {
    "v2_920": {
      "default": {
        "compiled_us": 425.2054308736047,
        "coord_descent_us": null,
        "memcopy_sol_us": 25.81172897477587,
        "total_bytes": 104240648,
        "gap_default": 16.473341684670967,
        "gap_cd": null,
        "timestamp": "2026-05-16T16:59:10"
      }
    }
  }
}