{
  "B200": {
    "v2_920": {
      "default": {
        "compiled_us": 30.68104406041591,
        "coord_descent_us": null,
        "memcopy_sol_us": 23.977643867487185,
        "total_bytes": 104988672,
        "gap_default": 1.2795687612167055,
        "gap_cd": null,
        "timestamp": "2026-05-16T16:59:10"
      }
    }
  }
}