{
  "B200": {
    "v2_920": {
      "default": {
        "compiled_us": 81.79201717108324,
        "coord_descent_us": null,
        "memcopy_sol_us": 196.47453163945397,
        "total_bytes": 1208369304,
        "gap_default": 0.41629831860944677,
        "gap_cd": null,
        "timestamp": "2026-05-16T16:59:10"
      }
    }
  }
}