{
  "B200": {
    "v3_full": {
      "default": {
        "compiled_us": 1275.2595257759094,
        "coord_descent_us": null,
        "memcopy_sol_us": 881.4153354102318,
        "total_bytes": 5666108736,
        "gap_default": 1.4468315611758367,
        "gap_cd": null,
        "timestamp": "2026-05-16T18:41:32"
      }
    }
  }
}