{
  "B200": {
    "v2_920": {
      "default": {
        "compiled_us": 334.88962283932176,
        "coord_descent_us": null,
        "memcopy_sol_us": 236.96996931169852,
        "total_bytes": 1474745544,
        "gap_default": 1.4132154543127977,
        "gap_cd": null,
        "timestamp": "2026-05-16T16:59:10"
      }
    }
  }
}