{
  "B200": {
    "v2_920": {
      "default": {
        "compiled_us": 3.028226142412941,
        "coord_descent_us": null,
        "memcopy_sol_us": 6.765238587138205,
        "total_bytes": 8,
        "gap_default": 0.44761557237169447,
        "gap_cd": null,
        "timestamp": "2026-05-16T16:59:10"
      }
    }
  }
}