{
  "B200": {
    "v2_920": {
      "default": {
        "compiled_us": 50.38134386209217,
        "coord_descent_us": null,
        "memcopy_sol_us": 50.558216926923656,
        "total_bytes": 167772160,
        "gap_default": 0.9965015960691982,
        "gap_cd": null,
        "timestamp": "2026-05-16T16:59:10"
      }
    }
  }
}