{
  "B200": {
    "v2_920": {
      "default": {
        "compiled_us": 199.86368905644395,
        "coord_descent_us": null,
        "memcopy_sol_us": 598.5849094164522,
        "total_bytes": 3822813188,
        "gap_default": 0.33389363131671135,
        "gap_cd": null,
        "timestamp": "2026-05-16T16:59:10"
      }
    }
  }
}