{
  "B200": {
    "v2_920": {
      "default": {
        "compiled_us": 16.751351690818133,
        "coord_descent_us": null,
        "memcopy_sol_us": 17.428001048920052,
        "total_bytes": 50400256,
        "gap_default": 0.9611745858746177,
        "gap_cd": null,
        "timestamp": "2026-05-16T16:59:10"
      }
    }
  }
}