{
  "B200": {
    "v2_920": {
      "default": {
        "compiled_us": 36.97322376130388,
        "coord_descent_us": null,
        "memcopy_sol_us": 29.81305504500147,
        "total_bytes": 137755892,
        "gap_default": 1.2401689027003255,
        "gap_cd": null,
        "timestamp": "2026-05-16T16:59:10"
      }
    }
  }
}