{
  "B200": {
    "v3_full": {
      "default": {
        "compiled_us": 8.227778125659002,
        "coord_descent_us": null,
        "memcopy_sol_us": 7.171436454804436,
        "total_bytes": 940032,
        "gap_default": 1.1472984774405803,
        "gap_cd": null,
        "timestamp": "2026-05-16T18:41:32"
      }
    }
  }
}