{
  "B200": {
    "v2_920": {
      "default": {
        "compiled_us": 15584.189335505167,
        "coord_descent_us": null,
        "memcopy_sol_us": 704.2549343020828,
        "total_bytes": 4515171332,
        "gap_default": 22.12861930594652,
        "gap_cd": null,
        "timestamp": "2026-05-16T16:59:10"
      }
    }
  }
}