{
  "B200": {
    "v2_920": {
      "default": {
        "compiled_us": 480.81428125461565,
        "coord_descent_us": null,
        "memcopy_sol_us": 393.4321388730715,
        "total_bytes": 2488827476,
        "gap_default": 1.2221021969172052,
        "gap_cd": null,
        "timestamp": "2026-05-16T16:59:10"
      }
    }
  }
}