{
  "B200": {
    "v3_full": {
      "default": {
        "compiled_us": 193.34183126165155,
        "coord_descent_us": null,
        "memcopy_sol_us": 11.269205192530544,
        "total_bytes": 10882912,
        "gap_default": 17.15665195179891,
        "gap_cd": null,
        "timestamp": "2026-05-16T18:41:32"
      }
    }
  }
}