{
  "B200": {
    "v3_full": {
      "default": {
        "compiled_us": 16.322236705525214,
        "coord_descent_us": null,
        "memcopy_sol_us": 11.258719648252411,
        "total_bytes": 9633984,
        "gap_default": 1.4497418192714984,
        "gap_cd": null,
        "timestamp": "2026-05-16T18:41:32"
      }
    }
  }
}