{
  "B200": {
    "v3_full": {
      "default": {
        "compiled_us": 75.16567151574694,
        "coord_descent_us": null,
        "memcopy_sol_us": 37.879695187571265,
        "total_bytes": 177930752,
        "gap_default": 1.9843261975457922,
        "gap_cd": null,
        "timestamp": "2026-05-16T18:41:32"
      }
    }
  }
}