{
  "B200": {
    "v2_920": {
      "default": {
        "compiled_us": 163.88930813057047,
        "coord_descent_us": null,
        "memcopy_sol_us": 173.87089914095924,
        "total_bytes": 1075838976,
        "gap_default": 0.9425919399985585,
        "gap_cd": null,
        "timestamp": "2026-05-16T16:59:10"
      }
    }
  }
}