{
  "B200": {
    "v3_full": {
      "default": {
        "compiled_us": 10.268104816561626,
        "coord_descent_us": null,
        "memcopy_sol_us": 9.203476113142006,
        "total_bytes": 2153528,
        "gap_default": 1.1156768041044183,
        "gap_cd": null,
        "timestamp": "2026-05-16T18:41:32"
      }
    }
  }
}