{
  "B200": {
    "v2_920": {
      "default": {
        "compiled_us": 8.249475157094816,
        "coord_descent_us": null,
        "memcopy_sol_us": 7.173506290057588,
        "total_bytes": 33040,
        "gap_default": 1.1499920434346744,
        "gap_cd": null,
        "timestamp": "2026-05-16T16:59:10"
      }
    }
  }
}