{
  "B200": {
    "v2_920": {
      "default": {
        "compiled_us": 71.74681531722175,
        "coord_descent_us": null,
        "memcopy_sol_us": 60.257710063232835,
        "total_bytes": 335560704,
        "gap_default": 1.1906661444972362,
        "gap_cd": null,
        "timestamp": "2026-05-16T16:59:10"
      }
    }
  }
}