{
  "B200": {
    "v3_full": {
      "default": {
        "compiled_us": 6.217747619624241,
        "coord_descent_us": null,
        "memcopy_sol_us": 11.264610954233598,
        "total_bytes": 12544000,
        "gap_default": 0.5519718030996369,
        "gap_cd": null,
        "timestamp": "2026-05-16T18:41:32"
      }
    }
  }
}