{
  "B200": {
    "v2_920": {
      "default": {
        "compiled_us": 20.671592096900056,
        "coord_descent_us": null,
        "memcopy_sol_us": 21.194591874469726,
        "total_bytes": 88080384,
        "gap_default": 0.97532390429279,
        "gap_cd": null,
        "timestamp": "2026-05-16T16:59:10"
      }
    }
  }
}