{
  "B200": {
    "v3_full": {
      "default": {
        "compiled_us": 19.730226479890483,
        "coord_descent_us": null,
        "memcopy_sol_us": 9.63961868400337,
        "total_bytes": 9734592,
        "gap_default": 2.0467849534994724,
        "gap_cd": null,
        "timestamp": "2026-05-16T18:41:32"
      }
    }
  }
}