{
  "B200": {
    "v2_920": {
      "default": {
        "compiled_us": 102.29806444342053,
        "coord_descent_us": null,
        "memcopy_sol_us": 109.75796084076835,
        "total_bytes": 656408580,
        "gap_default": 0.9320332088879614,
        "gap_cd": null,
        "timestamp": "2026-05-16T16:59:10"
      }
    }
  }
}