{
  "B200": {
    "v2_920": {
      "default": {
        "compiled_us": 11.875204190371498,
        "coord_descent_us": null,
        "memcopy_sol_us": 13.9809579928808,
        "total_bytes": 33556480,
        "gap_default": 0.84938415496409,
        "gap_cd": null,
        "timestamp": "2026-05-16T16:59:10"
      }
    }
  }
}