{
  "B200": {
    "v2_920": {
      "default": {
        "compiled_us": 8.128855982395404,
        "coord_descent_us": null,
        "memcopy_sol_us": 13.307851818606881,
        "total_bytes": 23080960,
        "gap_default": 0.6108315671977752,
        "gap_cd": null,
        "timestamp": "2026-05-16T16:59:10"
      }
    }
  }
}