{
  "B200": {
    "v3_full": {
      "default": {
        "compiled_us": 10.271817019302205,
        "coord_descent_us": null,
        "memcopy_sol_us": 7.179172108162795,
        "total_bytes": 1609728,
        "gap_default": 1.4307801602392343,
        "gap_cd": null,
        "timestamp": "2026-05-16T18:41:32"
      }
    }
  }
}