{
  "B200": {
    "v2_920": {
      "default": {
        "compiled_us": 93.16762255526814,
        "coord_descent_us": null,
        "memcopy_sol_us": 35.58320443902345,
        "total_bytes": 176242688,
        "gap_default": 2.6183033266417377,
        "gap_cd": null,
        "timestamp": "2026-05-16T16:59:10"
      }
    }
  }
}