{
  "B200": {
    "v3_full": {
      "default": {
        "compiled_us": 12.351427660089522,
        "coord_descent_us": null,
        "memcopy_sol_us": 11.274462932222761,
        "total_bytes": 12857968,
        "gap_default": 1.0955224860235926,
        "gap_cd": null,
        "timestamp": "2026-05-16T18:41:32"
      }
    }
  }
}