{
  "B200": {
    "v2_920": {
      "default": {
        "compiled_us": 16.335465455529402,
        "coord_descent_us": null,
        "memcopy_sol_us": 17.446352883511206,
        "total_bytes": 59840512,
        "gap_default": 0.9363255211333184,
        "gap_cd": null,
        "timestamp": "2026-05-16T16:59:10"
      }
    }
  }
}