{
  "B200": {
    "v3_full": {
      "default": {
        "compiled_us": 8.164868734064278,
        "coord_descent_us": null,
        "memcopy_sol_us": 7.0571305566998435,
        "total_bytes": 860672,
        "gap_default": 1.1569672217999112,
        "gap_cd": null,
        "timestamp": "2026-05-16T18:41:32"
      }
    }
  }
}