{
  "B200": {
    "v2_920": {
      "default": {
        "compiled_us": 39.21651751820898,
        "coord_descent_us": null,
        "memcopy_sol_us": 7.013149788322578,
        "total_bytes": 1192,
        "gap_default": 5.591855115301748,
        "gap_cd": null,
        "timestamp": "2026-05-16T16:59:10"
      }
    }
  }
}