{
  "B200": {
    "v3_full": {
      "default": {
        "compiled_us": 474.04609886250756,
        "coord_descent_us": null,
        "memcopy_sol_us": 109.4434806797451,
        "total_bytes": 637554184,
        "gap_default": 4.3314238172821575,
        "gap_cd": null,
        "timestamp": "2026-05-16T18:41:32"
      }
    }
  }
}