{
  "B200": {
    "v2_920": {
      "default": {
        "compiled_us": 18.46377974833379,
        "coord_descent_us": null,
        "memcopy_sol_us": 11.802913532642947,
        "total_bytes": 19925504,
        "gap_default": 1.564340846628173,
        "gap_cd": null,
        "timestamp": "2026-05-16T16:59:10"
      }
    }
  }
}