{
  "B200": {
    "v3_full": {
      "default": {
        "compiled_us": 6.207802843620286,
        "coord_descent_us": null,
        "memcopy_sol_us": 135.2651437326872,
        "total_bytes": 822247428,
        "gap_default": 0.04589358849082532,
        "gap_cd": null,
        "timestamp": "2026-05-16T18:41:32"
      }
    }
  }
}