{
  "B200": {
    "v2_920": {
      "default": {
        "compiled_us": 37.92939558219037,
        "coord_descent_us": null,
        "memcopy_sol_us": 7.183285645386739,
        "total_bytes": 1048,
        "gap_default": 5.280229334406246,
        "gap_cd": null,
        "timestamp": "2026-05-16T16:59:10"
      }
    }
  }
}