{
  "B200": {
    "v2_920": {
      "default": {
        "compiled_us": 61.42805301155267,
        "coord_descent_us": null,
        "memcopy_sol_us": 752.7163935744244,
        "total_bytes": 4831911936,
        "gap_default": 0.08160849628882037,
        "gap_cd": null,
        "timestamp": "2026-05-16T16:59:10"
      }
    }
  }
}