{
  "B200": {
    "v2_920": {
      "default": {
        "compiled_us": 14.216443899804334,
        "coord_descent_us": null,
        "memcopy_sol_us": 13.442978161101383,
        "total_bytes": 37748736,
        "gap_default": 1.0575367845899692,
        "gap_cd": null,
        "timestamp": "2026-05-16T16:59:10"
      }
    }
  }
}