{
  "B200": {
    "v2_920": {
      "default": {
        "compiled_us": 28.63218473300515,
        "coord_descent_us": null,
        "memcopy_sol_us": 15.367735355621813,
        "total_bytes": 37750360,
        "gap_default": 1.8631362442437525,
        "gap_cd": null,
        "timestamp": "2026-05-16T16:59:10"
      }
    }
  }
}