{
  "B200": {
    "v2_920": {
      "default": {
        "compiled_us": 64.61223882854414,
        "coord_descent_us": null,
        "memcopy_sol_us": 15.632086458401407,
        "total_bytes": 45741760,
        "gap_default": 4.133308691740156,
        "gap_cd": null,
        "timestamp": "2026-05-16T16:59:10"
      }
    }
  }
}