{
  "B200": {
    "v3_full": {
      "default": {
        "compiled_us": 10.27351792376393,
        "coord_descent_us": null,
        "memcopy_sol_us": 9.210586657334344,
        "total_bytes": 2415008,
        "gap_default": 1.115403210020632,
        "gap_cd": null,
        "timestamp": "2026-05-16T18:41:32"
      }
    }
  }
}