{
  "B200": {
    "v2_920": {
      "default": {
        "compiled_us": 8.124758834582064,
        "coord_descent_us": null,
        "memcopy_sol_us": 93.20496581017207,
        "total_bytes": 537430016,
        "gap_default": 0.08717087940496145,
        "gap_cd": null,
        "timestamp": "2026-05-16T16:59:10"
      }
    }
  }
}