{
  "B200": {
    "v3_full": {
      "default": {
        "compiled_us": 12.24039899017316,
        "coord_descent_us": null,
        "memcopy_sol_us": 11.07961174179574,
        "total_bytes": 10577920,
        "gap_default": 1.104767863299629,
        "gap_cd": null,
        "timestamp": "2026-05-16T18:41:32"
      }
    }
  }
}