{
  "B200": {
    "v2_920": {
      "default": {
        "compiled_us": 36.84785474462672,
        "coord_descent_us": null,
        "memcopy_sol_us": 19.531057843957992,
        "total_bytes": 65649956,
        "gap_default": 1.8866287243128383,
        "gap_cd": null,
        "timestamp": "2026-05-16T16:59:10"
      }
    }
  }
}