{
  "B200": {
    "v2_920": {
      "default": {
        "compiled_us": 8.222976417049576,
        "coord_descent_us": null,
        "memcopy_sol_us": 9.712975720297084,
        "total_bytes": 5116928,
        "gap_default": 0.8465970320368582,
        "gap_cd": null,
        "timestamp": "2026-05-16T16:59:10"
      }
    }
  }
}