{
  "B200": {
    "v2_920": {
      "default": {
        "compiled_us": 725.9127675801859,
        "coord_descent_us": null,
        "memcopy_sol_us": 144.4525801577512,
        "total_bytes": 870129900,
        "gap_default": 5.025266885419727,
        "gap_cd": null,
        "timestamp": "2026-05-16T16:59:10"
      }
    }
  }
}