{
  "B200": {
    "v2_920": {
      "default": {
        "compiled_us": 12.235477392623823,
        "coord_descent_us": null,
        "memcopy_sol_us": 29.56112621758698,
        "total_bytes": 138452992,
        "gap_default": 0.41390430467918016,
        "gap_cd": null,
        "timestamp": "2026-05-16T16:59:10"
      }
    }
  }
}