{
  "B200": {
    "v2_920": {
      "default": {
        "compiled_us": 32.626400907601656,
        "coord_descent_us": null,
        "memcopy_sol_us": 23.783535001752274,
        "total_bytes": 100666368,
        "gap_default": 1.3718062056459595,
        "gap_cd": null,
        "timestamp": "2026-05-16T16:59:10"
      }
    }
  }
}