{
  "B200": {
    "v2_920": {
      "default": {
        "compiled_us": 32.719794070228524,
        "coord_descent_us": null,
        "memcopy_sol_us": 27.54035077787671,
        "total_bytes": 109529088,
        "gap_default": 1.188067440902477,
        "gap_cd": null,
        "timestamp": "2026-05-16T16:59:10"
      }
    }
  }
}