{
  "B200": {
    "v2_920": {
      "default": {
        "compiled_us": 27.191473929500255,
        "coord_descent_us": null,
        "memcopy_sol_us": 80.77065505915218,
        "total_bytes": 469827584,
        "gap_default": 0.3366504073736514,
        "gap_cd": null,
        "timestamp": "2026-05-16T16:59:10"
      }
    }
  }
}