{
  "B200": {
    "v2_920": {
      "default": {
        "compiled_us": 12.236824049595658,
        "coord_descent_us": null,
        "memcopy_sol_us": 11.267911852177456,
        "total_bytes": 15080960,
        "gap_default": 1.085988620618377,
        "gap_cd": null,
        "timestamp": "2026-05-16T16:59:10"
      }
    }
  }
}