{
  "B200": {
    "v2_920": {
      "default": {
        "compiled_us": 233.0832296699571,
        "coord_descent_us": null,
        "memcopy_sol_us": 95.25231480074581,
        "total_bytes": 554173444,
        "gap_default": 2.4470085599235443,
        "gap_cd": null,
        "timestamp": "2026-05-16T16:59:10"
      }
    }
  }
}