{
  "B200": {
    "v3_full": {
      "default": {
        "compiled_us": 10.49621266601124,
        "coord_descent_us": null,
        "memcopy_sol_us": 17.40981273669647,
        "total_bytes": 49778820,
        "gap_default": 0.602890612596153,
        "gap_cd": null,
        "timestamp": "2026-05-16T18:41:32"
      }
    }
  }
}