{
  "B200": {
    "v3_full": {
      "default": {
        "compiled_us": 60.811746999583086,
        "coord_descent_us": null,
        "memcopy_sol_us": 37.88791868669126,
        "total_bytes": 178258432,
        "gap_default": 1.60504321977824,
        "gap_cd": null,
        "timestamp": "2026-05-16T18:41:32"
      }
    }
  }
}