{
  "B200": {
    "v3_full": {
      "default": {
        "compiled_us": 10.261792274876715,
        "coord_descent_us": null,
        "memcopy_sol_us": 17.28812157172839,
        "total_bytes": 48876036,
        "gap_default": 0.5935747404540485,
        "gap_cd": null,
        "timestamp": "2026-05-16T18:41:32"
      }
    }
  }
}