{
  "B200": {
    "v3_full": {
      "default": {
        "compiled_us": 20.543950644037146,
        "coord_descent_us": null,
        "memcopy_sol_us": 13.863235364427442,
        "total_bytes": 32554888,
        "gap_default": 1.481901598291563,
        "gap_cd": null,
        "timestamp": "2026-05-16T18:41:32"
      }
    }
  }
}