{
  "B200": {
    "v2_920": {
      "default": {
        "compiled_us": 528.6287840275344,
        "coord_descent_us": null,
        "memcopy_sol_us": 310.9229960862328,
        "total_bytes": 1712592900,
        "gap_default": 1.7001919789841538,
        "gap_cd": null,
        "timestamp": "2026-05-16T16:59:10"
      }
    }
  }
}