{
  "B200": {
    "v2_920": {
      "default": {
        "compiled_us": 86.43809977288939,
        "coord_descent_us": null,
        "memcopy_sol_us": 33.79601793073581,
        "total_bytes": 151138304,
        "gap_default": 2.5576415526244056,
        "gap_cd": null,
        "timestamp": "2026-05-16T16:59:10"
      }
    }
  }
}