{
  "B200": {
    "v2_920": {
      "default": {
        "compiled_us": 28.72136192569173,
        "coord_descent_us": null,
        "memcopy_sol_us": 27.65297641125975,
        "total_bytes": 111709184,
        "gap_default": 1.038635461823088,
        "gap_cd": null,
        "timestamp": "2026-05-16T16:59:10"
      }
    }
  }
}