{
  "B200": {
    "v3_full": {
      "default": {
        "compiled_us": 8.215399780612199,
        "coord_descent_us": null,
        "memcopy_sol_us": 7.123392106849084,
        "total_bytes": 1205968,
        "gap_default": 1.153298829740561,
        "gap_cd": null,
        "timestamp": "2026-05-16T18:41:32"
      }
    }
  }
}