{
  "B200": {
    "v2_920": {
      "default": {
        "compiled_us": 55.967375150193334,
        "coord_descent_us": null,
        "memcopy_sol_us": 58.64405375328802,
        "total_bytes": 327548928,
        "gap_default": 0.9543572036415608,
        "gap_cd": null,
        "timestamp": "2026-05-16T16:59:10"
      }
    }
  }
}