{
  "B200": {
    "v2_920": {
      "default": {
        "compiled_us": 24.881321111105645,
        "coord_descent_us": null,
        "memcopy_sol_us": 21.508402201099756,
        "total_bytes": 75501568,
        "gap_default": 1.156818664560468,
        "gap_cd": null,
        "timestamp": "2026-05-16T16:59:10"
      }
    }
  }
}