{
  "B200": {
    "v2_920": {
      "default": {
        "compiled_us": 531.4222485169597,
        "coord_descent_us": null,
        "memcopy_sol_us": 393.2068686244826,
        "total_bytes": 2488828072,
        "gap_default": 1.3515080506502406,
        "gap_cd": null,
        "timestamp": "2026-05-16T16:59:10"
      }
    }
  }
}