{
  "B200": {
    "v2_920": {
      "default": {
        "compiled_us": 30.89282063135762,
        "coord_descent_us": null,
        "memcopy_sol_us": 25.708134825823898,
        "total_bytes": 100666368,
        "gap_default": 1.2016749110995673,
        "gap_cd": null,
        "timestamp": "2026-05-16T16:59:10"
      }
    }
  }
}