{
  "B200": {
    "v2_920": {
      "default": {
        "compiled_us": 122.44641736173939,
        "coord_descent_us": null,
        "memcopy_sol_us": 132.2951427595472,
        "total_bytes": 805306368,
        "gap_default": 0.9255548979926774,
        "gap_cd": null,
        "timestamp": "2026-05-16T16:59:10"
      }
    }
  }
}