{
  "B200": {
    "v3_full": {
      "default": {
        "compiled_us": 777.0230770111084,
        "coord_descent_us": null,
        "memcopy_sol_us": 402.19266702840616,
        "total_bytes": 2545162960,
        "gap_default": 1.931967290085447,
        "gap_cd": null,
        "timestamp": "2026-05-16T18:41:32"
      }
    }
  }
}