{
  "B200": {
    "v2_920": {
      "default": {
        "compiled_us": 8.136954998751998,
        "coord_descent_us": null,
        "memcopy_sol_us": 93.51949446313205,
        "total_bytes": 543164416,
        "gap_default": 0.08700811574596148,
        "gap_cd": null,
        "timestamp": "2026-05-16T16:59:10"
      }
    }
  }
}