{
  "B200": {
    "v3_full": {
      "default": {
        "compiled_us": 12.293214426353687,
        "coord_descent_us": null,
        "memcopy_sol_us": 15.360802744450007,
        "total_bytes": 38041092,
        "gap_default": 0.8002976557195446,
        "gap_cd": null,
        "timestamp": "2026-05-16T18:41:32"
      }
    }
  }
}