{
  "B200": {
    "v2_920": {
      "default": {
        "compiled_us": 458.4317626501259,
        "coord_descent_us": null,
        "memcopy_sol_us": 297.7024535834789,
        "total_bytes": 1867022376,
        "gap_default": 1.5398991749376925,
        "gap_cd": null,
        "timestamp": "2026-05-16T16:59:10"
      }
    }
  }
}