{
  "B200": {
    "v3_full": {
      "default": {
        "compiled_us": 12.339057429567164,
        "coord_descent_us": null,
        "memcopy_sol_us": 13.841828969243455,
        "total_bytes": 25740288,
        "gap_default": 0.8914325886401683,
        "gap_cd": null,
        "timestamp": "2026-05-16T18:41:32"
      }
    }
  }
}