{
  "B200": {
    "v2_920": {
      "default": {
        "compiled_us": 71.66992449004886,
        "coord_descent_us": null,
        "memcopy_sol_us": 70.61947857327029,
        "total_bytes": 402653184,
        "gap_default": 1.014874733402183,
        "gap_cd": null,
        "timestamp": "2026-05-16T16:59:10"
      }
    }
  }
}