{
  "B200": {
    "v2_920": {
      "default": {
        "compiled_us": 255.95790546919616,
        "coord_descent_us": null,
        "memcopy_sol_us": 27.648500564889293,
        "total_bytes": 113645568,
        "gap_default": 9.257569135385083,
        "gap_cd": null,
        "timestamp": "2026-05-16T16:59:10"
      }
    }
  }
}