{
  "B200": {
    "v2_920": {
      "default": {
        "compiled_us": 32.101204117563746,
        "coord_descent_us": null,
        "memcopy_sol_us": 687.392344293387,
        "total_bytes": 4405198852,
        "gap_default": 0.04669997328899924,
        "gap_cd": null,
        "timestamp": "2026-05-16T16:59:10"
      }
    }
  }
}