{
  "B200": {
    "v2_920": {
      "default": {
        "compiled_us": 10.193821984433042,
        "coord_descent_us": null,
        "memcopy_sol_us": 7.008273252556626,
        "total_bytes": 249648,
        "gap_default": 1.4545411711386,
        "gap_cd": null,
        "timestamp": "2026-05-16T16:59:10"
      }
    }
  }
}