{
  "B200": {
    "v2_920": {
      "default": {
        "compiled_us": 12.716390724513525,
        "coord_descent_us": null,
        "memcopy_sol_us": 90.19834261315273,
        "total_bytes": 529178624,
        "gap_default": 0.14098253200784666,
        "gap_cd": null,
        "timestamp": "2026-05-16T16:59:10"
      }
    }
  }
}