{
  "B200": {
    "v2_920": {
      "default": {
        "compiled_us": 74.12725569207784,
        "coord_descent_us": null,
        "memcopy_sol_us": 54.869141270390614,
        "total_bytes": 302006272,
        "gap_default": 1.3509826101849274,
        "gap_cd": null,
        "timestamp": "2026-05-16T16:59:10"
      }
    }
  }
}