{
  "B200": {
    "v3_full": {
      "default": {
        "compiled_us": 8.129271647710329,
        "coord_descent_us": null,
        "memcopy_sol_us": 9.386314027211514,
        "total_bytes": 5779456,
        "gap_default": 0.866077101633619,
        "gap_cd": null,
        "timestamp": "2026-05-16T18:41:32"
      }
    }
  }
}