{
  "B200": {
    "v2_920": {
      "default": {
        "compiled_us": 518.276439739926,
        "coord_descent_us": null,
        "memcopy_sol_us": 357.33719457556884,
        "total_bytes": 2253201344,
        "gap_default": 1.4503848119015836,
        "gap_cd": null,
        "timestamp": "2026-05-16T16:59:10"
      }
    }
  }
}