{
  "B200": {
    "v2_920": {
      "default": {
        "compiled_us": 45.097458565777,
        "coord_descent_us": null,
        "memcopy_sol_us": 25.62010456800909,
        "total_bytes": 100794472,
        "gap_default": 1.7602370999722066,
        "gap_cd": null,
        "timestamp": "2026-05-16T16:59:10"
      }
    }
  }
}