{
  "B200": {
    "v2_920": {
      "default": {
        "compiled_us": 90.16049715748714,
        "coord_descent_us": null,
        "memcopy_sol_us": 44.87271704058084,
        "total_bytes": 225686816,
        "gap_default": 2.009249787035407,
        "gap_cd": null,
        "timestamp": "2026-05-16T16:59:10"
      }
    }
  }
}