{
  "B200": {
    "v2_920": {
      "default": {
        "compiled_us": 228.1079004221781,
        "coord_descent_us": null,
        "memcopy_sol_us": 31.848860549663254,
        "total_bytes": 142607872,
        "gap_default": 7.162199729766782,
        "gap_cd": null,
        "timestamp": "2026-05-16T16:59:10"
      }
    }
  }
}