{
  "sum_sum_sum_94e3624cdd05": {
    "compile_us": 92.1342649962753
  },
  "sum_sum_sum_da376d09d2cb": {
    "compile_us": 36.70074511319399
  },
  "sum_031c8d6c51f7": {
    "compile_us": 51.329879788681865
  },
  "sum_sum_sum_81b1543349e5": {
    "compile_us": 35.36503470968455
  },
  "sum_sum_3d76bb8bc6b6": {
    "compile_us": 49.26329478621483
  },
  "sum_sum_9a2392d9eb48": {
    "compile_us": 86.0738952178508
  },
  "sum_sum_sum_3814c418da03": {
    "compile_us": 36.20720992330462
  },
  "sum_sum_sum_1b02daac4062": {
    "compile_us": 35.644524614326656
  },
  "sum_sum_sum_d8e421a07bf7": {
    "compile_us": 39.316415204666555
  },
  "sum_sum_sum_c0e210b86b78": {
    "compile_us": 77.63061497826129
  }
}