{
  "B200": {
    "v2_920": {
      "default": {
        "compiled_us": 10.175240799676734,
        "coord_descent_us": null,
        "memcopy_sol_us": 9.240219083767483,
        "total_bytes": 3864576,
        "gap_default": 1.1011904271351993,
        "gap_cd": null,
        "timestamp": "2026-05-16T16:59:10"
      }
    }
  }
}