{
  "B200": {
    "v2_920": {
      "default": {
        "compiled_us": 49.82815834354031,
        "coord_descent_us": null,
        "memcopy_sol_us": 271.3290784805099,
        "total_bytes": 1693990912,
        "gap_default": 0.1836447410008049,
        "gap_cd": null,
        "timestamp": "2026-05-16T16:59:10"
      }
    }
  }
}