{
  "B200": {
    "v3_full": {
      "default": {
        "compiled_us": 10.266481571146272,
        "coord_descent_us": null,
        "memcopy_sol_us": 11.266591554702243,
        "total_bytes": 12057600,
        "gap_default": 0.9112322499044919,
        "gap_cd": null,
        "timestamp": "2026-05-16T18:41:32"
      }
    }
  }
}