{
  "B200": {
    "v2_920": {
      "default": {
        "compiled_us": 6.183628784735144,
        "coord_descent_us": null,
        "memcopy_sol_us": 7.175918768968452,
        "total_bytes": 135296,
        "gap_default": 0.8617194513789137,
        "gap_cd": null,
        "timestamp": "2026-05-16T16:59:10"
      }
    }
  }
}