{
  "B200": {
    "v3_full": {
      "default": {
        "compiled_us": 14.12865796954608,
        "coord_descent_us": null,
        "memcopy_sol_us": 11.389680912389474,
        "total_bytes": 27918336,
        "gap_default": 1.2404788227365702,
        "gap_cd": null,
        "timestamp": "2026-05-16T18:41:32"
      }
    }
  }
}