{
  "B200": {
    "v3_full": {
      "default": {
        "compiled_us": 27.766356267693833,
        "coord_descent_us": null,
        "memcopy_sol_us": 11.223646590470414,
        "total_bytes": 25690112,
        "gap_default": 2.4739157673825214,
        "gap_cd": null,
        "timestamp": "2026-05-16T18:41:32"
      }
    }
  }
}