{
  "B200": {
    "v3_full": {
      "default": {
        "compiled_us": 172.59609568983254,
        "coord_descent_us": null,
        "memcopy_sol_us": 11.270323421824093,
        "total_bytes": 12620032,
        "gap_default": 15.314209648643605,
        "gap_cd": null,
        "timestamp": "2026-05-16T18:41:32"
      }
    }
  }
}