{
  "B200": {
    "v2_920": {
      "default": {
        "compiled_us": 8.130280653245707,
        "coord_descent_us": null,
        "memcopy_sol_us": 10.239186476920265,
        "total_bytes": 8325120,
        "gap_default": 0.7940358027048187,
        "gap_cd": null,
        "timestamp": "2026-05-16T16:59:10"
      }
    }
  }
}