{
  "B200": {
    "v3_full": {
      "default": {
        "compiled_us": 205.96402454361484,
        "coord_descent_us": null,
        "memcopy_sol_us": 133.27877578943816,
        "total_bytes": 796618048,
        "gap_default": 1.545362517952665,
        "gap_cd": null,
        "timestamp": "2026-05-16T18:41:32"
      }
    }
  }
}