{
  "B200": {
    "v2_920": {
      "default": {
        "compiled_us": 10.277908678515487,
        "coord_descent_us": null,
        "memcopy_sol_us": 7.19374200763364,
        "total_bytes": 17380,
        "gap_default": 1.4287291186713513,
        "gap_cd": null,
        "timestamp": "2026-05-16T16:59:10"
      }
    }
  }
}