{
  "B200": {
    "v2_920": {
      "default": {
        "compiled_us": 8.21162210250875,
        "coord_descent_us": null,
        "memcopy_sol_us": 7.176533322364759,
        "total_bytes": 1512960,
        "gap_default": 1.1442324216510313,
        "gap_cd": null,
        "timestamp": "2026-05-16T16:59:10"
      }
    }
  }
}