{
  "B200": {
    "v2_920": {
      "default": {
        "compiled_us": 22.4779785139485,
        "coord_descent_us": null,
        "memcopy_sol_us": 15.305395705744308,
        "total_bytes": 35462912,
        "gap_default": 1.4686309943304654,
        "gap_cd": null,
        "timestamp": "2026-05-16T16:59:10"
      }
    }
  }
}