{
  "B200": {
    "v2_920": {
      "default": {
        "compiled_us": 12.49687013967669,
        "coord_descent_us": null,
        "memcopy_sol_us": 103.4044668335339,
        "total_bytes": 599155328,
        "gap_default": 0.12085425825747766,
        "gap_cd": null,
        "timestamp": "2026-05-16T16:59:10"
      }
    }
  }
}