{
  "B200": {
    "v2_920": {
      "default": {
        "compiled_us": 271.95739947271124,
        "coord_descent_us": null,
        "memcopy_sol_us": 246.75524741285108,
        "total_bytes": 1531537480,
        "gap_default": 1.1021342091975614,
        "gap_cd": null,
        "timestamp": "2026-05-16T16:59:10"
      }
    }
  }
}