{
  "B200": {
    "v3_full": {
      "default": {
        "compiled_us": 79.66755609511613,
        "coord_descent_us": null,
        "memcopy_sol_us": 76.75086860039109,
        "total_bytes": 428584960,
        "gap_default": 1.038002012849014,
        "gap_cd": null,
        "timestamp": "2026-05-16T18:41:32"
      }
    }
  }
}