{
  "B200": {
    "v2_920": {
      "default": {
        "compiled_us": 778.1432067415842,
        "coord_descent_us": null,
        "memcopy_sol_us": 170.75381073469003,
        "total_bytes": 1036833216,
        "gap_default": 4.557105949164613,
        "gap_cd": null,
        "timestamp": "2026-05-16T16:59:10"
      }
    }
  }
}