{
  "B200": {
    "v2_920": {
      "default": {
        "compiled_us": 18.48365351878162,
        "coord_descent_us": null,
        "memcopy_sol_us": 15.78370381392993,
        "total_bytes": 44641920,
        "gap_default": 1.1710593240142306,
        "gap_cd": null,
        "timestamp": "2026-05-16T16:59:10"
      }
    }
  }
}