{
  "B200": {
    "v3_full": {
      "default": {
        "compiled_us": 83.99927264260313,
        "coord_descent_us": null,
        "memcopy_sol_us": 96.56622513404187,
        "total_bytes": 570425344,
        "gap_default": 0.8698618230753581,
        "gap_cd": null,
        "timestamp": "2026-05-16T18:41:32"
      }
    }
  }
}