{
  "B200": {
    "v3_full": {
      "default": {
        "compiled_us": 26.646557042466604,
        "coord_descent_us": null,
        "memcopy_sol_us": 15.428799154845297,
        "total_bytes": 41728512,
        "gap_default": 1.7270661686005846,
        "gap_cd": null,
        "timestamp": "2026-05-16T18:41:32"
      }
    }
  }
}