{
  "B200": {
    "v3_full": {
      "default": {
        "compiled_us": 25.25663497200068,
        "coord_descent_us": null,
        "memcopy_sol_us": 15.39961189543768,
        "total_bytes": 41728512,
        "gap_default": 1.6400825646445845,
        "gap_cd": null,
        "timestamp": "2026-05-16T18:41:32"
      }
    }
  }
}