{
  "B200": {
    "v2_920": {
      "default": {
        "compiled_us": 14.284852641341214,
        "coord_descent_us": null,
        "memcopy_sol_us": 12.918522169364522,
        "total_bytes": 21496480,
        "gap_default": 1.1057652302688972,
        "gap_cd": null,
        "timestamp": "2026-05-16T16:59:10"
      }
    }
  }
}