{
  "B200": {
    "v2_920": {
      "default": {
        "compiled_us": 18.18913982986036,
        "coord_descent_us": null,
        "memcopy_sol_us": 328.16052328653217,
        "total_bytes": 2077229056,
        "gap_default": 0.05542756833666607,
        "gap_cd": null,
        "timestamp": "2026-05-16T16:59:10"
      }
    }
  }
}