{
  "B200": {
    "v2_920": {
      "default": {
        "compiled_us": 34.76710902914101,
        "coord_descent_us": null,
        "memcopy_sol_us": 15.371652910819238,
        "total_bytes": 39846400,
        "gap_default": 2.2617677637432476,
        "gap_cd": null,
        "timestamp": "2026-05-16T16:59:10"
      }
    }
  }
}