{
  "B200": {
    "v2_920": {
      "default": {
        "compiled_us": 1596.724624476157,
        "coord_descent_us": null,
        "memcopy_sol_us": 781.3967182988026,
        "total_bytes": 5010414828,
        "gap_default": 2.043423765526459,
        "gap_cd": null,
        "timestamp": "2026-05-16T16:59:10"
      }
    }
  }
}