{
  "B200": {
    "v3_full": {
      "default": {
        "compiled_us": 7.140504672909383,
        "coord_descent_us": null,
        "memcopy_sol_us": 37.27711983969972,
        "total_bytes": 176151560,
        "gap_default": 0.19155194134137007,
        "gap_cd": null,
        "timestamp": "2026-05-16T18:41:32"
      }
    }
  }
}