{
  "B200": {
    "v3_full": {
      "default": {
        "compiled_us": 16728.02300886674,
        "coord_descent_us": null,
        "memcopy_sol_us": 1423.9790641209659,
        "total_bytes": 9184090116,
        "gap_default": 11.747379881032934,
        "gap_cd": null,
        "timestamp": "2026-05-16T18:41:32"
      }
    }
  }
}