{
  "B200": {
    "v2_920": {
      "default": {
        "compiled_us": 8.223874999648052,
        "coord_descent_us": null,
        "memcopy_sol_us": 7.183279750651618,
        "total_bytes": 790528,
        "gap_default": 1.144863528237507,
        "gap_cd": null,
        "timestamp": "2026-05-16T16:59:10"
      }
    }
  }
}