{
  "B200": {
    "v3_full": {
      "default": {
        "compiled_us": 16.607953927300706,
        "coord_descent_us": null,
        "memcopy_sol_us": 15.378426633659432,
        "total_bytes": 38735104,
        "gap_default": 1.0799514360558937,
        "gap_cd": null,
        "timestamp": "2026-05-16T18:41:32"
      }
    }
  }
}