{
  "B200": {
    "v2_920": {
      "default": {
        "compiled_us": 24.625166995606968,
        "coord_descent_us": null,
        "memcopy_sol_us": 10.2120403814428,
        "total_bytes": 6326272,
        "gap_default": 2.4113855875810613,
        "gap_cd": null,
        "timestamp": "2026-05-16T16:59:10"
      }
    }
  }
}