{
  "B200": {
    "v3_full": {
      "default": {
        "compiled_us": 6.2123893303812014,
        "coord_descent_us": null,
        "memcopy_sol_us": 30.42566414912819,
        "total_bytes": 135131648,
        "gap_default": 0.2041825381339855,
        "gap_cd": null,
        "timestamp": "2026-05-16T18:41:32"
      }
    }
  }
}