{
  "B200": {
    "v2_920": {
      "default": {
        "compiled_us": 8.202032053094127,
        "coord_descent_us": null,
        "memcopy_sol_us": 11.359385155174522,
        "total_bytes": 28311552,
        "gap_default": 0.7220489437632872,
        "gap_cd": null,
        "timestamp": "2026-05-16T16:59:10"
      }
    }
  }
}