{
  "B200": {
    "v2_920": {
      "default": {
        "compiled_us": 37.427941328517086,
        "coord_descent_us": null,
        "memcopy_sol_us": 39.37335407489196,
        "total_bytes": 201326592,
        "gap_default": 0.9505906267808807,
        "gap_cd": null,
        "timestamp": "2026-05-16T16:59:10"
      }
    }
  }
}