{
  "B200": {
    "v2_920": {
      "default": {
        "compiled_us": 87.60562228240273,
        "coord_descent_us": null,
        "memcopy_sol_us": 35.95870548382196,
        "total_bytes": 163655680,
        "gap_default": 2.436284095983851,
        "gap_cd": null,
        "timestamp": "2026-05-16T16:59:10"
      }
    }
  }
}