{
  "B200": {
    "v2_920": {
      "default": {
        "compiled_us": 17.29868620485635,
        "coord_descent_us": null,
        "memcopy_sol_us": 11.240125778514571,
        "total_bytes": 25231360,
        "gap_default": 1.5390117998432613,
        "gap_cd": null,
        "timestamp": "2026-05-16T16:59:10"
      }
    }
  }
}