{
  "B200": {
    "v2_920": {
      "default": {
        "compiled_us": 14.308171652240945,
        "coord_descent_us": null,
        "memcopy_sol_us": 17.409817701208073,
        "total_bytes": 50403328,
        "gap_default": 0.8218450013550743,
        "gap_cd": null,
        "timestamp": "2026-05-16T16:59:10"
      }
    }
  }
}