{
  "B200": {
    "v2_920": {
      "default": {
        "compiled_us": 32.06573290699609,
        "coord_descent_us": null,
        "memcopy_sol_us": 31.470588276081216,
        "total_bytes": 150994944,
        "gap_default": 1.0189111377802622,
        "gap_cd": null,
        "timestamp": "2026-05-16T16:59:10"
      }
    }
  }
}