{
  "B200": {
    "v3_full": {
      "default": {
        "compiled_us": 32.72605938219668,
        "coord_descent_us": null,
        "memcopy_sol_us": 17.166791096378386,
        "total_bytes": 51380356,
        "gap_default": 1.9063585732746975,
        "gap_cd": null,
        "timestamp": "2026-05-16T18:41:32"
      }
    }
  }
}