{
  "B200": {
    "v2_920": {
      "default": {
        "compiled_us": 49.21754638394366,
        "coord_descent_us": null,
        "memcopy_sol_us": 39.55892991291201,
        "total_bytes": 201326592,
        "gap_default": 1.244157677983071,
        "gap_cd": null,
        "timestamp": "2026-05-16T16:59:10"
      }
    }
  }
}