{
  "B200": {
    "v3_full": {
      "default": {
        "compiled_us": 13.572068829318106,
        "coord_descent_us": null,
        "memcopy_sol_us": 7.14145698099716,
        "total_bytes": 1004484,
        "gap_default": 1.9004621697550352,
        "gap_cd": null,
        "timestamp": "2026-05-16T18:41:32"
      }
    }
  }
}