{
  "B200": {
    "v2_920": {
      "default": {
        "compiled_us": 70.04713291356929,
        "coord_descent_us": null,
        "memcopy_sol_us": 32.16288428927176,
        "total_bytes": 142651392,
        "gap_default": 2.1778871659509154,
        "gap_cd": null,
        "timestamp": "2026-05-16T16:59:10"
      }
    }
  }
}