{
  "B200": {
    "v2_920": {
      "default": {
        "compiled_us": 14.663847733533046,
        "coord_descent_us": null,
        "memcopy_sol_us": 14.989505763536782,
        "total_bytes": 50331648,
        "gap_default": 0.9782742649997223,
        "gap_cd": null,
        "timestamp": "2026-05-16T16:59:10"
      }
    }
  }
}