{
  "B200": {
    "v3_full": {
      "default": {
        "compiled_us": 97.08297874643183,
        "coord_descent_us": null,
        "memcopy_sol_us": 29.68791204383663,
        "total_bytes": 125005440,
        "gap_default": 3.2701181074331154,
        "gap_cd": null,
        "timestamp": "2026-05-16T18:41:32"
      }
    }
  }
}