{
  "B200": {
    "v2_920": {
      "default": {
        "compiled_us": 50.011493116958974,
        "coord_descent_us": null,
        "memcopy_sol_us": 41.9698392484154,
        "total_bytes": 201338880,
        "gap_default": 1.1916055437083237,
        "gap_cd": null,
        "timestamp": "2026-05-16T16:59:10"
      }
    }
  }
}