{
  "B200": {
    "v2_920": {
      "default": {
        "compiled_us": 71.73170788245996,
        "coord_descent_us": null,
        "memcopy_sol_us": 132.30778164881514,
        "total_bytes": 805306368,
        "gap_default": 0.542157891157586,
        "gap_cd": null,
        "timestamp": "2026-05-16T16:59:10"
      }
    }
  }
}