{
  "B200": {
    "v3_full": {
      "default": {
        "compiled_us": 18.45380293248107,
        "coord_descent_us": null,
        "memcopy_sol_us": 56.294050425766265,
        "total_bytes": 295740184,
        "gap_default": 0.32781089285475556,
        "gap_cd": null,
        "timestamp": "2026-05-16T18:41:32"
      }
    }
  }
}