{
  "B200": {
    "v2_920": {
      "default": {
        "compiled_us": 19.63974341839757,
        "coord_descent_us": null,
        "memcopy_sol_us": 8.30430654935194,
        "total_bytes": 6324224,
        "gap_default": 2.365007036009555,
        "gap_cd": null,
        "timestamp": "2026-05-16T16:59:10"
      }
    }
  }
}