{
  "amax_sum_00b8bc42acc6": {
    "compiled_us": 187.77942174823028,
    "sol_us": 46.01046958087403,
    "gap": 4.081232455542853,
    "bytes": 226493000
  },
  "amax_sum_08a6633e533f": {
    "compiled_us": 58.27220044095875,
    "sol_us": 15.676717942532818,
    "gap": 3.717117361846466,
    "bytes": 52428800
  },
  "amax_sum_0f916664031d": {
    "compiled_us": 458.8725478811698,
    "sol_us": 54.351792029746164,
    "gap": 8.442638793400477,
    "bytes": 285214208
  },
  "amax_sum_1dc8c51b2dc7": {
    "compiled_us": 36.750994290979136,
    "sol_us": 13.35210125610421,
    "gap": 2.752450238809985,
    "bytes": 26218496
  },
  "amax_sum_20fbd0c85441": {
    "compiled_us": 33.81767442629385,
    "sol_us": 15.06268356844217,
    "gap": 2.2451294467305454,
    "bytes": 50331648
  },
  "amax_sum_28b89da299c5": {
    "compiled_us": 51.62624640876584,
    "sol_us": 8.703228905348174,
    "gap": 5.93184977325384,
    "bytes": 7077888
  },
  "amax_sum_28e19ed2b9b3": {
    "compiled_us": 36.89125145033762,
    "sol_us": 7.306531631635337,
    "gap": 5.049078456132089,
    "bytes": 2752512
  },
  "amax_sum_29f90ca0ffb9": {
    "compiled_us": 123.61119408805706,
    "sol_us": 30.143179429265167,
    "gap": 4.100801455869198,
    "bytes": 130124632
  },
  "amax_sum_2db92b37f274": {
    "compiled_us": 37.789846765243006,
    "sol_us": 7.074947340266877,
    "gap": 5.341360853693297,
    "bytes": 524288
  },
  "amax_sum_3501511f0050": {
    "compiled_us": 51.50788267950217,
    "sol_us": 7.1913513505982385,
    "gap": 7.162476170103592,
    "bytes": 851968
  },
  "amax_sum_35ded6d72c86": {
    "compiled_us": 33.1489270534074,
    "sol_us": 9.20505255558773,
    "gap": 3.6011665173258622,
    "bytes": 2363392
  },
  "amax_sum_3ed297ef02cd": {
    "compiled_us": 17.048629609576263,
    "sol_us": 9.707999986130744,
    "gap": 1.7561423191113155,
    "bytes": 16777216
  },
  "amax_sum_429c9c33d29c": {
    "compiled_us": 341.646915412994,
    "sol_us": 140.24202777466306,
    "gap": 2.4361236131150545,
    "bytes": 838865688
  },
  "amax_sum_4dd0de23cb41": {
    "compiled_us": 34.46783564908251,
    "sol_us": 15.8230123443552,
    "gap": 2.1783358881963317,
    "bytes": 52428800
  },
  "amax_sum_50459c3574f1": {
    "compiled_us": 41.47538337709286,
    "sol_us": 13.354799977969378,
    "gap": 3.1056536560272217,
    "bytes": 26218496
  },
  "amax_sum_63646b4d784d": {
    "compiled_us": 35.045401082249754,
    "sol_us": 19.20000002719462,
    "gap": 1.825281303781871,
    "bytes": 73400320
  },
  "amax_sum_6663045894e8": {
    "compiled_us": 37.69769464586857,
    "sol_us": 19.014153987742386,
    "gap": 1.9826122513876068,
    "bytes": 71335936
  },
  "amax_sum_6d4791d05661": {
    "compiled_us": 815.1012182235718,
    "sol_us": 135.75594425201416,
    "gap": 6.004165951734953,
    "bytes": 810675492
  },
  "amax_sum_70e6cdffba4d": {
    "compiled_us": 39.87618429075179,
    "sol_us": 19.100354418535776,
    "gap": 2.0877196002213596,
    "bytes": 73400324
  },
  "amax_sum_73bcf6568044": {
    "compiled_us": 229.9367937635868,
    "sol_us": 46.09134236845789,
    "gap": 4.988719832142306,
    "bytes": 228590156
  },
  "amax_sum_75e05cdc9884": {
    "compiled_us": 165.40960655800967,
    "sol_us": 12.880390214665635,
    "gap": 12.841971695055792,
    "bytes": 20450304
  },
  "amax_sum_81b8e6ab04ec": {
    "compiled_us": 68.62591525428316,
    "sol_us": 25.741538271690025,
    "gap": 2.66596015086466,
    "bytes": 104202456
  },
  "amax_sum_90bd8f91c9b0": {
    "compiled_us": 68.62332466502545,
    "sol_us": 25.70681065018918,
    "gap": 2.669460852177726,
    "bytes": 104202456
  },
  "amax_sum_90cce6e16353": {
    "compiled_us": 39.52389484327632,
    "sol_us": 11.676400003489107,
    "gap": 3.3849384083678107,
    "bytes": 18875808
  },
  "amax_sum_956bfaca8306": {
    "compiled_us": 40.68738673867165,
    "sol_us": 20.327064728775582,
    "gap": 2.001636108388704,
    "bytes": 71336960
  },
  "amax_sum_9680cd03bd78": {
    "compiled_us": 660.7290896580373,
    "sol_us": 61.250526507041954,
    "gap": 10.787320980531874,
    "bytes": 327199744
  },
  "amax_sum_a54b5d87469f": {
    "compiled_us": 853.3196350850096,
    "sol_us": 60.78694736290919,
    "gap": 14.037876091894127,
    "bytes": 327199744
  },
  "amax_sum_a5affd0c53e6": {
    "compiled_us": 33.15381193674792,
    "sol_us": 13.23463286780104,
    "gap": 2.505079836208293,
    "bytes": 20972192
  },
  "amax_sum_amax_c89dd9aad128": {
    "compiled_us": 37.90874960996445,
    "sol_us": 13.298962920628211,
    "gap": 2.850504196170338,
    "bytes": 20485136
  },
  "amax_sum_any_239899b9fcf3": {
    "compiled_us": 1790.5813455581665,
    "sol_us": 357.8490649660429,
    "gap": 5.003733475531308,
    "bytes": 2256535552
  },
  "amax_sum_any_24e27a1ce27b": {
    "compiled_us": 91.37099229771158,
    "sol_us": 37.55815403583723,
    "gap": 2.432787090934428,
    "bytes": 190668800
  },
  "amax_sum_any_312fd76f8ba5": {
    "compiled_us": 192.5238383974775,
    "sol_us": 27.652292625933157,
    "gap": 6.96231017810519,
    "bytes": 113246504
  },
  "amax_sum_any_478554ba5bc8": {
    "compiled_us": 419.7854473477318,
    "sol_us": 147.92648783406696,
    "gap": 2.837797702725263,
    "bytes": 889192744
  },
  "amax_sum_any_4d8894a420ec": {
    "compiled_us": 81.02915454121353,
    "sol_us": 23.715160442171275,
    "gap": 3.4167660277399663,
    "bytes": 101711872
  },
  "amax_sum_any_598205a8a1f2": {
    "compiled_us": 214.03507241094954,
    "sol_us": 56.95073742811617,
    "gap": 3.7582493585988574,
    "bytes": 301989992
  },
  "amax_sum_any_66dad1819e18": {
    "compiled_us": 258.23605051379144,
    "sol_us": 187.39435317761757,
    "gap": 1.3780353897271822,
    "bytes": 1149239296
  },
  "amax_sum_any_6db46e891506": {
    "compiled_us": 219.6467614305612,
    "sol_us": 91.06905366245068,
    "gap": 2.411870471880453,
    "bytes": 520093800
  },
  "amax_sum_any_6df2bdfd3abf": {
    "compiled_us": 34.6235719238436,
    "sol_us": 17.468759577862823,
    "gap": 1.9820280752916255,
    "bytes": 54788104
  },
  "amax_sum_any_706ca3ca1d66": {
    "compiled_us": 185.7575091691512,
    "sol_us": 101.87660055617764,
    "gap": 1.823357946329582,
    "bytes": 603979776
  },
  "amax_sum_any_93bdf9077127": {
    "compiled_us": 79.82851075526526,
    "sol_us": 25.601199851371348,
    "gap": 3.1181550559627063,
    "bytes": 101711912
  },
  "amax_sum_any_953862c9c973": {
    "compiled_us": 78.74182004092911,
    "sol_us": 35.92263341327257,
    "gap": 2.191983508977264,
    "bytes": 167772352
  },
  "amax_sum_any_a22badeff7ed": {
    "compiled_us": 385.2332622597092,
    "sol_us": 80.89736934219088,
    "gap": 4.761999869614996,
    "bytes": 452985128
  },
  "amax_sum_any_a87586ecb959": {
    "compiled_us": 76.07001536627756,
    "sol_us": 21.09852634174259,
    "gap": 3.6054658099876895,
    "bytes": 83886080
  },
  "amax_sum_any_bb7e63f8e047": {
    "compiled_us": 260.66409246751874,
    "sol_us": 56.705263737393054,
    "gap": 4.596823562529866,
    "bytes": 301990184
  },
  "amax_sum_any_c64c558f6462": {
    "compiled_us": 215.57474772672396,
    "sol_us": 44.882872118017616,
    "gap": 4.803051532884956,
    "bytes": 222298408
  },
  "amax_sum_any_d4e7d15ad848": {
    "compiled_us": 34.60152150400303,
    "sol_us": 15.619945278620882,
    "gap": 2.215214002789264,
    "bytes": 54788096
  },
  "amax_sum_any_f9ea80a430c8": {
    "compiled_us": 284.91022360043894,
    "sol_us": 108.00042609373727,
    "gap": 2.6380472180096364,
    "bytes": 637534504
  },
  "amax_sum_b2d0a69e46a6": {
    "compiled_us": 127.96771824888303,
    "sol_us": 137.89288720322978,
    "gap": 0.9280226184566083,
    "bytes": 838860800
  },
  "amax_sum_b8d0d32a28d3": {
    "compiled_us": 35.21111581899356,
    "sol_us": 7.243456796133592,
    "gap": 4.861092819355053,
    "bytes": 2424832
  },
  "amax_sum_c9d679676240": {
    "compiled_us": 33.52809119169697,
    "sol_us": 7.227199972840026,
    "gap": 4.639153658082835,