{
  "amax_sum_00b8bc42acc6": {
    "compiled_us": 187.64434552487035,
    "sol_us": 45.96194645037522,
    "gap": 4.0826022398217745,
    "bytes": 226493000
  },
  "amax_sum_3ed297ef02cd": {
    "compiled_us": 19.648794689221887,
    "sol_us": 9.610666690442043,
    "gap": 2.0444777997308883,
    "bytes": 16777216
  },
  "amax_sum_90bd8f91c9b0": {
    "compiled_us": 68.6560352664787,
    "sol_us": 25.61599988108262,
    "gap": 2.6802012642567616,
    "bytes": 104202456
  },
  "amax_sum_any_4d8894a420ec": {
    "compiled_us": 81.0601055066778,
    "sol_us": 23.93427033078026,
    "gap": 3.3867798928648276,
    "bytes": 101711872
  },
  "amax_sum_any_c64c558f6462": {
    "compiled_us": 215.5557009241273,
    "sol_us": 44.90461558676683,
    "gap": 4.800301664037638,
    "bytes": 222298408
  },
  "amax_sum_e14c3479f4c6": {
    "compiled_us": 76.84174535779266,
    "sol_us": 19.46824683267393,
    "gap": 3.9470295408843743,
    "bytes": 65068936
  },
  "amax_sum_sum_04f8352a2daa": {
    "compiled_us": 298.06903194201703,
    "sol_us": 155.15688723988004,
    "gap": 1.921081540397159,
    "bytes": 952172544
  },
  "amax_sum_sum_38fe41137fa8": {
    "compiled_us": 668.3364601238914,
    "sol_us": 316.47803141520575,
    "gap": 2.1117941650966046,
    "bytes": 2002190336
  },
  "amax_sum_sum_8c08b1531d0c": {
    "compiled_us": 1144.6758566132512,
    "sol_us": 756.8893258770307,
    "gap": 1.5123424488605126,
    "bytes": 4852842500
  },
  "amax_sum_sum_b87e0b562eea": {
    "compiled_us": 361.1967728919342,
    "sol_us": 456.1178689201673,
    "gap": 0.791893493993223,
    "bytes": 2907881476
  },
  "any_674f70955e1b": {
    "compiled_us": 21.41864954045083,
    "sol_us": 7.135189881053152,
    "gap": 3.0018331533581337,
    "bytes": 32768
  },
  "any_amax_sum_77e3c0c677fe": {
    "compiled_us": 39.92328560213016,
    "sol_us": 21.368205069731445,
    "gap": 1.8683499840930677,
    "bytes": 88080384
  },
  "argmax_amax_sum_43f6a0b25c23": {
    "compiled_us": 32.602945845522825,
    "sol_us": 7.0875897370756435,
    "gap": 4.600004663782201,
    "bytes": 131136
  },
  "mean_2cec1142a8d5": {
    "compiled_us": 58.382772295861635,
    "sol_us": 25.59418161097285,
    "gap": 2.281095492064162,
    "bytes": 96353280
  },
  "mean_748d0d523710": {
    "compiled_us": 59.21072913344692,
    "sol_us": 89.18174692022968,
    "gap": 0.6639332730991364,
    "bytes": 513837056
  },
  "mean_any_amax_4e51f588575e": {
    "compiled_us": 454.63407221179324,
    "sol_us": 105.52411281636782,
    "gap": 4.308342994581188,
    "bytes": 621611008
  },
  "mean_e97a9793d07b": {
    "compiled_us": 35.559082437159766,
    "sol_us": 13.299442992746076,
    "gap": 2.6737271971882417,
    "bytes": 23541760
  },
  "mean_sum_e5a21319f6c6": {
    "compiled_us": 30.90054030232717,
    "sol_us": 11.4434430069184,
    "gap": 2.700283497164754,
    "bytes": 16778240
  },
  "pointwise_03c90c11600a": {
    "compiled_us": 30.82586663464705,
    "sol_us": 8.947459452256963,
    "gap": 3.445208866173888,
    "bytes": 11010048
  },
  "pointwise_09d71f9017f3": {
    "compiled_us": 20.90230824352379,
    "sol_us": 7.369974017288391,
    "gap": 2.836144088770384,
    "bytes": 5242880
  },
  "pointwise_1008dda9a2ed": {
    "compiled_us": 52.21472267343217,
    "sol_us": 9.213599970098585,
    "gap": 5.667135847322171,
    "bytes": 2363392
  },
  "pointwise_18000f806db0": {
    "compiled_us": 68.76392825083299,
    "sol_us": 15.30008511419626,
    "gap": 4.494349393326579,
    "bytes": 50331648
  },
  "pointwise_1d52a0b8ac65": {
    "compiled_us": 23.241497249508054,
    "sol_us": 7.123037948732889,
    "gap": 3.2628630391675038,
    "bytes": 1048576
  },
  "pointwise_22eb44157c40": {
    "compiled_us": 29.660291743360617,
    "sol_us": 12.531532422191912,
    "gap": 2.3668527315011874,
    "bytes": 19271040
  },
  "pointwise_2e41d30413f5": {
    "compiled_us": 256.2707792256624,
    "sol_us": 19.229473595164325,
    "gap": 13.326978398935857,
    "bytes": 56825856
  },
  "pointwise_3747cb01e650": {
    "compiled_us": 65.91834624011355,
    "sol_us": 11.49538455483241,
    "gap": 5.734331541992904,
    "bytes": 28835840
  },
  "pointwise_3e7f519048af": {
    "compiled_us": 32.508360442087785,
    "sol_us": 11.63282055551043,
    "gap": 2.7945381162686878,
    "bytes": 29884416
  },
  "pointwise_42d933d52272": {
    "compiled_us": 41.98926959905947,
    "sol_us": 21.514666577180225,
    "gap": 1.951657928252342,
    "bytes": 77082624
  },
  "pointwise_4a68f1a0a09d": {
    "compiled_us": 78.49211365692219,
    "sol_us": 17.781610419223835,
    "gap": 4.414229746708642,
    "bytes": 67141632
  },
  "pointwise_5380b35de08c": {
    "compiled_us": 71.00628140152142,
    "sol_us": 42.045948262780136,
    "gap": 1.6887782137233307,
    "bytes": 218103808
  },
  "pointwise_5d16d290eef8": {
    "compiled_us": 31.83104447637211,
    "sol_us": 7.115093314399322,
    "gap": 4.473735349605796,
    "bytes": 721920
  },
  "pointwise_636232c073eb": {
    "compiled_us": 182.87039991728096,
    "sol_us": 794.1046617925167,
    "gap": 0.2302850099185808,
    "bytes": 5106565120
  },
  "pointwise_69d4fcde8aa0": {
    "compiled_us": 22.45836271776878,
    "sol_us": 9.204779231509605,
    "gap": 2.4398589203410537,
    "bytes": 4016640
  },
  "pointwise_70d3decb62c3": {
    "compiled_us": 39.368758393901565,
    "sol_us": 13.183123279005697,
    "gap": 2.98629979866735,
    "bytes": 37748736
  },
  "pointwise_763aa63c6b58": {
    "compiled_us": 37.41459309898337,
    "sol_us": 23.910076015546352,
    "gap": 1.5648044395449168,
    "bytes": 103022592
  },
  "pointwise_8111e35013ee": {
    "compiled_us": 49.53745603167191,
    "sol_us": 19.008415593922912,
    "gap": 2.6060802273025474,
    "bytes": 71303168
  },
  "pointwise_8559760f8741": {
    "compiled_us": 19.350399971763427,
    "sol_us": 13.139199954457581,
    "gap": 1.4727228475732759,
    "bytes": 33554432
  },
  "pointwise_8e1aad58dfa3": {
    "compiled_us": 36.07176733553529,
    "sol_us": 12.724444451224473,
    "gap": 2.834840253639844,
    "bytes": 19270656
  },
  "pointwise_98a1a7e50644": {
    "compiled_us": 72.9219196296633,
    "sol_us": 58.09520035982132,
    "gap": 1.2552141859914496,
    "bytes": 318767104
  },
  "pointwise_a06452a815ae": {
    "compiled_us": 48.676651535728546,
    "sol_us": 10.959999961778522,
    "gap": 4.441300338091388,
    "bytes": 21757952
  },
  "pointwise_ae0cf0fe8e23": {
    "compiled_us": 20.782855380456922,
    "sol_us": 7.082936707648296,
    "gap": 2.9342144703926527,
    "bytes": 0
  },
  "pointwise_b4b430f98c71": {
    "compiled_us": 52.501996240188696,
    "sol_us": 27.029199991375208,
    "gap": 1.9424176911244744,
    "bytes": 122683396
  },
  "pointwise_bc30b7a4c3fd": {
    "compiled_us": 27.01581781620316,
    "sol_us": 12.871652173445277,
    "gap": 2.098861704167073,
    "bytes": 19442688
  },
  "pointwise_c5c4e4e44a28": {
    "compiled_us": 61.145585893850445,
    "sol_us": 66.64868593215942,
    "gap": 0.9174312297183099,
    "bytes": 369098776
  },
  "pointwise_d0f6adaec4bf": {
    "compiled_us": 58.15364953232607,
    "sol_us": 9.218493428129655,
    "gap": 6.308368063145096,
    "bytes": 5246976
  },
  "pointwise_d96885b4b5bb": {
    "compiled_us": 103.80963261467016,
    "sol_us": 7.125621592323925,
    "gap": 14.568502027458079,
    "bytes": 131072
  },
  "pointwise_e0b3acddb081": {
    "compiled_us": 49.65846799591615,
    "sol_us": 22.12279521108392,
    "gap": 2.2446742159885997,
    "bytes": 92274688
  },
  "pointwise_e6607fe5b079": {
    "compiled_us": 66.94974671853215,
    "sol_us": 40.155306408802666,
    "gap": 1.6672702241877484,
    "bytes": 206045184
  },
  "pointwise_ec6d1df5a254": {
    "compiled_us": 687.3929465258562,
    "sol_us": 342.9885892594447,
    "gap": 2.0041277408383285,
    "bytes": 2158362624
  },
  "pointwise_f3cd1cb10701": {
    "compiled_us": 21.31435431626712,
    "sol_us": 10.284108084601325,
    "gap": 2.0725525384337105,
    "bytes": 6291472
  },