{
  "B200": {
    "v2_920": {
      "default": {
        "compiled_us": 1015.9463800014335,
        "coord_descent_us": null,
        "memcopy_sol_us": 592.2374024110682,
        "total_bytes": 3759511044,
        "gap_default": 1.7154377211999718,
        "gap_cd": null,
        "timestamp": "2026-05-16T16:59:10"
      }
    }
  }
}