{
  "B200": {
    "v3_full": {
      "default": {
        "compiled_us": 17.765802263937776,
        "coord_descent_us": null,
        "memcopy_sol_us": 15.369213562088305,
        "total_bytes": 38553600,
        "gap_default": 1.155934374401642,
        "gap_cd": null,
        "timestamp": "2026-05-16T18:41:32"
      }
    }
  }
}