{
  "B200": {
    "v2_920": {
      "default": {
        "compiled_us": 12.329889512599738,
        "coord_descent_us": null,
        "memcopy_sol_us": 35.14823843995494,
        "total_bytes": 157600768,
        "gap_default": 0.35079679835629185,
        "gap_cd": null,
        "timestamp": "2026-05-16T16:59:10"
      }
    }
  }
}