{
  "B200": {
    "v2_920": {
      "default": {
        "compiled_us": 11.789137105104722,
        "coord_descent_us": null,
        "memcopy_sol_us": 12.681963900787151,
        "total_bytes": 20065920,
        "gap_default": 0.9295986960168675,
        "gap_cd": null,
        "timestamp": "2026-05-16T16:59:10"
      }
    }
  }
}