{
  "B200": {
    "v3_full": {
      "default": {
        "compiled_us": 6.878879180810312,
        "coord_descent_us": null,
        "memcopy_sol_us": 7.156157892563844,
        "total_bytes": 301448,
        "gap_default": 0.9612531310912439,
        "gap_cd": null,
        "timestamp": "2026-05-16T18:41:32"
      }
    }
  }
}