{
  "B200": {
    "v2_920": {
      "default": {
        "compiled_us": 70.00330073224569,
        "coord_descent_us": null,
        "memcopy_sol_us": 55.182690268415286,
        "total_bytes": 301989888,
        "gap_default": 1.268573539849927,
        "gap_cd": null,
        "timestamp": "2026-05-16T16:59:10"
      }
    }
  }
}