{
  "B200": {
    "v3_full": {
      "default": {
        "compiled_us": 36.275986698946184,
        "coord_descent_us": null,
        "memcopy_sol_us": 37.89057224654444,
        "total_bytes": 181930496,
        "gap_default": 0.9573881983863282,
        "gap_cd": null,
        "timestamp": "2026-05-16T18:41:32"
      }
    }
  }
}