{
  "B200": {
    "v2_920": {
      "default": {
        "compiled_us": 18.23787219858554,
        "coord_descent_us": null,
        "memcopy_sol_us": 21.496015824493984,
        "total_bytes": 75505696,
        "gap_default": 0.8484303485580849,
        "gap_cd": null,
        "timestamp": "2026-05-16T16:59:10"
      }
    }
  }
}