{
  "B200": {
    "v2_920": {
      "default": {
        "compiled_us": 22.582421101929427,
        "coord_descent_us": null,
        "memcopy_sol_us": 25.624186470337218,
        "total_bytes": 100699136,
        "gap_default": 0.8812931925886129,
        "gap_cd": null,
        "timestamp": "2026-05-16T16:59:10"
      }
    }
  }
}