{
  "B200": {
    "v3_full": {
      "default": {
        "compiled_us": 24.5585350443838,
        "coord_descent_us": null,
        "memcopy_sol_us": 11.279443682488992,
        "total_bytes": 16240640,
        "gap_default": 2.17728247382539,
        "gap_cd": null,
        "timestamp": "2026-05-16T18:41:32"
      }
    }
  }
}