{
  "B200": {
    "v3_full": {
      "default": {
        "compiled_us": 28.725132367218126,
        "coord_descent_us": null,
        "memcopy_sol_us": 29.695284023190016,
        "total_bytes": 129224704,
        "gap_default": 0.9673297734679261,
        "gap_cd": null,
        "timestamp": "2026-05-16T18:41:32"
      }
    }
  }
}