{
  "B200": {
    "v2_920": {
      "default": {
        "compiled_us": 11.627508457725986,
        "coord_descent_us": null,
        "memcopy_sol_us": 48.08196158071859,
        "total_bytes": 239505408,
        "gap_default": 0.24182683225612717,
        "gap_cd": null,
        "timestamp": "2026-05-16T16:59:10"
      }
    }
  }
}