{
  "B200": {
    "v2_920": {
      "default": {
        "compiled_us": 73.99020541202033,
        "coord_descent_us": null,
        "memcopy_sol_us": 58.58738194093206,
        "total_bytes": 313868296,
        "gap_default": 1.2629034266562282,
        "gap_cd": null,
        "timestamp": "2026-05-16T16:59:10"
      }
    }
  }
}