{
  "B200": {
    "v3_full": {
      "default": {
        "compiled_us": 22.58151861212727,
        "coord_descent_us": null,
        "memcopy_sol_us": 23.734475760417578,
        "total_bytes": 100663296,
        "gap_default": 0.9514226831918017,
        "gap_cd": null,
        "timestamp": "2026-05-16T18:41:32"
      }
    }
  }
}