{
  "B200": {
    "v2_920": {
      "default": {
        "compiled_us": 502.626277547065,
        "coord_descent_us": null,
        "memcopy_sol_us": 279.54111638970267,
        "total_bytes": 1746765080,
        "gap_default": 1.7980406032519516,
        "gap_cd": null,
        "timestamp": "2026-05-16T16:59:10"
      }
    }
  }
}