{
  "B200": {
    "v2_920": {
      "default": {
        "compiled_us": 383.60044500557206,
        "coord_descent_us": null,
        "memcopy_sol_us": 279.45263559814526,
        "total_bytes": 1746764460,
        "gap_default": 1.372685013989963,
        "gap_cd": null,
        "timestamp": "2026-05-16T16:59:10"
      }
    }
  }
}