{
  "B200": {
    "v2_920": {
      "default": {
        "compiled_us": 16.233943841098757,
        "coord_descent_us": null,
        "memcopy_sol_us": 15.243712556362523,
        "total_bytes": 50331650,
        "gap_default": 1.0649599814398838,
        "gap_cd": null,
        "timestamp": "2026-05-16T16:59:10"
      }
    }
  }
}