{
  "B200": {
    "v2_920": {
      "default": {
        "compiled_us": 44.64395347143933,
        "coord_descent_us": null,
        "memcopy_sol_us": 64.63443849313461,
        "total_bytes": 352351256,
        "gap_default": 0.6907146486030254,
        "gap_cd": null,
        "timestamp": "2026-05-16T16:59:10"
      }
    }
  }
}