{
  "B200": {
    "v2_920": {
      "default": {
        "compiled_us": 12.255737230992537,
        "coord_descent_us": null,
        "memcopy_sol_us": 58.362239604118116,
        "total_bytes": 310407168,
        "gap_default": 0.20999429278460652,
        "gap_cd": null,
        "timestamp": "2026-05-16T16:59:10"
      }
    }
  }
}