{
  "B200": {
    "v3_full": {
      "default": {
        "compiled_us": 12.268467521319142,
        "coord_descent_us": null,
        "memcopy_sol_us": 12.688703897689313,
        "total_bytes": 33554432,
        "gap_default": 0.9668810636800581,
        "gap_cd": null,
        "timestamp": "2026-05-16T18:41:32"
      }
    }
  }
}