{
  "B200": {
    "v2_920": {
      "default": {
        "compiled_us": 21.8869895106268,
        "coord_descent_us": null,
        "memcopy_sol_us": 17.412498780949367,
        "total_bytes": 50343936,
        "gap_default": 1.256970052717125,
        "gap_cd": null,
        "timestamp": "2026-05-16T16:59:10"
      }
    }
  }
}