{
  "B200": {
    "v2_920": {
      "default": {
        "compiled_us": 37.379888066789135,
        "coord_descent_us": null,
        "memcopy_sol_us": 39.659166204529456,
        "total_bytes": 201334784,
        "gap_default": 0.9425283394515741,
        "gap_cd": null,
        "timestamp": "2026-05-16T16:59:10"
      }
    }
  }
}