{
  "B200": {
    "v3_full": {
      "default": {
        "compiled_us": 27.412388290445225,
        "coord_descent_us": null,
        "memcopy_sol_us": 19.458808950056422,
        "total_bytes": 64207872,
        "gap_default": 1.4087392687190003,
        "gap_cd": null,
        "timestamp": "2026-05-16T18:41:32"
      }
    }
  }
}