{
  "B200": {
    "v3_full": {
      "default": {
        "compiled_us": 30.94586832253226,
        "coord_descent_us": null,
        "memcopy_sol_us": 17.39855662061549,
        "total_bytes": 50333184,
        "gap_default": 1.7786457231667485,
        "gap_cd": null,
        "timestamp": "2026-05-16T18:41:32"
      }
    }
  }
}