{
  "B200": {
    "v3_full": {
      "default": {
        "compiled_us": 42.207460841301625,
        "coord_descent_us": null,
        "memcopy_sol_us": 21.511395542085552,
        "total_bytes": 77070436,
        "gap_default": 1.962097752269287,
        "gap_cd": null,
        "timestamp": "2026-05-16T18:41:32"
      }
    }
  }
}