{
  "B200": {
    "v2_920": {
      "default": {
        "compiled_us": 6.890126999116811,
        "coord_descent_us": null,
        "memcopy_sol_us": 9.418319766691532,
        "total_bytes": 6719392,
        "gap_default": 0.7315664757406273,
        "gap_cd": null,
        "timestamp": "2026-05-16T16:59:10"
      }
    }
  }
}