{
  "B200": {
    "v3_full": {
      "default": {
        "compiled_us": 28.677038932107322,
        "coord_descent_us": null,
        "memcopy_sol_us": 17.438400903165117,
        "total_bytes": 54593796,
        "gap_default": 1.644476411074043,
        "gap_cd": null,
        "timestamp": "2026-05-16T18:41:32"
      }
    }
  }
}