{
  "B200": {
    "v2_920": {
      "default": {
        "compiled_us": 75.50467305551001,
        "coord_descent_us": null,
        "memcopy_sol_us": 39.69855098824919,
        "total_bytes": 201375744,
        "gap_default": 1.901950352743592,
        "gap_cd": null,
        "timestamp": "2026-05-16T16:59:10"
      }
    }
  }
}