{
  "B200": {
    "v2_920": {
      "default": {
        "compiled_us": 41.06747496219225,
        "coord_descent_us": null,
        "memcopy_sol_us": 29.70102779507637,
        "total_bytes": 125833728,
        "gap_default": 1.3826954153081574,
        "gap_cd": null,
        "timestamp": "2026-05-16T16:59:10"
      }
    }
  }
}