{
  "B200": {
    "v2_920": {
      "default": {
        "compiled_us": 10.192966001420658,
        "coord_descent_us": null,
        "memcopy_sol_us": 9.712915382577227,
        "total_bytes": 16777216,
        "gap_default": 1.0494239473870566,
        "gap_cd": null,
        "timestamp": "2026-05-16T16:59:10"
      }
    }
  }
}