{
  "B200": {
    "v2_920": {
      "default": {
        "compiled_us": 10.195144730631585,
        "coord_descent_us": null,
        "memcopy_sol_us": 9.26961127669442,
        "total_bytes": 14598144,
        "gap_default": 1.0998459834301935,
        "gap_cd": null,
        "timestamp": "2026-05-16T16:59:10"
      }
    }
  }
}