{
  "B200": {
    "v3_full": {
      "default": {
        "compiled_us": 502.30000394841903,
        "coord_descent_us": null,
        "memcopy_sol_us": 246.69013131748545,
        "total_bytes": 1531599520,
        "gap_default": 2.036157673863202,
        "gap_cd": null,
        "timestamp": "2026-05-16T18:41:32"
      }
    }
  }
}