{
  "B200": {
    "v2_920": {
      "default": {
        "compiled_us": 8.092738437625858,
        "coord_descent_us": null,
        "memcopy_sol_us": 7.024371123922583,
        "total_bytes": 1520640,
        "gap_default": 1.1520943718455856,
        "gap_cd": null,
        "timestamp": "2026-05-16T16:59:10"
      }
    }
  }
}