{
  "B200": {
    "v3_full": {
      "default": {
        "compiled_us": 7.587999075038924,
        "coord_descent_us": null,
        "memcopy_sol_us": 6.91628938002142,
        "total_bytes": 300288,
        "gap_default": 1.0971199523487007,
        "gap_cd": null,
        "timestamp": "2026-05-16T18:41:32"
      }
    }
  }
}