{
  "B200": {
    "v3_full": {
      "default": {
        "compiled_us": 17.140227013909655,
        "coord_descent_us": null,
        "memcopy_sol_us": 13.526035806267876,
        "total_bytes": 42614784,
        "gap_default": 1.267202546215868,
        "gap_cd": null,
        "timestamp": "2026-05-16T18:41:32"
      }
    }
  }
}