{
  "B200": {
    "v2_920": {
      "default": {
        "compiled_us": 40.91057696580789,
        "coord_descent_us": null,
        "memcopy_sol_us": 7.023354112881821,
        "total_bytes": 449352,
        "gap_default": 5.824934398619049,
        "gap_cd": null,
        "timestamp": "2026-05-16T16:59:10"
      }
    }
  }
}