{
  "B200": {
    "v2_920": {
      "default": {
        "compiled_us": 54.02461720346395,
        "coord_descent_us": null,
        "memcopy_sol_us": 55.07650279282221,
        "total_bytes": 301989888,
        "gap_default": 0.9809013728900857,
        "gap_cd": null,
        "timestamp": "2026-05-16T16:59:10"
      }
    }
  }
}