{
  "B200": {
    "v2_920": {
      "default": {
        "compiled_us": 16.348295381156202,
        "coord_descent_us": null,
        "memcopy_sol_us": 38.008150902401276,
        "total_bytes": 191954944,
        "gap_default": 0.4301260385735669,
        "gap_cd": null,
        "timestamp": "2026-05-16T16:59:10"
      }
    }
  }
}