{
  "B200": {
    "v2_920": {
      "default": {
        "compiled_us": 6.498059771686483,
        "coord_descent_us": null,
        "memcopy_sol_us": 7.155747399611325,
        "total_bytes": 1572864,
        "gap_default": 0.9080895969077157,
        "gap_cd": null,
        "timestamp": "2026-05-16T16:59:10"
      }
    }
  }
}