{
  "B200": {
    "v3_full": {
      "default": {
        "compiled_us": 222.98302930828774,
        "coord_descent_us": null,
        "memcopy_sol_us": 12.025088533573166,
        "total_bytes": 18870464,
        "gap_default": 18.543150737371743,
        "gap_cd": null,
        "timestamp": "2026-05-16T18:41:32"
      }
    }
  }
}