{
  "B200": {
    "v2_920": {
      "default": {
        "compiled_us": 10.8987105159669,
        "coord_descent_us": null,
        "memcopy_sol_us": 7.814786646243495,
        "total_bytes": 1648,
        "gap_default": 1.3946267517368274,
        "gap_cd": null,
        "timestamp": "2026-05-16T16:59:10"
      }
    }
  }
}