{
  "B200": {
    "v3_full": {
      "default": {
        "compiled_us": 1121.5199085704066,
        "coord_descent_us": null,
        "memcopy_sol_us": 619.2514739538494,
        "total_bytes": 3958644492,
        "gap_default": 1.8110896069566553,
        "gap_cd": null,
        "timestamp": "2026-05-16T18:41:32"
      }
    }
  }
}