{
  "B200": {
    "v2_920": {
      "default": {
        "compiled_us": 27.112790463599207,
        "coord_descent_us": null,
        "memcopy_sol_us": 21.517598126966583,
        "total_bytes": 75506688,
        "gap_default": 1.2600286660071294,
        "gap_cd": null,
        "timestamp": "2026-05-16T16:59:10"
      }
    }
  }
}