{
  "B200": {
    "v2_920": {
      "default": {
        "compiled_us": 25.04590543602354,
        "coord_descent_us": null,
        "memcopy_sol_us": 25.589045366467744,
        "total_bytes": 97537024,
        "gap_default": 0.9787745137551734,
        "gap_cd": null,
        "timestamp": "2026-05-16T16:59:10"
      }
    }
  }
}