{
  "B200": {
    "v2_920": {
      "default": {
        "compiled_us": 20.634130026825186,
        "coord_descent_us": null,
        "memcopy_sol_us": 24.005660551190037,
        "total_bytes": 87005184,
        "gap_default": 0.8595526868683597,
        "gap_cd": null,
        "timestamp": "2026-05-16T16:59:10"
      }
    }
  }
}