{
  "B200": {
    "v2_920": {
      "default": {
        "compiled_us": 258.6478579811707,
        "coord_descent_us": null,
        "memcopy_sol_us": 242.64537774854236,
        "total_bytes": 1505345544,
        "gap_default": 1.06595007241066,
        "gap_cd": null,
        "timestamp": "2026-05-16T16:59:10"
      }
    }
  }
}