{
  "B200": {
    "v3_full": {
      "default": {
        "compiled_us": 31.204416976985872,
        "coord_descent_us": null,
        "memcopy_sol_us": 25.580866866493082,
        "total_bytes": 100663328,
        "gap_default": 1.2198342276609382,
        "gap_cd": null,
        "timestamp": "2026-05-16T18:41:32"
      }
    }
  }
}