{
  "B200": {
    "v2_920": {
      "default": {
        "compiled_us": 27.56906674441063,
        "coord_descent_us": null,
        "memcopy_sol_us": 17.422562814680308,
        "total_bytes": 50400544,
        "gap_default": 1.5823772333414028,
        "gap_cd": null,
        "timestamp": "2026-05-16T16:59:10"
      }
    }
  }
}