{
  "B200": {
    "v3_full": {
      "default": {
        "compiled_us": 54.358578487765925,
        "coord_descent_us": null,
        "memcopy_sol_us": 18.0985872197817,
        "total_bytes": 55592708,
        "gap_default": 3.0034708139181254,
        "gap_cd": null,
        "timestamp": "2026-05-16T18:41:32"
      }
    }
  }
}