{
  "B200": {
    "v2_920": {
      "default": {
        "compiled_us": 3265.49973487854,
        "coord_descent_us": null,
        "memcopy_sol_us": 2653.709408399221,
        "total_bytes": 17202049428,
        "gap_default": 1.230541567416142,
        "gap_cd": null,
        "timestamp": "2026-05-16T16:59:10"
      }
    }
  }
}