{
  "B200": {
    "v3_full": {
      "default": {
        "compiled_us": 80.04420676595674,
        "coord_descent_us": null,
        "memcopy_sol_us": 31.745452198958393,
        "total_bytes": 140495684,
        "gap_default": 2.521438543835992,
        "gap_cd": null,
        "timestamp": "2026-05-16T18:41:32"
      }
    }
  }
}