{
  "B200": {
    "v3_full": {
      "default": {
        "compiled_us": 10.25689051202309,
        "coord_descent_us": null,
        "memcopy_sol_us": 17.417708202944738,
        "total_bytes": 50581252,
        "gap_default": 0.5888771583789079,
        "gap_cd": null,
        "timestamp": "2026-05-16T18:41:32"
      }
    }
  }
}