{
  "B200": {
    "v2_920": {
      "default": {
        "compiled_us": 8.770392261005586,
        "coord_descent_us": null,
        "memcopy_sol_us": 25.957771335006047,
        "total_bytes": 105060352,
        "gap_default": 0.33787154327760177,
        "gap_cd": null,
        "timestamp": "2026-05-16T16:59:10"
      }
    }
  }
}