{
  "B200": {
    "v2_920": {
      "default": {
        "compiled_us": 245.63870303375873,
        "coord_descent_us": null,
        "memcopy_sol_us": 574.8680582104837,
        "total_bytes": 3676078088,
        "gap_default": 0.42729579340068313,
        "gap_cd": null,
        "timestamp": "2026-05-16T16:59:10"
      }
    }
  }
}