{
  "B200": {
    "v3_full": {
      "default": {
        "compiled_us": 107.29621357407649,
        "coord_descent_us": null,
        "memcopy_sol_us": 103.2673019660238,
        "total_bytes": 598996736,
        "gap_default": 1.0390143978911957,
        "gap_cd": null,
        "timestamp": "2026-05-16T18:41:32"
      }
    }
  }
}