{
  "B200": {
    "v3_full": {
      "default": {
        "compiled_us": 12.324301611672789,
        "coord_descent_us": null,
        "memcopy_sol_us": 10.405457228381827,
        "total_bytes": 6159360,
        "gap_default": 1.184407502830067,
        "gap_cd": null,
        "timestamp": "2026-05-16T18:41:32"
      }
    }
  }
}