{
  "B200": {
    "v3_full": {
      "default": {
        "compiled_us": 11.784187643564383,
        "coord_descent_us": null,
        "memcopy_sol_us": 10.96534071472922,
        "total_bytes": 25165824,
        "gap_default": 1.074675922083775,
        "gap_cd": null,
        "timestamp": "2026-05-16T18:41:32"
      }
    }
  }
}