{
  "B200": {
    "v3_full": {
      "default": {
        "compiled_us": 16.393387226140224,
        "coord_descent_us": null,
        "memcopy_sol_us": 10.661994919225291,
        "total_bytes": 20979712,
        "gap_default": 1.5375534644628568,
        "gap_cd": null,
        "timestamp": "2026-05-16T18:41:32"
      }
    }
  }
}