{
  "B200": {
    "v3_full": {
      "default": {
        "compiled_us": 10.247609616066562,
        "coord_descent_us": null,
        "memcopy_sol_us": 9.188719229316487,
        "total_bytes": 2410192,
        "gap_default": 1.115238082732107,
        "gap_cd": null,
        "timestamp": "2026-05-16T18:41:32"
      }
    }
  }
}