{
  "B200": {
    "v2_920": {
      "default": {
        "compiled_us": 151.62779512366498,
        "coord_descent_us": null,
        "memcopy_sol_us": 24.25499259485117,
        "total_bytes": 106954752,
        "gap_default": 6.251405541795647,
        "gap_cd": null,
        "timestamp": "2026-05-16T16:59:10"
      }
    }
  }
}