{
  "B200": {
    "v3_full": {
      "default": {
        "compiled_us": 6.195085595946879,
        "coord_descent_us": null,
        "memcopy_sol_us": 7.151005287418952,
        "total_bytes": 1836032,
        "gap_default": 0.8663237330905263,
        "gap_cd": null,
        "timestamp": "2026-05-16T18:41:32"
      }
    }
  }
}