{
  "B200": {
    "v3_full": {
      "default": {
        "compiled_us": 14.394240918075758,
        "coord_descent_us": null,
        "memcopy_sol_us": 38.20299597271263,
        "total_bytes": 192946176,
        "gap_default": 0.37678303891027753,
        "gap_cd": null,
        "timestamp": "2026-05-16T18:41:32"
      }
    }
  }
}