{
  "B200": {
    "v3_full": {
      "default": {
        "compiled_us": 106.28331238789671,
        "coord_descent_us": null,
        "memcopy_sol_us": 52.21624172435396,
        "total_bytes": 268488356,
        "gap_default": 2.0354454644391913,
        "gap_cd": null,
        "timestamp": "2026-05-16T18:41:32"
      }
    }
  }
}