{
  "B200": {
    "v3_full": {
      "default": {
        "compiled_us": 13.46434713515155,
        "coord_descent_us": null,
        "memcopy_sol_us": 39.62462645949505,
        "total_bytes": 201523200,
        "gap_default": 0.33979745270065903,
        "gap_cd": null,
        "timestamp": "2026-05-16T18:41:32"
      }
    }
  }
}