{
  "B200": {
    "v2_920": {
      "default": {
        "compiled_us": 295.6819420721237,
        "coord_descent_us": null,
        "memcopy_sol_us": 15.619113969407877,
        "total_bytes": 44894144,
        "gap_default": 18.930775628582794,
        "gap_cd": null,
        "timestamp": "2026-05-16T16:59:10"
      }
    }
  }
}