{
  "B200": {
    "v2_920": {
      "default": {
        "compiled_us": 3369.9161430885056,
        "coord_descent_us": null,
        "memcopy_sol_us": 1854.817224684216,
        "total_bytes": 12002385136,
        "gap_default": 1.8168454003128187,
        "gap_cd": null,
        "timestamp": "2026-05-16T16:59:10"
      }
    }
  }
}