{
  "B200": {
    "v2_920": {
      "default": {
        "compiled_us": 31.910889483212184,
        "coord_descent_us": null,
        "memcopy_sol_us": 12.032503310326412,
        "total_bytes": 19272192,
        "gap_default": 2.6520574032027024,
        "gap_cd": null,
        "timestamp": "2026-05-16T16:59:10"
      }
    }
  }
}