{
  "B200": {
    "v2_920": {
      "default": {
        "compiled_us": 8.129199534774047,
        "coord_descent_us": null,
        "memcopy_sol_us": 12.671443779864127,
        "total_bytes": 23080960,
        "gap_default": 0.6415369610597929,
        "gap_cd": null,
        "timestamp": "2026-05-16T16:59:10"
      }
    }
  }
}