{
  "B200": {
    "v3_full": {
      "default": {
        "compiled_us": 63.487208735626496,
        "coord_descent_us": null,
        "memcopy_sol_us": 35.864654405297514,
        "total_bytes": 167772952,
        "gap_default": 1.7701887774568628,
        "gap_cd": null,
        "timestamp": "2026-05-16T18:41:32"
      }
    }
  }
}