{
  "B200": {
    "v2_920": {
      "default": {
        "compiled_us": 2.852766415540579,
        "coord_descent_us": null,
        "memcopy_sol_us": 5.81524726690922,
        "total_bytes": 1,
        "gap_default": 0.4905666577195801,
        "gap_cd": null,
        "timestamp": "2026-05-16T16:59:10"
      }
    }
  }
}