{
  "B200": {
    "v3_full": {
      "default": {
        "compiled_us": 8.185872816833486,
        "coord_descent_us": null,
        "memcopy_sol_us": 7.146278287117066,
        "total_bytes": 1229312,
        "gap_default": 1.145473558116334,
        "gap_cd": null,
        "timestamp": "2026-05-16T18:41:32"
      }
    }
  }
}