{
  "B200": {
    "v3_full": {
      "default": {
        "compiled_us": 6.18633741673528,
        "coord_descent_us": null,
        "memcopy_sol_us": 7.177554521919062,
        "total_bytes": 501760,
        "gap_default": 0.861900442252752,
        "gap_cd": null,
        "timestamp": "2026-05-16T18:41:32"
      }
    }
  }
}