{
  "B200": {
    "v3_full": {
      "default": {
        "compiled_us": 8.192068480706634,
        "coord_descent_us": null,
        "memcopy_sol_us": 7.148936440224873,
        "total_bytes": 603680,
        "gap_default": 1.1459142977705574,
        "gap_cd": null,
        "timestamp": "2026-05-16T18:41:32"
      }
    }
  }
}