{
  "B200": {
    "v3_full": {
      "default": {
        "compiled_us": 15.460752385026833,
        "coord_descent_us": null,
        "memcopy_sol_us": 21.52304252791241,
        "total_bytes": 80383488,
        "gap_default": 0.718334889919786,
        "gap_cd": null,
        "timestamp": "2026-05-16T18:41:32"
      }
    }
  }
}