{
  "B200": {
    "v2_920": {
      "default": {
        "compiled_us": 39.03118828729584,
        "coord_descent_us": null,
        "memcopy_sol_us": 17.45564334829347,
        "total_bytes": 49807872,
        "gap_default": 2.2360211828635737,
        "gap_cd": null,
        "timestamp": "2026-05-16T16:59:10"
      }
    }
  }
}