{
  "B200": {
    "v2_920": {
      "default": {
        "compiled_us": 10.188811326471626,
        "coord_descent_us": null,
        "memcopy_sol_us": 7.032817683218968,
        "total_bytes": 1888,
        "gap_default": 1.4487523757061391,
        "gap_cd": null,
        "timestamp": "2026-05-16T16:59:10"
      }
    }
  }
}