{
  "B200": {
    "v2_920": {
      "default": {
        "compiled_us": 393.87582715438765,
        "coord_descent_us": null,
        "memcopy_sol_us": 310.62910126028277,
        "total_bytes": 1950374788,
        "gap_default": 1.2679939695165607,
        "gap_cd": null,
        "timestamp": "2026-05-16T16:59:10"
      }
    }
  }
}