{
  "B200": {
    "v2_920": {
      "default": {
        "compiled_us": 115.71576672349552,
        "coord_descent_us": null,
        "memcopy_sol_us": 40.93003515485605,
        "total_bytes": 209764352,
        "gap_default": 2.8271602085288383,
        "gap_cd": null,
        "timestamp": "2026-05-16T16:59:10"
      }
    }
  }
}