{
  "B200": {
    "v2_920": {
      "default": {
        "compiled_us": 3.0242962424535036,
        "coord_descent_us": null,
        "memcopy_sol_us": 8.294584559340043,
        "total_bytes": 8388608,
        "gap_default": 0.36461093630639063,
        "gap_cd": null,
        "timestamp": "2026-05-16T16:59:10"
      }
    }
  }
}