{
  "B200": {
    "v2_920": {
      "default": {
        "compiled_us": 34.81083706830294,
        "coord_descent_us": null,
        "memcopy_sol_us": 7.1068311671965025,
        "total_bytes": 2293760,
        "gap_default": 4.898222041489005,
        "gap_cd": null,
        "timestamp": "2026-05-16T16:59:10"
      }
    }
  }
}