{
  "B200": {
    "v2_920": {
      "default": {
        "compiled_us": 36.89350656125569,
        "coord_descent_us": null,
        "memcopy_sol_us": 39.51512727979815,
        "total_bytes": 201326592,
        "gap_default": 0.9336552632114956,
        "gap_cd": null,
        "timestamp": "2026-05-16T16:59:10"
      }
    }
  }
}