{
  "B200": {
    "v3_full": {
      "default": {
        "compiled_us": 214.85797172555556,
        "coord_descent_us": null,
        "memcopy_sol_us": 11.566053922131651,
        "total_bytes": 18968912,
        "gap_default": 18.576601248108027,
        "gap_cd": null,
        "timestamp": "2026-05-16T18:41:32"
      }
    }
  }
}