{
  "B200": {
    "v2_920": {
      "default": {
        "compiled_us": 12.250117137781437,
        "coord_descent_us": null,
        "memcopy_sol_us": 115.39378352435214,
        "total_bytes": 692060160,
        "gap_default": 0.10615924674309887,
        "gap_cd": null,
        "timestamp": "2026-05-16T16:59:10"
      }
    }
  }
}