{
  "B200": {
    "v3_full": {
      "default": {
        "compiled_us": 250.95571315742345,
        "coord_descent_us": null,
        "memcopy_sol_us": 195.01088787020976,
        "total_bytes": 1210613760,
        "gap_default": 1.2868805218939774,
        "gap_cd": null,
        "timestamp": "2026-05-16T18:41:32"
      }
    }
  }
}