{
  "B200": {
    "v2_920": {
      "default": {
        "compiled_us": 10.188819075247224,
        "coord_descent_us": null,
        "memcopy_sol_us": 6.967405535376582,
        "total_bytes": 1904,
        "gap_default": 1.4623548211043709,
        "gap_cd": null,
        "timestamp": "2026-05-16T16:59:10"
      }
    }
  }
}