{
  "B200": {
    "v2_920": {
      "default": {
        "compiled_us": 8.149075991755758,
        "coord_descent_us": null,
        "memcopy_sol_us": 6.985636228785671,
        "total_bytes": 13840,
        "gap_default": 1.1665474303079093,
        "gap_cd": null,
        "timestamp": "2026-05-16T16:59:10"
      }
    }
  }
}