{
  "B200": {
    "v2_920": {
      "default": {
        "compiled_us": 14.270228903770526,
        "coord_descent_us": null,
        "memcopy_sol_us": 13.187703390352556,
        "total_bytes": 33816576,
        "gap_default": 1.0820859767144817,
        "gap_cd": null,
        "timestamp": "2026-05-16T16:59:10"
      }
    }
  }
}