{
  "B200": {
    "v2_920": {
      "default": {
        "compiled_us": 8.140107921701956,
        "coord_descent_us": null,
        "memcopy_sol_us": 9.211324240535028,
        "total_bytes": 2109440,
        "gap_default": 0.8837065886662512,
        "gap_cd": null,
        "timestamp": "2026-05-16T16:59:10"
      }
    }
  }
}