{
  "B200": {
    "v3_full": {
      "default": {
        "compiled_us": 18.450962785332038,
        "coord_descent_us": null,
        "memcopy_sol_us": 19.478735569849206,
        "total_bytes": 67143680,
        "gap_default": 0.9472361652617719,
        "gap_cd": null,
        "timestamp": "2026-05-16T18:41:32"
      }
    }
  }
}