{
  "B200": {
    "v3_full": {
      "default": {
        "compiled_us": 8.240970853578819,
        "coord_descent_us": null,
        "memcopy_sol_us": 7.179601820824247,
        "total_bytes": 454736,
        "gap_default": 1.1478311832943298,
        "gap_cd": null,
        "timestamp": "2026-05-16T18:41:32"
      }
    }
  }
}