{
  "B200": {
    "v2_920": {
      "default": {
        "compiled_us": 53.2286348695079,
        "coord_descent_us": null,
        "memcopy_sol_us": 31.754072569187226,
        "total_bytes": 137434624,
        "gap_default": 1.6762774209050166,
        "gap_cd": null,
        "timestamp": "2026-05-16T16:59:10"
      }
    }
  }
}