{
  "B200": {
    "v2_920": {
      "default": {
        "compiled_us": 172.18752375395871,
        "coord_descent_us": null,
        "memcopy_sol_us": 134.21398240573888,
        "total_bytes": 802639104,
        "gap_default": 1.2829328261300152,
        "gap_cd": null,
        "timestamp": "2026-05-16T16:59:10"
      }
    }
  }
}