{
  "B200": {
    "v2_920": {
      "default": {
        "compiled_us": 158.774859840004,
        "coord_descent_us": null,
        "memcopy_sol_us": 159.4410898857414,
        "total_bytes": 968105984,
        "gap_default": 0.9958214658077487,
        "gap_cd": null,
        "timestamp": "2026-05-16T16:59:10"
      }
    }
  }
}