{
  "B200": {
    "v2_920": {
      "default": {
        "compiled_us": 22.454672120337506,
        "coord_descent_us": null,
        "memcopy_sol_us": 260.1059134555074,
        "total_bytes": 1633681408,
        "gap_default": 0.08632895662396582,
        "gap_cd": null,
        "timestamp": "2026-05-16T16:59:10"
      }
    }
  }
}