{
  "B200": {
    "v3_full": {
      "default": {
        "compiled_us": 12.283572372863267,
        "coord_descent_us": null,
        "memcopy_sol_us": 11.282929872906667,
        "total_bytes": 14256132,
        "gap_default": 1.0886864060335437,
        "gap_cd": null,
        "timestamp": "2026-05-16T18:41:32"
      }
    }
  }
}