{
  "B200": {
    "v3_full": {
      "default": {
        "compiled_us": 6.9418374068519215,
        "coord_descent_us": null,
        "memcopy_sol_us": 7.178639598967182,
        "total_bytes": 1311744,
        "gap_default": 0.9670129432115062,
        "gap_cd": null,
        "timestamp": "2026-05-16T18:41:32"
      }
    }
  }
}