{
  "B200": {
    "v2_920": {
      "default": {
        "compiled_us": 8.627612372891683,
        "coord_descent_us": null,
        "memcopy_sol_us": 7.185589615236115,
        "total_bytes": 302592,
        "gap_default": 1.2006825931998601,
        "gap_cd": null,
        "timestamp": "2026-05-16T16:59:10"
      }
    }
  }
}