{
  "B200": {
    "v2_920": {
      "default": {
        "compiled_us": 16.35206294436367,
        "coord_descent_us": null,
        "memcopy_sol_us": 17.778154830956954,
        "total_bytes": 67108864,
        "gap_default": 0.9197840326989367,
        "gap_cd": null,
        "timestamp": "2026-05-16T16:59:10"
      }
    }
  }
}