{
  "B200": {
    "v3_full": {
      "default": {
        "compiled_us": 49.08550614482856,
        "coord_descent_us": null,
        "memcopy_sol_us": 21.400792633211317,
        "total_bytes": 72257284,
        "gap_default": 2.2936302867891945,
        "gap_cd": null,
        "timestamp": "2026-05-16T18:41:32"
      }
    }
  }
}