{
  "B200": {
    "v2_920": {
      "default": {
        "compiled_us": 26.207208100285406,
        "coord_descent_us": null,
        "memcopy_sol_us": 17.412493148184645,
        "total_bytes": 50333696,
        "gap_default": 1.505080741583388,
        "gap_cd": null,
        "timestamp": "2026-05-16T16:59:10"
      }
    }
  }
}