{
  "B200": {
    "v3_full": {
      "default": {
        "compiled_us": 12.347519658776738,
        "coord_descent_us": null,
        "memcopy_sol_us": 13.33075512284501,
        "total_bytes": 25740768,
        "gap_default": 0.9262430781296631,
        "gap_cd": null,
        "timestamp": "2026-05-16T18:41:32"
      }
    }
  }
}