{
  "B200": {
    "v3_full": {
      "default": {
        "compiled_us": 14.357290384660086,
        "coord_descent_us": null,
        "memcopy_sol_us": 13.330276939225836,
        "total_bytes": 25740656,
        "gap_default": 1.0770436690937866,
        "gap_cd": null,
        "timestamp": "2026-05-16T18:41:32"
      }
    }
  }
}