{
  "B200": {
    "v3_full": {
      "default": {
        "compiled_us": 225.79796960289846,
        "coord_descent_us": null,
        "memcopy_sol_us": 1447.4564790725708,
        "total_bytes": 9336061956,
        "gap_default": 0.15599637907426,
        "gap_cd": null,
        "timestamp": "2026-05-16T18:41:32"
      }
    }
  }
}