{
  "B200": {
    "v2_920": {
      "default": {
        "compiled_us": 10.10822927093773,
        "coord_descent_us": null,
        "memcopy_sol_us": 13.359720378136755,
        "total_bytes": 28452608,
        "gap_default": 0.7566198232322209,
        "gap_cd": null,
        "timestamp": "2026-05-16T16:59:10"
      }
    }
  }
}