{
  "B200": {
    "v3_full": {
      "default": {
        "compiled_us": 6.955469275383297,
        "coord_descent_us": null,
        "memcopy_sol_us": 9.218171101354075,
        "total_bytes": 2099200,
        "gap_default": 0.7545389642812764,
        "gap_cd": null,
        "timestamp": "2026-05-16T18:41:32"
      }
    }
  }
}