{
  "B200": {
    "v2_920": {
      "default": {
        "compiled_us": 8.31635709185831,
        "coord_descent_us": null,
        "memcopy_sol_us": 11.339665483835205,
        "total_bytes": 15748096,
        "gap_default": 0.7333864569209163,
        "gap_cd": null,
        "timestamp": "2026-05-16T16:59:10"
      }
    }
  }
}