{
  "B200": {
    "v2_920": {
      "default": {
        "compiled_us": 98.79687843270668,
        "coord_descent_us": null,
        "memcopy_sol_us": 326.54727146595343,
        "total_bytes": 2057309584,
        "gap_default": 0.3025500044424884,
        "gap_cd": null,
        "timestamp": "2026-05-16T16:59:10"
      }
    }
  }
}