{
  "B200": {
    "v2_920": {
      "default": {
        "compiled_us": 10.273954924605853,
        "coord_descent_us": null,
        "memcopy_sol_us": 7.178465066088903,
        "total_bytes": 68646,
        "gap_default": 1.4312189068301044,
        "gap_cd": null,
        "timestamp": "2026-05-16T16:59:10"
      }
    }
  }
}