{
  "B200": {
    "v2_920": {
      "default": {
        "compiled_us": 2.849397764319037,
        "coord_descent_us": null,
        "memcopy_sol_us": 10.401109682483867,
        "total_bytes": 18874368,
        "gap_default": 0.27395132358979013,
        "gap_cd": null,
        "timestamp": "2026-05-16T16:59:10"
      }
    }
  }
}