{
  "B200": {
    "v2_920": {
      "default": {
        "compiled_us": 10.275200771463291,
        "coord_descent_us": null,
        "memcopy_sol_us": 11.27052674189902,
        "total_bytes": 10519040,
        "gap_default": 0.9116877149374456,
        "gap_cd": null,
        "timestamp": "2026-05-16T16:59:10"
      }
    }
  }
}