{
  "B200": {
    "v3_full": {
      "default": {
        "compiled_us": 101.47321395665135,
        "coord_descent_us": null,
        "memcopy_sol_us": 40.24996351031354,
        "total_bytes": 206602240,
        "gap_default": 2.5210759242216487,
        "gap_cd": null,
        "timestamp": "2026-05-16T18:41:32"
      }
    }
  }
}