{
  "B200": {
    "v3_full": {
      "default": {
        "compiled_us": 14.37964049177811,
        "coord_descent_us": null,
        "memcopy_sol_us": 15.241057038989325,
        "total_bytes": 50331648,
        "gap_default": 0.9434805246770248,
        "gap_cd": null,
        "timestamp": "2026-05-16T18:41:32"
      }
    }
  }
}