{
  "B200": {
    "v3_full": {
      "default": {
        "compiled_us": 15.343521867518472,
        "coord_descent_us": null,
        "memcopy_sol_us": 13.324688554190214,
        "total_bytes": 24400896,
        "gap_default": 1.1515107317606605,
        "gap_cd": null,
        "timestamp": "2026-05-16T18:41:32"
      }
    }
  }
}