{
  "B200": {
    "v2_920": {
      "default": {
        "compiled_us": 16.33419212732692,
        "coord_descent_us": null,
        "memcopy_sol_us": 11.508285058271946,
        "total_bytes": 29196288,
        "gap_default": 1.419341982286596,
        "gap_cd": null,
        "timestamp": "2026-05-16T16:59:10"
      }
    }
  }
}