{
  "B200": {
    "v2_920": {
      "default": {
        "compiled_us": 27.74187755853343,
        "coord_descent_us": null,
        "memcopy_sol_us": 28.949066806244005,
        "total_bytes": 134217728,
        "gap_default": 0.9582995453431958,
        "gap_cd": null,
        "timestamp": "2026-05-16T16:59:10"
      }
    }
  }
}