{
  "B200": {
    "v3_full": {
      "default": {
        "compiled_us": 12.330801748066685,
        "coord_descent_us": null,
        "memcopy_sol_us": 9.533810163063468,
        "total_bytes": 6159360,
        "gap_default": 1.293376051878976,
        "gap_cd": null,
        "timestamp": "2026-05-16T18:41:32"
      }
    }
  }
}