{
  "B200": {
    "v3_full": {
      "default": {
        "compiled_us": 18.760966568735192,
        "coord_descent_us": null,
        "memcopy_sol_us": 19.429520493650863,
        "total_bytes": 77070340,
        "gap_default": 0.9655908170696164,
        "gap_cd": null,
        "timestamp": "2026-05-16T18:41:32"
      }
    }
  }
}