{
  "B200": {
    "v2_920": {
      "default": {
        "compiled_us": 27.46199863189358,
        "coord_descent_us": null,
        "memcopy_sol_us": 28.87362551317211,
        "total_bytes": 134217728,
        "gap_default": 0.9511101617413944,
        "gap_cd": null,
        "timestamp": "2026-05-16T16:59:10"
      }
    }
  }
}