{
  "B200": {
    "v3_full": {
      "default": {
        "compiled_us": 44.93123972342712,
        "coord_descent_us": null,
        "memcopy_sol_us": 42.300739080112436,
        "total_bytes": 218497024,
        "gap_default": 1.0621856899079904,
        "gap_cd": null,
        "timestamp": "2026-05-16T18:41:32"
      }
    }
  }
}