{
  "B200": {
    "v3_full": {
      "default": {
        "compiled_us": 28.818759875384,
        "coord_descent_us": null,
        "memcopy_sol_us": 21.275912956383994,
        "total_bytes": 86728704,
        "gap_default": 1.3545251822783342,
        "gap_cd": null,
        "timestamp": "2026-05-16T18:41:32"
      }
    }
  }
}