{
  "B200": {
    "v2_920": {
      "default": {
        "compiled_us": 16.86270743290331,
        "coord_descent_us": null,
        "memcopy_sol_us": 139.73063068404417,
        "total_bytes": 838934528,
        "gap_default": 0.12068010679085027,
        "gap_cd": null,
        "timestamp": "2026-05-16T16:59:10"
      }
    }
  }
}