{
  "B200": {
    "v2_920": {
      "default": {
        "compiled_us": 55.798752659388136,
        "coord_descent_us": null,
        "memcopy_sol_us": 42.188494472687836,
        "total_bytes": 201329664,
        "gap_default": 1.3226059227003553,
        "gap_cd": null,
        "timestamp": "2026-05-16T16:59:10"
      }
    }
  }
}