{
  "B200": {
    "v2_920": {
      "default": {
        "compiled_us": 10.1970468570823,
        "coord_descent_us": null,
        "memcopy_sol_us": 7.01526875070615,
        "total_bytes": 1240,
        "gap_default": 1.4535504225773068,
        "gap_cd": null,
        "timestamp": "2026-05-16T16:59:10"
      }
    }
  }
}