{
  "B200": {
    "v2_920": {
      "default": {
        "compiled_us": 433.06379305555464,
        "coord_descent_us": null,
        "memcopy_sol_us": 30.276919797014337,
        "total_bytes": 129799688,
        "gap_default": 14.303429673789335,
        "gap_cd": null,
        "timestamp": "2026-05-16T16:59:10"
      }
    }
  }
}