{
  "B200": {
    "v3_full": {
      "default": {
        "compiled_us": 12.33281849389091,
        "coord_descent_us": null,
        "memcopy_sol_us": 11.271999980447887,
        "total_bytes": 15888384,
        "gap_default": 1.094110939964788,
        "gap_cd": null,
        "timestamp": "2026-05-16T18:41:32"
      }
    }
  }
}