{
  "B200": {
    "v2_920": {
      "default": {
        "compiled_us": 12.37183590253642,
        "coord_descent_us": null,
        "memcopy_sol_us": 13.181954312946928,
        "total_bytes": 33554432,
        "gap_default": 0.9385433759533794,
        "gap_cd": null,
        "timestamp": "2026-05-16T16:59:10"
      }
    }
  }
}