{
  "B200": {
    "v2_920": {
      "default": {
        "compiled_us": 8.162080802913808,
        "coord_descent_us": null,
        "memcopy_sol_us": 11.314190604005542,
        "total_bytes": 12585984,
        "gap_default": 0.7214020948192442,
        "gap_cd": null,
        "timestamp": "2026-05-16T16:59:10"
      }
    }
  }
}