{
  "B200": {
    "v2_920": {
      "default": {
        "compiled_us": 73.86829284951091,
        "coord_descent_us": null,
        "memcopy_sol_us": 25.978013462172104,
        "total_bytes": 117489664,
        "gap_default": 2.8434927465517816,
        "gap_cd": null,
        "timestamp": "2026-05-16T16:59:10"
      }
    }
  }
}