{
  "B200": {
    "v2_920": {
      "default": {
        "compiled_us": 1068.7982228067185,
        "coord_descent_us": null,
        "memcopy_sol_us": 432.7522249561604,
        "total_bytes": 2738774020,
        "gap_default": 2.469769445818545,
        "gap_cd": null,
        "timestamp": "2026-05-16T16:59:10"
      }
    }
  }
}