{
  "B200": {
    "v3_full": {
      "default": {
        "compiled_us": 530.6156737463815,
        "coord_descent_us": null,
        "memcopy_sol_us": 227.22765064176596,
        "total_bytes": 1409605024,
        "gap_default": 2.3351721159275622,
        "gap_cd": null,
        "timestamp": "2026-05-16T18:41:32"
      }
    }
  }
}