{
  "B200": {
    "v3_full": {
      "default": {
        "compiled_us": 38.923607707807896,
        "coord_descent_us": null,
        "memcopy_sol_us": 40.007103869970464,
        "total_bytes": 206053888,
        "gap_default": 0.9729174057266403,
        "gap_cd": null,
        "timestamp": "2026-05-16T18:41:32"
      }
    }
  }
}