{
  "B200": {
    "v2_920": {
      "default": {
        "compiled_us": 215.52012491576363,
        "coord_descent_us": null,
        "memcopy_sol_us": 50.27699475791657,
        "total_bytes": 259409540,
        "gap_default": 4.286654879701775,
        "gap_cd": null,
        "timestamp": "2026-05-16T16:59:10"
      }
    }
  }
}