{
  "B200": {
    "v3_full": {
      "default": {
        "compiled_us": 8.21209666856758,
        "coord_descent_us": null,
        "memcopy_sol_us": 11.370554208130894,
        "total_bytes": 28680192,
        "gap_default": 0.7222248377915693,
        "gap_cd": null,
        "timestamp": "2026-05-16T18:41:32"
      }
    }
  }
}