{
  "B200": {
    "v2_920": {
      "default": {
        "compiled_us": 20.339714535404063,
        "coord_descent_us": null,
        "memcopy_sol_us": 13.1961334258357,
        "total_bytes": 20983808,
        "gap_default": 1.5413389573329481,
        "gap_cd": null,
        "timestamp": "2026-05-16T16:59:10"
      }
    }
  }
}