{
  "B200": {
    "v2_920": {
      "default": {
        "compiled_us": 80.35286520888287,
        "coord_descent_us": null,
        "memcopy_sol_us": 43.94621945053433,
        "total_bytes": 213987328,
        "gap_default": 1.8284363527408247,
        "gap_cd": null,
        "timestamp": "2026-05-16T16:59:10"
      }
    }
  }
}