{
  "B200": {
    "v2_920": {
      "default": {
        "compiled_us": 10.329811697299698,
        "coord_descent_us": null,
        "memcopy_sol_us": 11.273455697547838,
        "total_bytes": 27164672,
        "gap_default": 0.916295054013172,
        "gap_cd": null,
        "timestamp": "2026-05-16T16:59:10"
      }
    }
  }
}