{
  "B200": {
    "v3_full": {
      "default": {
        "compiled_us": 16.385194356439616,
        "coord_descent_us": null,
        "memcopy_sol_us": 11.26836663375679,
        "total_bytes": 12846592,
        "gap_default": 1.4540877918681028,
        "gap_cd": null,
        "timestamp": "2026-05-16T18:41:32"
      }
    }
  }
}