{
  "B200": {
    "v3_full": {
      "default": {
        "compiled_us": 30.748693167962216,
        "coord_descent_us": null,
        "memcopy_sol_us": 34.30367682279819,
        "total_bytes": 170065920,
        "gap_default": 0.8963672706806364,
        "gap_cd": null,
        "timestamp": "2026-05-16T18:41:32"
      }
    }
  }
}