{
  "B200": {
    "v3_full": {
      "default": {
        "compiled_us": 38.05808578763607,
        "coord_descent_us": null,
        "memcopy_sol_us": 17.776282635317795,
        "total_bytes": 67108864,
        "gap_default": 2.1409473830047303,
        "gap_cd": null,
        "timestamp": "2026-05-16T18:41:32"
      }
    }
  }
}