{
  "B200": {
    "v3_full": {
      "default": {
        "compiled_us": 24.79568565437685,
        "coord_descent_us": null,
        "memcopy_sol_us": 27.660502614537652,
        "total_bytes": 113577984,
        "gap_default": 0.8964293237876623,
        "gap_cd": null,
        "timestamp": "2026-05-16T18:41:32"
      }
    }
  }
}