{
  "B200": {
    "v2_920": {
      "default": {
        "compiled_us": 10.179755479075324,
        "coord_descent_us": null,
        "memcopy_sol_us": 11.287753938073214,
        "total_bytes": 16779264,
        "gap_default": 0.9018406615632674,
        "gap_cd": null,
        "timestamp": "2026-05-16T16:59:10"
      }
    }
  }
}