{
  "B200": {
    "v3_full": {
      "default": {
        "compiled_us": 93.10559214175423,
        "coord_descent_us": null,
        "memcopy_sol_us": 52.21741514340523,
        "total_bytes": 269748484,
        "gap_default": 1.7830371703780696,
        "gap_cd": null,
        "timestamp": "2026-05-16T18:41:32"
      }
    }
  }
}