{
  "B200": {
    "v2_920": {
      "default": {
        "compiled_us": 12.31612595971318,
        "coord_descent_us": null,
        "memcopy_sol_us": 11.323626299962585,
        "total_bytes": 10768896,
        "gap_default": 1.087648570648598,
        "gap_cd": null,
        "timestamp": "2026-05-16T16:59:10"
      }
    }
  }
}