{
  "B200": {
    "v2_920": {
      "default": {
        "compiled_us": 8.146557884367688,
        "coord_descent_us": null,
        "memcopy_sol_us": 7.100156521471954,
        "total_bytes": 32769,
        "gap_default": 1.147377224675436,
        "gap_cd": null,
        "timestamp": "2026-05-16T16:59:10"
      }
    }
  }
}