{
  "B200": {
    "v3_full": {
      "default": {
        "compiled_us": 7.7112241810183715,
        "coord_descent_us": null,
        "memcopy_sol_us": 9.239352104427809,
        "total_bytes": 5956848,
        "gap_default": 0.834606592958276,
        "gap_cd": null,
        "timestamp": "2026-05-16T18:41:32"
      }
    }
  }
}