{
  "B200": {
    "v2_920": {
      "default": {
        "compiled_us": 12.225437423384518,
        "coord_descent_us": null,
        "memcopy_sol_us": 11.791706502970394,
        "total_bytes": 29884416,
        "gap_default": 1.0367827099754277,
        "gap_cd": null,
        "timestamp": "2026-05-16T16:59:10"
      }
    }
  }
}