{
  "B200": {
    "v2_920": {
      "default": {
        "compiled_us": 14.285484918670663,
        "coord_descent_us": null,
        "memcopy_sol_us": 7.177203886752578,
        "total_bytes": 1998848,
        "gap_default": 1.9903969768837546,
        "gap_cd": null,
        "timestamp": "2026-05-16T16:59:10"
      }
    }
  }
}