{
  "B200": {
    "v2_920": {
      "default": {
        "compiled_us": 22.65393180172419,
        "coord_descent_us": null,
        "memcopy_sol_us": 19.460214803796358,
        "total_bytes": 62917632,
        "gap_default": 1.1641151976033066,
        "gap_cd": null,
        "timestamp": "2026-05-16T16:59:10"
      }
    }
  }
}