{
  "B200": {
    "v3_full": {
      "default": {
        "compiled_us": 6.172410907925336,
        "coord_descent_us": null,
        "memcopy_sol_us": 29.322781740669527,
        "total_bytes": 134381568,
        "gap_default": 0.21049881837658152,
        "gap_cd": null,
        "timestamp": "2026-05-16T18:41:32"
      }
    }
  }
}