{
  "B200": {
    "v3_full": {
      "default": {
        "compiled_us": 482.8003802168088,
        "coord_descent_us": null,
        "memcopy_sol_us": 261.77073236919654,
        "total_bytes": 1647378436,
        "gap_default": 1.8443634849746158,
        "gap_cd": null,
        "timestamp": "2026-05-16T18:41:32"
      }
    }
  }
}