{
  "B200": {
    "v3_full": {
      "default": {
        "compiled_us": 6311.46946261006,
        "coord_descent_us": null,
        "memcopy_sol_us": 1122.654137223266,
        "total_bytes": 7227451648,
        "gap_default": 5.6219179650650295,
        "gap_cd": null,
        "timestamp": "2026-05-16T18:41:32"
      }
    }
  }
}