{
  "B200": {
    "v2_920": {
      "default": {
        "compiled_us": 13.299946619655138,
        "coord_descent_us": null,
        "memcopy_sol_us": 11.315297510295862,
        "total_bytes": 8753576,
        "gap_default": 1.1753952211643954,
        "gap_cd": null,
        "timestamp": "2026-05-16T16:59:10"
      }
    }
  }
}