{
  "B200": {
    "v3_full": {
      "default": {
        "compiled_us": 1103.994847714216,
        "coord_descent_us": null,
        "memcopy_sol_us": 714.0506483558426,
        "total_bytes": 4573043048,
        "gap_default": 1.5461015969332852,
        "gap_cd": null,
        "timestamp": "2026-05-16T18:41:32"
      }
    }
  }
}