{
  "B200": {
    "v2_920": {
      "default": {
        "compiled_us": 8.234488308616548,
        "coord_descent_us": null,
        "memcopy_sol_us": 25.327385643449063,
        "total_bytes": 107937792,
        "gap_default": 0.32512192235468257,
        "gap_cd": null,
        "timestamp": "2026-05-16T16:59:10"
      }
    }
  }
}