{
  "B200": {
    "v2_920": {
      "default": {
        "compiled_us": 8.203512438627728,
        "coord_descent_us": null,
        "memcopy_sol_us": 39.434354100656044,
        "total_bytes": 200540160,
        "gap_default": 0.20802958805127864,
        "gap_cd": null,
        "timestamp": "2026-05-16T16:59:10"
      }
    }
  }
}