{
  "B200": {
    "v2_920": {
      "default": {
        "compiled_us": 36.03944891833124,
        "coord_descent_us": null,
        "memcopy_sol_us": 19.127695404985065,
        "total_bytes": 75497472,
        "gap_default": 1.8841500847477228,
        "gap_cd": null,
        "timestamp": "2026-05-16T16:59:10"
      }
    }
  }
}