{
  "B200": {
    "v3_full": {
      "default": {
        "compiled_us": 6.23424014135471,
        "coord_descent_us": null,
        "memcopy_sol_us": 7.179329843502651,
        "total_bytes": 506880,
        "gap_default": 0.8683596209187611,
        "gap_cd": null,
        "timestamp": "2026-05-16T18:41:32"
      }
    }
  }
}