{
  "B200": {
    "v3_full": {
      "default": {
        "compiled_us": 12.048683881454638,
        "coord_descent_us": null,
        "memcopy_sol_us": 13.889340033254742,
        "total_bytes": 34089120,
        "gap_default": 0.8674770617327325,
        "gap_cd": null,
        "timestamp": "2026-05-16T18:41:32"
      }
    }
  }
}