{
  "B200": {
    "v2_920": {
      "default": {
        "compiled_us": 33.95956582268596,
        "coord_descent_us": null,
        "memcopy_sol_us": 44.7632104866984,
        "total_bytes": 235929600,
        "gap_default": 0.75864902122642,
        "gap_cd": null,
        "timestamp": "2026-05-16T16:59:10"
      }
    }
  }
}