{
  "B200": {
    "v3_full": {
      "default": {
        "compiled_us": 151.45320957481917,
        "coord_descent_us": null,
        "memcopy_sol_us": 25.607897806743022,
        "total_bytes": 104006500,
        "gap_default": 5.914316384648286,
        "gap_cd": null,
        "timestamp": "2026-05-16T18:41:32"
      }
    }
  }
}