{
  "B200": {
    "v3_full": {
      "default": {
        "compiled_us": 28.70605955888713,
        "coord_descent_us": null,
        "memcopy_sol_us": 19.46010759282773,
        "total_bytes": 63117312,
        "gap_default": 1.4751233733911684,
        "gap_cd": null,
        "timestamp": "2026-05-16T18:41:32"
      }
    }
  }
}