{
  "B200": {
    "v2_920": {
      "default": {
        "compiled_us": 3.079324752322772,
        "coord_descent_us": null,
        "memcopy_sol_us": 15.223035153151306,
        "total_bytes": 50331648,
        "gap_default": 0.2022806044486683,
        "gap_cd": null,
        "timestamp": "2026-05-16T16:59:10"
      }
    }
  }
}