{
  "B200": {
    "v3_full": {
      "default": {
        "compiled_us": 33.93658520650406,
        "coord_descent_us": null,
        "memcopy_sol_us": 35.97506913911738,
        "total_bytes": 178257920,
        "gap_default": 0.9433362052834312,
        "gap_cd": null,
        "timestamp": "2026-05-16T18:41:32"
      }
    }
  }
}