{
  "B200": {
    "v3_full": {
      "default": {
        "compiled_us": 20.49890239345234,
        "coord_descent_us": null,
        "memcopy_sol_us": 26.100946637395314,
        "total_bytes": 118013952,
        "gap_default": 0.7853700740525319,
        "gap_cd": null,
        "timestamp": "2026-05-16T18:41:32"
      }
    }
  }
}