{
  "B200": {
    "v2_920": {
      "default": {
        "compiled_us": 14.492244754158564,
        "coord_descent_us": null,
        "memcopy_sol_us": 13.086734381115933,
        "total_bytes": 33693696,
        "gap_default": 1.1073996256140701,
        "gap_cd": null,
        "timestamp": "2026-05-16T16:59:10"
      }
    }
  }
}