{
  "B200": {
    "v3_full": {
      "default": {
        "compiled_us": 69.59712797333951,
        "coord_descent_us": null,
        "memcopy_sol_us": 17.53802470086315,
        "total_bytes": 56832000,
        "gap_default": 3.968356138186658,
        "gap_cd": null,
        "timestamp": "2026-05-16T18:41:32"
      }
    }
  }
}