{
  "B200": {
    "v3_full": {
      "default": {
        "compiled_us": 10.189929466755206,
        "coord_descent_us": null,
        "memcopy_sol_us": 11.018906206989708,
        "total_bytes": 25165824,
        "gap_default": 0.924767783238898,
        "gap_cd": null,
        "timestamp": "2026-05-16T18:41:32"
      }
    }
  }
}