{
  "B200": {
    "v2_920": {
      "default": {
        "compiled_us": 6.146891298874119,
        "coord_descent_us": null,
        "memcopy_sol_us": 7.013629912557602,
        "total_bytes": 48,
        "gap_default": 0.876420822813644,
        "gap_cd": null,
        "timestamp": "2026-05-16T16:59:10"
      }
    }
  }
}