{
  "B200": {
    "v3_full": {
      "default": {
        "compiled_us": 12.278604869983933,
        "coord_descent_us": null,
        "memcopy_sol_us": 15.381861271701714,
        "total_bytes": 42483968,
        "gap_default": 0.7982522175371002,
        "gap_cd": null,
        "timestamp": "2026-05-16T18:41:32"
      }
    }
  }
}