{
  "B200": {
    "v3_full": {
      "default": {
        "compiled_us": 30.121230597945303,
        "coord_descent_us": null,
        "memcopy_sol_us": 31.587688349811753,
        "total_bytes": 151060480,
        "gap_default": 0.953575021520206,
        "gap_cd": null,
        "timestamp": "2026-05-16T18:41:32"
      }
    }
  }
}