{
  "B200": {
    "v2_920": {
      "default": {
        "compiled_us": 209.0266636122972,
        "coord_descent_us": null,
        "memcopy_sol_us": 89.5149108204229,
        "total_bytes": 525139972,
        "gap_default": 2.335104416644379,
        "gap_cd": null,
        "timestamp": "2026-05-16T16:59:10"
      }
    }
  }
}