{
  "B200": {
    "v3_full": {
      "default": {
        "compiled_us": 14.400714694557163,
        "coord_descent_us": null,
        "memcopy_sol_us": 13.32990392255556,
        "total_bytes": 25703024,
        "gap_default": 1.0803314696206985,
        "gap_cd": null,
        "timestamp": "2026-05-16T18:41:32"
      }
    }
  }
}