{
  "B200": {
    "v3_full": {
      "default": {
        "compiled_us": 27.828540983305366,
        "coord_descent_us": null,
        "memcopy_sol_us": 30.094111111628816,
        "total_bytes": 142606336,
        "gap_default": 0.9247171607787412,
        "gap_cd": null,
        "timestamp": "2026-05-16T18:41:32"
      }
    }
  }
}