{
  "B200": {
    "v2_920": {
      "default": {
        "compiled_us": 39.06372656887167,
        "coord_descent_us": null,
        "memcopy_sol_us": 7.030944133738804,
        "total_bytes": 1240,
        "gap_default": 5.55597169111611,
        "gap_cd": null,
        "timestamp": "2026-05-16T16:59:10"
      }
    }
  }
}