{
  "B200": {
    "v3_full": {
      "default": {
        "compiled_us": 71.75853907794547,
        "coord_descent_us": null,
        "memcopy_sol_us": 75.88262035158888,
        "total_bytes": 436731904,
        "gap_default": 0.9456518336539355,
        "gap_cd": null,
        "timestamp": "2026-05-16T18:41:32"
      }
    }
  }
}