{
  "B200": {
    "v3_full": {
      "default": {
        "compiled_us": 12.33125454423844,
        "coord_descent_us": null,
        "memcopy_sol_us": 11.247010170684081,
        "total_bytes": 25690112,
        "gap_default": 1.0964028979346438,
        "gap_cd": null,
        "timestamp": "2026-05-16T18:41:32"
      }
    }
  }
}