{
  "B200": {
    "v2_920": {
      "default": {
        "compiled_us": 41.184709488912766,
        "coord_descent_us": null,
        "memcopy_sol_us": 23.318790052825594,
        "total_bytes": 100663296,
        "gap_default": 1.7661597962679163,
        "gap_cd": null,
        "timestamp": "2026-05-16T16:59:10"
      }
    }
  }
}