{
  "B200": {
    "v3_full": {
      "default": {
        "compiled_us": 24.42047474314438,
        "coord_descent_us": null,
        "memcopy_sol_us": 25.615853837571148,
        "total_bytes": 104959232,
        "gap_default": 0.9533344036858342,
        "gap_cd": null,
        "timestamp": "2026-05-16T18:41:32"
      }
    }
  }
}