{
  "B200": {
    "v3_full": {
      "default": {
        "compiled_us": 8.235029494726515,
        "coord_descent_us": null,
        "memcopy_sol_us": 7.172613691545619,
        "total_bytes": 1098536,
        "gap_default": 1.1481211520471497,
        "gap_cd": null,
        "timestamp": "2026-05-16T18:41:32"
      }
    }
  }
}