{
  "B200": {
    "v2_920": {
      "default": {
        "compiled_us": 139.33638853801264,
        "coord_descent_us": null,
        "memcopy_sol_us": 142.9799963968551,
        "total_bytes": 872415232,
        "gap_default": 0.9745166600177463,
        "gap_cd": null,
        "timestamp": "2026-05-16T16:59:10"
      }
    }
  }
}