{
  "B200": {
    "v2_920": {
      "default": {
        "compiled_us": 13.741087828058854,
        "coord_descent_us": null,
        "memcopy_sol_us": 10.34215521585836,
        "total_bytes": 6424832,
        "gap_default": 1.3286483852987112,
        "gap_cd": null,
        "timestamp": "2026-05-16T16:59:10"
      }
    }
  }
}