{
  "B200": {
    "v3_full": {
      "default": {
        "compiled_us": 71.89155631256676,
        "coord_descent_us": null,
        "memcopy_sol_us": 68.60117441474283,
        "total_bytes": 375062536,
        "gap_default": 1.0479639295667336,
        "gap_cd": null,
        "timestamp": "2026-05-16T18:41:32"
      }
    }
  }
}