{
  "B200": {
    "v3_full": {
      "default": {
        "compiled_us": 10.368776094637065,
        "coord_descent_us": null,
        "memcopy_sol_us": 9.271958883230191,
        "total_bytes": 4985856,
        "gap_default": 1.118294011569728,
        "gap_cd": null,
        "timestamp": "2026-05-16T18:41:32"
      }
    }
  }
}