{
  "B200": {
    "v2_920": {
      "default": {
        "compiled_us": 39.00527902099917,
        "coord_descent_us": null,
        "memcopy_sol_us": 15.359397699245472,
        "total_bytes": 36704768,
        "gap_default": 2.539505766096238,
        "gap_cd": null,
        "timestamp": "2026-05-16T16:59:10"
      }
    }
  }
}