{
  "B200": {
    "v2_920": {
      "default": {
        "compiled_us": 3.036461613620536,
        "coord_descent_us": null,
        "memcopy_sol_us": 8.446509338137691,
        "total_bytes": 8388608,
        "gap_default": 0.35949307483865556,
        "gap_cd": null,
        "timestamp": "2026-05-16T16:59:10"
      }
    }
  }
}