{
  "B200": {
    "v2_920": {
      "default": {
        "compiled_us": 44.53341674375283,
        "coord_descent_us": null,
        "memcopy_sol_us": 62.89610128468645,
        "total_bytes": 335548416,
        "gap_default": 0.7080473325712408,
        "gap_cd": null,
        "timestamp": "2026-05-16T16:59:10"
      }
    }
  }
}