{
  "B200": {
    "v2_920": {
      "default": {
        "compiled_us": 226.37794400389132,
        "coord_descent_us": null,
        "memcopy_sol_us": 64.47508977772344,
        "total_bytes": 349997568,
        "gap_default": 3.511091567058296,
        "gap_cd": null,
        "timestamp": "2026-05-16T16:59:10"
      }
    }
  }
}