{
  "B200": {
    "v2_920": {
      "default": {
        "compiled_us": 168.55792292131164,
        "coord_descent_us": null,
        "memcopy_sol_us": 97.29002181348763,
        "total_bytes": 564212672,
        "gap_default": 1.732530425827738,
        "gap_cd": null,
        "timestamp": "2026-05-16T16:59:10"
      }
    }
  }
}