{
  "B200": {
    "v3_full": {
      "default": {
        "compiled_us": 10.194997962793659,
        "coord_descent_us": null,
        "memcopy_sol_us": 11.271433871164849,
        "total_bytes": 20094740,
        "gap_default": 0.9044987602575585,
        "gap_cd": null,
        "timestamp": "2026-05-16T18:41:32"
      }
    }
  }
}