{
  "B200": {
    "v3_full": {
      "default": {
        "compiled_us": 2.8348584137430866,
        "coord_descent_us": null,
        "memcopy_sol_us": 5.830029943049847,
        "total_bytes": 16,
        "gap_default": 0.4862510898632015,
        "gap_cd": null,
        "timestamp": "2026-05-16T18:41:32"
      }
    }
  }
}