{
  "B200": {
    "v2_920": {
      "default": {
        "compiled_us": 26.082506293144082,
        "coord_descent_us": null,
        "memcopy_sol_us": 22.290723966963135,
        "total_bytes": 64492032,
        "gap_default": 1.1701058400705473,
        "gap_cd": null,
        "timestamp": "2026-05-16T16:59:10"
      }
    }
  }
}