{
  "B200": {
    "v2_920": {
      "default": {
        "compiled_us": 16.34706360981165,
        "coord_descent_us": null,
        "memcopy_sol_us": 17.743864207866967,
        "total_bytes": 67108864,
        "gap_default": 0.9212797966839699,
        "gap_cd": null,
        "timestamp": "2026-05-16T16:59:10"
      }
    }
  }
}