{
  "B200": {
    "v2_920": {
      "default": {
        "compiled_us": 34.09932942523254,
        "coord_descent_us": null,
        "memcopy_sol_us": 17.411595153054087,
        "total_bytes": 50468864,
        "gap_default": 1.9584265040329367,
        "gap_cd": null,
        "timestamp": "2026-05-16T16:59:10"
      }
    }
  }
}