{
  "B200": {
    "v2_920": {
      "default": {
        "compiled_us": 787.6678700248401,
        "coord_descent_us": null,
        "memcopy_sol_us": 476.1418684170796,
        "total_bytes": 3025548648,
        "gap_default": 1.654271388994671,
        "gap_cd": null,
        "timestamp": "2026-05-16T16:59:10"
      }
    }
  }
}