{
  "B200": {
    "v2_920": {
      "default": {
        "compiled_us": 31.30277537158524,
        "coord_descent_us": null,
        "memcopy_sol_us": 40.47013672395766,
        "total_bytes": 207618048,
        "gap_default": 0.7734783696209879,
        "gap_cd": null,
        "timestamp": "2026-05-16T16:59:10"
      }
    }
  }
}