{
  "B200": {
    "v2_920": {
      "default": {
        "compiled_us": 10.244150968261625,
        "coord_descent_us": null,
        "memcopy_sol_us": 7.030468914171619,
        "total_bytes": 1048,
        "gap_default": 1.4571077823290064,
        "gap_cd": null,
        "timestamp": "2026-05-16T16:59:10"
      }
    }
  }
}