{
  "B200": {
    "v3_full": {
      "default": {
        "compiled_us": 90.46999487559937,
        "coord_descent_us": null,
        "memcopy_sol_us": 9.39720385149205,
        "total_bytes": 5181760,
        "gap_default": 9.627331311029813,
        "gap_cd": null,
        "timestamp": "2026-05-16T18:41:32"
      }
    }
  }
}