{
  "B200": {
    "v2_920": {
      "default": {
        "compiled_us": 8.520929904509211,
        "coord_descent_us": null,
        "memcopy_sol_us": 8.75186592170466,
        "total_bytes": 11649024,
        "gap_default": 0.9736129393135782,
        "gap_cd": null,
        "timestamp": "2026-05-16T16:59:10"
      }
    }
  }
}