{
  "B200": {
    "v2_920": {
      "default": {
        "compiled_us": 18.4550482841361,
        "coord_descent_us": null,
        "memcopy_sol_us": 34.53630878059448,
        "total_bytes": 156455936,
        "gap_default": 0.5343665532231331,
        "gap_cd": null,
        "timestamp": "2026-05-16T16:59:10"
      }
    }
  }
}