{
  "B200": {
    "v3_full": {
      "default": {
        "compiled_us": 35.16608329143621,
        "coord_descent_us": null,
        "memcopy_sol_us": 17.2952208236048,
        "total_bytes": 48507008,
        "gap_default": 2.0332832780857566,
        "gap_cd": null,
        "timestamp": "2026-05-16T18:41:32"
      }
    }
  }
}