{
  "B200": {
    "v3_full": {
      "default": {
        "compiled_us": 26.58623730322463,
        "coord_descent_us": null,
        "memcopy_sol_us": 16.544747422114625,
        "total_bytes": 46149632,
        "gap_default": 1.606929173647462,
        "gap_cd": null,
        "timestamp": "2026-05-16T18:41:32"
      }
    }
  }
}