{
  "B200": {
    "v2_920": {
      "default": {
        "compiled_us": 282.4955302642722,
        "coord_descent_us": null,
        "memcopy_sol_us": 80.89317306097377,
        "total_bytes": 455082572,
        "gap_default": 3.492204837252945,
        "gap_cd": null,
        "timestamp": "2026-05-16T16:59:10"
      }
    }
  }
}