{
  "B200": {
    "v3_full": {
      "default": {
        "compiled_us": 13.42368994738331,
        "coord_descent_us": null,
        "memcopy_sol_us": 29.05283562945637,
        "total_bytes": 134348800,
        "gap_default": 0.46204405375746416,
        "gap_cd": null,
        "timestamp": "2026-05-16T18:41:32"
      }
    }
  }
}