{
  "B200": {
    "v2_920": {
      "default": {
        "compiled_us": 241.7150030241293,
        "coord_descent_us": null,
        "memcopy_sol_us": 80.82479167160984,
        "total_bytes": 453567492,
        "gap_default": 2.990604714531334,
        "gap_cd": null,
        "timestamp": "2026-05-16T16:59:10"
      }
    }
  }
}