{
  "B200": {
    "v2_920": {
      "default": {
        "compiled_us": 200.85952159044515,
        "coord_descent_us": null,
        "memcopy_sol_us": 828.849870147127,
        "total_bytes": 5324210184,
        "gap_default": 0.24233522719233955,
        "gap_cd": null,
        "timestamp": "2026-05-16T16:59:10"
      }
    }
  }
}