{
  "B200": {
    "v3_full": {
      "default": {
        "compiled_us": 26.60139244786956,
        "coord_descent_us": null,
        "memcopy_sol_us": 18.794838398079108,
        "total_bytes": 62621188,
        "gap_default": 1.4153562741240866,
        "gap_cd": null,
        "timestamp": "2026-05-16T18:41:32"
      }
    }
  }
}