{
  "B200": {
    "v2_920": {
      "default": {
        "compiled_us": 1023.2622790080246,
        "coord_descent_us": null,
        "memcopy_sol_us": 345.16864433799145,
        "total_bytes": 2178240036,
        "gap_default": 2.9645284871416053,
        "gap_cd": null,
        "timestamp": "2026-05-16T16:59:10"
      }
    }
  }
}