{
  "B200": {
    "v3_full": {
      "default": {
        "compiled_us": 26.641418250233066,
        "coord_descent_us": null,
        "memcopy_sol_us": 25.586568335083573,
        "total_bytes": 103386144,
        "gap_default": 1.041226705407896,
        "gap_cd": null,
        "timestamp": "2026-05-16T18:41:32"
      }
    }
  }
}