{
  "B200": {
    "v2_920": {
      "default": {
        "compiled_us": 14.401087247885737,
        "coord_descent_us": null,
        "memcopy_sol_us": 33.79805613413119,
        "total_bytes": 148914688,
        "gap_default": 0.4260921749680954,
        "gap_cd": null,
        "timestamp": "2026-05-16T16:59:10"
      }
    }
  }
}