{
  "B200": {
    "v3_full": {
      "default": {
        "compiled_us": 83.14032278519467,
        "coord_descent_us": null,
        "memcopy_sol_us": 75.92341110201498,
        "total_bytes": 436797440,
        "gap_default": 1.0950551559581885,
        "gap_cd": null,
        "timestamp": "2026-05-16T18:41:32"
      }
    }
  }
}