{
  "B200": {
    "v2_920": {
      "default": {
        "compiled_us": 10.26933056993689,
        "coord_descent_us": null,
        "memcopy_sol_us": 8.870459202231256,
        "total_bytes": 8421376,
        "gap_default": 1.1576999945339657,
        "gap_cd": null,
        "timestamp": "2026-05-16T16:59:10"
      }
    }
  }
}