{
  "B200": {
    "v2_920": {
      "default": {
        "compiled_us": 14906.067628126879,
        "coord_descent_us": null,
        "memcopy_sol_us": 279.53991953042254,
        "total_bytes": 1751914500,
        "gap_default": 53.32357415415454,
        "gap_cd": null,
        "timestamp": "2026-05-16T16:59:10"
      }
    }
  }
}