{
  "B200": {
    "v2_920": {
      "default": {
        "compiled_us": 55.62407792683027,
        "coord_descent_us": null,
        "memcopy_sol_us": 7.192249103500862,
        "total_bytes": 1648,
        "gap_default": 7.733892017137585,
        "gap_cd": null,
        "timestamp": "2026-05-16T16:59:10"
      }
    }
  }
}