{
  "B200": {
    "v3_full": {
      "default": {
        "compiled_us": 14.502606208824893,
        "coord_descent_us": null,
        "memcopy_sol_us": 13.279839932508668,
        "total_bytes": 22228992,
        "gap_default": 1.0920768836469879,
        "gap_cd": null,
        "timestamp": "2026-05-16T18:41:32"
      }
    }
  }
}