{
  "B200": {
    "v3_full": {
      "default": {
        "compiled_us": 14.33672446964747,
        "coord_descent_us": null,
        "memcopy_sol_us": 32.66740393943635,
        "total_bytes": 159391744,
        "gap_default": 0.4388694154034096,
        "gap_cd": null,
        "timestamp": "2026-05-16T18:41:32"
      }
    }
  }
}