{
  "B200": {
    "v2_920": {
      "default": {
        "compiled_us": 14.287538672427488,
        "coord_descent_us": null,
        "memcopy_sol_us": 13.38770747495946,
        "total_bytes": 29893632,
        "gap_default": 1.0672132401422039,
        "gap_cd": null,
        "timestamp": "2026-05-16T16:59:10"
      }
    }
  }
}