{
  "B200": {
    "v2_920": {
      "default": {
        "compiled_us": 10.19542657338593,
        "coord_descent_us": null,
        "memcopy_sol_us": 7.027499875153789,
        "total_bytes": 1344,
        "gap_default": 1.4507900041994402,
        "gap_cd": null,
        "timestamp": "2026-05-16T16:59:10"
      }
    }
  }
}