{
  "B200": {
    "v3_full": {
      "default": {
        "compiled_us": 8.233013934747277,
        "coord_descent_us": null,
        "memcopy_sol_us": 9.215143979645392,
        "total_bytes": 3950464,
        "gap_default": 0.893422170389582,
        "gap_cd": null,
        "timestamp": "2026-05-16T18:41:32"
      }
    }
  }
}