{
  "B200": {
    "v2_920": {
      "default": {
        "compiled_us": 10.203169219783435,
        "coord_descent_us": null,
        "memcopy_sol_us": 7.101155836633372,
        "total_bytes": 131140,
        "gap_default": 1.4368321797907078,
        "gap_cd": null,
        "timestamp": "2026-05-16T16:59:10"
      }
    }
  }
}