{
  "B200": {
    "v3_full": {
      "default": {
        "compiled_us": 10.285797047666065,
        "coord_descent_us": null,
        "memcopy_sol_us": 9.211772859751205,
        "total_bytes": 2415008,
        "gap_default": 1.1165925608747445,
        "gap_cd": null,
        "timestamp": "2026-05-16T18:41:32"
      }
    }
  }
}