{
  "B200": {
    "v3_full": {
      "default": {
        "compiled_us": 20.51755707671047,
        "coord_descent_us": null,
        "memcopy_sol_us": 17.422389387490743,
        "total_bytes": 50936836,
        "gap_default": 1.1776546041062574,
        "gap_cd": null,
        "timestamp": "2026-05-16T18:41:32"
      }
    }
  }
}