{
  "B200": {
    "v2_920": {
      "default": {
        "compiled_us": 10.263977333797836,
        "coord_descent_us": null,
        "memcopy_sol_us": 21.347107277348123,
        "total_bytes": 83329024,
        "gap_default": 0.4808134985431569,
        "gap_cd": null,
        "timestamp": "2026-05-16T16:59:10"
      }
    }
  }
}