{
  "B200": {
    "v3_full": {
      "default": {
        "compiled_us": 10.327087259222981,
        "coord_descent_us": null,
        "memcopy_sol_us": 15.502925702614194,
        "total_bytes": 46769412,
        "gap_default": 0.6661379572683863,
        "gap_cd": null,
        "timestamp": "2026-05-16T18:41:32"
      }
    }
  }
}