{
  "B200": {
    "v3_full": {
      "default": {
        "compiled_us": 10.188199943416148,
        "coord_descent_us": null,
        "memcopy_sol_us": 11.007587355931468,
        "total_bytes": 9738240,
        "gap_default": 0.9255615798430351,
        "gap_cd": null,
        "timestamp": "2026-05-16T18:41:32"
      }
    }
  }
}