{
  "B200": {
    "v2_920": {
      "default": {
        "compiled_us": 20.047130606703952,
        "coord_descent_us": null,
        "memcopy_sol_us": 18.925285271678348,
        "total_bytes": 57724928,
        "gap_default": 1.0592775917996038,
        "gap_cd": null,
        "timestamp": "2026-05-16T16:59:10"
      }
    }
  }
}