{
  "B200": {
    "v3_full": {
      "default": {
        "compiled_us": 12.258084433464541,
        "coord_descent_us": null,
        "memcopy_sol_us": 11.321084536911183,
        "total_bytes": 19391876,
        "gap_default": 1.0827659128856755,
        "gap_cd": null,
        "timestamp": "2026-05-16T18:41:32"
      }
    }
  }
}