{
  "B200": {
    "v3_full": {
      "default": {
        "compiled_us": 12.34216959675153,
        "coord_descent_us": null,
        "memcopy_sol_us": 11.206925248386442,
        "total_bytes": 13271296,
        "gap_default": 1.1012984670820873,
        "gap_cd": null,
        "timestamp": "2026-05-16T18:41:32"
      }
    }
  }
}