{
  "B200": {
    "v2_920": {
      "default": {
        "compiled_us": 8.139951833445265,
        "coord_descent_us": null,
        "memcopy_sol_us": 7.073356825107666,
        "total_bytes": 775680,
        "gap_default": 1.1507904994346674,
        "gap_cd": null,
        "timestamp": "2026-05-16T16:59:10"
      }
    }
  }
}