{
  "B200": {
    "v3_full": {
      "default": {
        "compiled_us": 2579.667205810547,
        "coord_descent_us": null,
        "memcopy_sol_us": 1504.4105357901997,
        "total_bytes": 9707284800,
        "gap_default": 1.7147362002856241,
        "gap_cd": null,
        "timestamp": "2026-05-16T18:41:32"
      }
    }
  }
}