{
  "B200": {
    "v3_full": {
      "default": {
        "compiled_us": 619.4436031066818,
        "coord_descent_us": null,
        "memcopy_sol_us": 257.0222670738728,
        "total_bytes": 1602178720,
        "gap_default": 2.410077578720612,
        "gap_cd": null,
        "timestamp": "2026-05-16T18:41:32"
      }
    }
  }
}