{
  "B200": {
    "v2_920": {
      "default": {
        "compiled_us": 35.109340113770685,
        "coord_descent_us": null,
        "memcopy_sol_us": 48.00110600168598,
        "total_bytes": 187533312,
        "gap_default": 0.7314277323638649,
        "gap_cd": null,
        "timestamp": "2026-05-16T16:59:10"
      }
    }
  }
}