{
  "B200": {
    "v3_full": {
      "default": {
        "compiled_us": 8.17624234883723,
        "coord_descent_us": null,
        "memcopy_sol_us": 9.983033532280917,
        "total_bytes": 8392704,
        "gap_default": 0.8190138120240419,
        "gap_cd": null,
        "timestamp": "2026-05-16T18:41:32"
      }
    }
  }
}