{
  "B200": {
    "v3_full": {
      "default": {
        "compiled_us": 28.646764644615317,
        "coord_descent_us": null,
        "memcopy_sol_us": 31.701199789331064,
        "total_bytes": 138432512,
        "gap_default": 0.9036492257386515,
        "gap_cd": null,
        "timestamp": "2026-05-16T18:41:32"
      }
    }
  }
}