{
  "B200": {
    "v2_920": {
      "default": {
        "compiled_us": 45.07433339152285,
        "coord_descent_us": null,
        "memcopy_sol_us": 15.292686931834297,
        "total_bytes": 35236352,
        "gap_default": 2.947443676342648,
        "gap_cd": null,
        "timestamp": "2026-05-16T16:59:10"
      }
    }
  }
}