{
  "B200": {
    "v3_full": {
      "default": {
        "compiled_us": 131.647054976634,
        "coord_descent_us": null,
        "memcopy_sol_us": 56.40970113729923,
        "total_bytes": 301990472,
        "gap_default": 2.333766219682847,
        "gap_cd": null,
        "timestamp": "2026-05-16T18:41:32"
      }
    }
  }
}