{
  "B200": {
    "v3_full": {
      "default": {
        "compiled_us": 11.77044777887838,
        "coord_descent_us": null,
        "memcopy_sol_us": 16.241284593224634,
        "total_bytes": 45565572,
        "gap_default": 0.7247239410969161,
        "gap_cd": null,
        "timestamp": "2026-05-16T18:41:32"
      }
    }
  }
}