{
  "B200": {
    "v2_920": {
      "default": {
        "compiled_us": 130.19416901034666,
        "coord_descent_us": null,
        "memcopy_sol_us": 62.54183049249684,
        "total_bytes": 338536800,
        "gap_default": 2.081713438591569,
        "gap_cd": null,
        "timestamp": "2026-05-16T16:59:10"
      }
    }
  }
}