{
  "B200": {
    "v3_full": {
      "default": {
        "compiled_us": 22.583090431461958,
        "coord_descent_us": null,
        "memcopy_sol_us": 9.693386569731617,
        "total_bytes": 16793600,
        "gap_default": 2.3297420637261577,
        "gap_cd": null,
        "timestamp": "2026-05-16T18:41:32"
      }
    }
  }
}