{
  "B200": {
    "v2_920": {
      "default": {
        "compiled_us": 204.54862635290505,
        "coord_descent_us": null,
        "memcopy_sol_us": 142.78835575245452,
        "total_bytes": 872431616,
        "gap_default": 1.4325301616857429,
        "gap_cd": null,
        "timestamp": "2026-05-16T16:59:10"
      }
    }
  }
}