{
  "B200": {
    "v3_full": {
      "default": {
        "compiled_us": 232.73224127097208,
        "coord_descent_us": null,
        "memcopy_sol_us": 13.151565167933027,
        "total_bytes": 20993872,
        "gap_default": 17.696163026925074,
        "gap_cd": null,
        "timestamp": "2026-05-16T18:41:32"
      }
    }
  }
}