{
  "B200": {
    "v2_920": {
      "default": {
        "compiled_us": 20.483553499094587,
        "coord_descent_us": null,
        "memcopy_sol_us": 11.611408444310719,
        "total_bytes": 28311552,
        "gap_default": 1.7640886200270547,
        "gap_cd": null,
        "timestamp": "2026-05-16T16:59:10"
      }
    }
  }
}