{
  "B200": {
    "v2_920": {
      "default": {
        "compiled_us": 255.96771397041812,
        "coord_descent_us": null,
        "memcopy_sol_us": 148.73423547292919,
        "total_bytes": 901281856,
        "gap_default": 1.7209737432442465,
        "gap_cd": null,
        "timestamp": "2026-05-16T16:59:10"
      }
    }
  }
}