{
  "B200": {
    "v2_920": {
      "default": {
        "compiled_us": 12.259884801541189,
        "coord_descent_us": null,
        "memcopy_sol_us": 11.152615226815263,
        "total_bytes": 9437952,
        "gap_default": 1.0992834014450366,
        "gap_cd": null,
        "timestamp": "2026-05-16T16:59:10"
      }
    }
  }
}