{
  "B200": {
    "v3_full": {
      "default": {
        "compiled_us": 18.463642152466598,
        "coord_descent_us": null,
        "memcopy_sol_us": 13.329747735722785,
        "total_bytes": 28416000,
        "gap_default": 1.3851456545561878,
        "gap_cd": null,
        "timestamp": "2026-05-16T18:41:32"
      }
    }
  }
}