{
  "B200": {
    "v3_full": {
      "default": {
        "compiled_us": 12.285095622123594,
        "coord_descent_us": null,
        "memcopy_sol_us": 10.371717885827097,
        "total_bytes": 10249472,
        "gap_default": 1.1844803105289932,
        "gap_cd": null,
        "timestamp": "2026-05-16T18:41:32"
      }
    }
  }
}