{
  "B200": {
    "v2_920": {
      "default": {
        "compiled_us": 84.19274259826645,
        "coord_descent_us": null,
        "memcopy_sol_us": 91.20231285143564,
        "total_bytes": 536870912,
        "gap_default": 0.9231426261679629,
        "gap_cd": null,
        "timestamp": "2026-05-16T16:59:10"
      }
    }
  }
}