{
  "B200": {
    "v3_full": {
      "default": {
        "compiled_us": 86.872838538176,
        "coord_descent_us": null,
        "memcopy_sol_us": 71.08150598091575,
        "total_bytes": 405798912,
        "gap_default": 1.2221581034242572,
        "gap_cd": null,
        "timestamp": "2026-05-16T18:41:32"
      }
    }
  }
}