{
  "B200": {
    "v2_920": {
      "default": {
        "compiled_us": 884.288000287833,
        "coord_descent_us": null,
        "memcopy_sol_us": 330.6185865007779,
        "total_bytes": 2077473440,
        "gap_default": 2.6746469690255976,
        "gap_cd": null,
        "timestamp": "2026-05-16T16:59:10"
      }
    }
  }
}