{
  "B200": {
    "v2_920": {
      "default": {
        "compiled_us": 80.662064884613,
        "coord_descent_us": null,
        "memcopy_sol_us": 50.27759646537242,
        "total_bytes": 260083712,
        "gap_default": 1.6043341479174966,
        "gap_cd": null,
        "timestamp": "2026-05-16T16:59:10"
      }
    }
  }
}