{
  "B200": {
    "v2_920": {
      "default": {
        "compiled_us": 276.4460167274566,
        "coord_descent_us": null,
        "memcopy_sol_us": 163.41427551599102,
        "total_bytes": 995531944,
        "gap_default": 1.6916882925592678,
        "gap_cd": null,
        "timestamp": "2026-05-16T16:59:10"
      }
    }
  }
}