{
  "B200": {
    "v3_full": {
      "default": {
        "compiled_us": 20.794103205826417,
        "coord_descent_us": null,
        "memcopy_sol_us": 21.512161728957395,
        "total_bytes": 76311552,
        "gap_default": 0.9666208104895193,
        "gap_cd": null,
        "timestamp": "2026-05-16T18:41:32"
      }
    }
  }
}