{
  "B200": {
    "v3_full": {
      "default": {
        "compiled_us": 94.16773574417907,
        "coord_descent_us": null,
        "memcopy_sol_us": 37.89747010957711,
        "total_bytes": 177967624,
        "gap_default": 2.484802691892139,
        "gap_cd": null,
        "timestamp": "2026-05-16T18:41:32"
      }
    }
  }
}