{
  "B200": {
    "v2_920": {
      "default": {
        "compiled_us": 9.797036582496741,
        "coord_descent_us": null,
        "memcopy_sol_us": 13.137845535344445,
        "total_bytes": 20973568,
        "gap_default": 0.7457110495126463,
        "gap_cd": null,
        "timestamp": "2026-05-16T16:59:10"
      }
    }
  }
}