{
  "B200": {
    "v2_920": {
      "default": {
        "compiled_us": 14.250227559926966,
        "coord_descent_us": null,
        "memcopy_sol_us": 13.095454810254418,
        "total_bytes": 33816576,
        "gap_default": 1.0881811870152307,
        "gap_cd": null,
        "timestamp": "2026-05-16T16:59:10"
      }
    }
  }
}