{
  "B200": {
    "v2_920": {
      "default": {
        "compiled_us": 16.377078064947852,
        "coord_descent_us": null,
        "memcopy_sol_us": 17.412833624843064,
        "total_bytes": 54562816,
        "gap_default": 0.940517690445426,
        "gap_cd": null,
        "timestamp": "2026-05-16T16:59:10"
      }
    }
  }
}