{
  "B200": {
    "v2_920": {
      "default": {
        "compiled_us": 6.116259147261157,
        "coord_descent_us": null,
        "memcopy_sol_us": 7.092026451437584,
        "total_bytes": 329728,
        "gap_default": 0.8624134708382772,
        "gap_cd": null,
        "timestamp": "2026-05-16T16:59:10"
      }
    }
  }
}