{
  "B200": {
    "v2_920": {
      "default": {
        "compiled_us": 8.395487346989972,
        "coord_descent_us": null,
        "memcopy_sol_us": 11.273730106612188,
        "total_bytes": 11540480,
        "gap_default": 0.744694725489828,
        "gap_cd": null,
        "timestamp": "2026-05-16T16:59:10"
      }
    }
  }
}