{
  "B200": {
    "v2_920": {
      "default": {
        "compiled_us": 14.281386368290882,
        "coord_descent_us": null,
        "memcopy_sol_us": 65.2691553262147,
        "total_bytes": 367001600,
        "gap_default": 0.21880758678295484,
        "gap_cd": null,
        "timestamp": "2026-05-16T16:59:10"
      }
    }
  }
}