{
  "B200": {
    "v2_920": {
      "default": {
        "compiled_us": 3.020504688978818,
        "coord_descent_us": null,
        "memcopy_sol_us": 55.07411000458694,
        "total_bytes": 301989888,
        "gap_default": 0.05484436677646266,
        "gap_cd": null,
        "timestamp": "2026-05-16T16:59:10"
      }
    }
  }
}