{
  "B200": {
    "v2_920": {
      "default": {
        "compiled_us": 2.8448787355642406,
        "coord_descent_us": null,
        "memcopy_sol_us": 6.803485037500191,
        "total_bytes": 16,
        "gap_default": 0.4181502156444128,
        "gap_cd": null,
        "timestamp": "2026-05-16T16:59:10"
      }
    }
  }
}