{
  "B200": {
    "v3_full": {
      "default": {
        "compiled_us": 8.759076512227747,
        "coord_descent_us": null,
        "memcopy_sol_us": 11.273601459000991,
        "total_bytes": 14533632,
        "gap_default": 0.7769546000080023,
        "gap_cd": null,
        "timestamp": "2026-05-16T18:41:32"
      }
    }
  }
}