{
  "B200": {
    "v3_full": {
      "default": {
        "compiled_us": 8.653246579302772,
        "coord_descent_us": null,
        "memcopy_sol_us": 15.503066905743951,
        "total_bytes": 46540960,
        "gap_default": 0.5581635318942414,
        "gap_cd": null,
        "timestamp": "2026-05-16T18:41:32"
      }
    }
  }
}