{
  "B200": {
    "v3_full": {
      "default": {
        "compiled_us": 17.627039130943437,
        "coord_descent_us": null,
        "memcopy_sol_us": 7.58489962777197,
        "total_bytes": 5242880,
        "gap_default": 2.3239647188477432,
        "gap_cd": null,
        "timestamp": "2026-05-16T18:41:32"
      }
    }
  }
}