{
  "B200": {
    "v2_920": {
      "default": {
        "compiled_us": 14.205033558395666,
        "coord_descent_us": null,
        "memcopy_sol_us": 74.61979979505907,
        "total_bytes": 428548096,
        "gap_default": 0.19036547400836432,
        "gap_cd": null,
        "timestamp": "2026-05-16T16:59:10"
      }
    }
  }
}