{
  "B200": {
    "v3_full": {
      "default": {
        "compiled_us": 8.101849673146951,
        "coord_descent_us": null,
        "memcopy_sol_us": 8.960656424744215,
        "total_bytes": 6304136,
        "gap_default": 0.9041580537307814,
        "gap_cd": null,
        "timestamp": "2026-05-16T18:41:32"
      }
    }
  }
}