{
  "B200": {
    "v3_full": {
      "default": {
        "compiled_us": 28.614302347576135,
        "coord_descent_us": null,
        "memcopy_sol_us": 17.41084409345197,
        "total_bytes": 48297604,
        "gap_default": 1.6434758816970663,
        "gap_cd": null,
        "timestamp": "2026-05-16T18:41:32"
      }
    }
  }
}