{
  "B200": {
    "v3_full": {
      "default": {
        "compiled_us": 8.21296926344886,
        "coord_descent_us": null,
        "memcopy_sol_us": 9.220694959994516,
        "total_bytes": 3011840,
        "gap_default": 0.8907104398401815,
        "gap_cd": null,
        "timestamp": "2026-05-16T18:41:32"
      }
    }
  }
}