{
  "B200": {
    "v2_920": {
      "default": {
        "compiled_us": 6.137869490531706,
        "coord_descent_us": null,
        "memcopy_sol_us": 7.03767614456038,
        "total_bytes": 40960,
        "gap_default": 0.8721443505575118,
        "gap_cd": null,
        "timestamp": "2026-05-16T16:59:10"
      }
    }
  }
}