{
  "B200": {
    "v2_920": {
      "default": {
        "compiled_us": 131.02567818361982,
        "coord_descent_us": null,
        "memcopy_sol_us": 72.72785017747455,
        "total_bytes": 402796544,
        "gap_default": 1.8015887705175344,
        "gap_cd": null,
        "timestamp": "2026-05-16T16:59:10"
      }
    }
  }
}