{
  "B200": {
    "v2_920": {
      "default": {
        "compiled_us": 18.418558222134557,
        "coord_descent_us": null,
        "memcopy_sol_us": 16.822032117420864,
        "total_bytes": 58720258,
        "gap_default": 1.094906851536702,
        "gap_cd": null,
        "timestamp": "2026-05-16T16:59:10"
      }
    }
  }
}