{
  "B200": {
    "v2_920": {
      "default": {
        "compiled_us": 6.1270064665897594,
        "coord_descent_us": null,
        "memcopy_sol_us": 7.178886296528826,
        "total_bytes": 2097152,
        "gap_default": 0.8534759032960757,
        "gap_cd": null,
        "timestamp": "2026-05-16T16:59:10"
      }
    }
  }
}