{
  "B200": {
    "v2_920": {
      "default": {
        "compiled_us": 129.13919671453542,
        "coord_descent_us": null,
        "memcopy_sol_us": 74.73206341152509,
        "total_bytes": 415313920,
        "gap_default": 1.7280293199373875,
        "gap_cd": null,
        "timestamp": "2026-05-16T16:59:10"
      }
    }
  }
}