{
  "B200": {
    "v3_full": {
      "default": {
        "compiled_us": 14.31020223272358,
        "coord_descent_us": null,
        "memcopy_sol_us": 13.317862674380084,
        "total_bytes": 24215044,
        "gap_default": 1.074511923016933,
        "gap_cd": null,
        "timestamp": "2026-05-16T18:41:32"
      }
    }
  }
}