{
  "B200": {
    "v3_full": {
      "default": {
        "compiled_us": 12.279135406169756,
        "coord_descent_us": null,
        "memcopy_sol_us": 9.45667906915495,
        "total_bytes": 9808896,
        "gap_default": 1.2984616815665102,
        "gap_cd": null,
        "timestamp": "2026-05-16T18:41:32"
      }
    }
  }
}