{
  "B200": {
    "v3_full": {
      "default": {
        "compiled_us": 1192.1212377015106,
        "coord_descent_us": null,
        "memcopy_sol_us": 1153.677524555297,
        "total_bytes": 7428152320,
        "gap_default": 1.0333227546935462,
        "gap_cd": null,
        "timestamp": "2026-05-16T18:41:32"
      }
    }
  }
}