{
  "B200": {
    "v2_920": {
      "default": {
        "compiled_us": 977.9101518484263,
        "coord_descent_us": null,
        "memcopy_sol_us": 193.52246082704002,
        "total_bytes": 1188162852,
        "gap_default": 5.053212674483453,
        "gap_cd": null,
        "timestamp": "2026-05-16T16:59:10"
      }
    }
  }
}