{
  "B200": {
    "v2_920": {
      "default": {
        "compiled_us": 3.0197335728961776,
        "coord_descent_us": null,
        "memcopy_sol_us": 6.600917568990778,
        "total_bytes": 9,
        "gap_default": 0.45747178954059686,
        "gap_cd": null,
        "timestamp": "2026-05-16T16:59:10"
      }
    }
  }
}