{
  "B200": {
    "v3_full": {
      "default": {
        "compiled_us": 8.150858277735468,
        "coord_descent_us": null,
        "memcopy_sol_us": 7.1128577810885005,
        "total_bytes": 2359296,
        "gap_default": 1.1459329749860567,
        "gap_cd": null,
        "timestamp": "2026-05-16T18:41:32"
      }
    }
  }
}