{
  "B200": {
    "v2_920": {
      "default": {
        "compiled_us": 15.504874558106087,
        "coord_descent_us": null,
        "memcopy_sol_us": 7.093743909279504,
        "total_bytes": 1966080,
        "gap_default": 2.185711065467668,
        "gap_cd": null,
        "timestamp": "2026-05-16T16:59:10"
      }
    }
  }
}