{
  "B200": {
    "v3_full": {
      "default": {
        "compiled_us": 12.405384800221068,
        "coord_descent_us": null,
        "memcopy_sol_us": 10.854071746460901,
        "total_bytes": 25165824,
        "gap_default": 1.1429245254681488,
        "gap_cd": null,
        "timestamp": "2026-05-16T18:41:32"
      }
    }
  }
}