{
  "B200": {
    "v3_full": {
      "default": {
        "compiled_us": 6.409819648354813,
        "coord_descent_us": null,
        "memcopy_sol_us": 7.160299923073669,
        "total_bytes": 1573376,
        "gap_default": 0.8951887095817768,
        "gap_cd": null,
        "timestamp": "2026-05-16T18:41:32"
      }
    }
  }
}