{
  "B200": {
    "v2_920": {
      "default": {
        "compiled_us": 16.392549851827315,
        "coord_descent_us": null,
        "memcopy_sol_us": 15.367901199078434,
        "total_bytes": 37463296,
        "gap_default": 1.066674599184066,
        "gap_cd": null,
        "timestamp": "2026-05-16T16:59:10"
      }
    }
  }
}