{
  "B200": {
    "v3_full": {
      "default": {
        "compiled_us": 83.25783497095108,
        "coord_descent_us": null,
        "memcopy_sol_us": 11.321794515314119,
        "total_bytes": 19508516,
        "gap_default": 7.353766654070132,
        "gap_cd": null,
        "timestamp": "2026-05-16T18:41:32"
      }
    }
  }
}