{
  "B200": {
    "v2_920": {
      "default": {
        "compiled_us": 649.9540879554355,
        "coord_descent_us": null,
        "memcopy_sol_us": 295.28818952750015,
        "total_bytes": 1660725484,
        "gap_default": 2.2010839275199165,
        "gap_cd": null,
        "timestamp": "2026-05-16T16:59:10"
      }
    }
  }
}