{
  "B200": {
    "v3_full": {
      "default": {
        "compiled_us": 12.224350042379228,
        "coord_descent_us": null,
        "memcopy_sol_us": 15.361371733095076,
        "total_bytes": 38443136,
        "gap_default": 0.7957850545366767,
        "gap_cd": null,
        "timestamp": "2026-05-16T18:41:32"
      }
    }
  }
}