{
  "B200": {
    "v2_920": {
      "default": {
        "compiled_us": 8.137593896866873,
        "coord_descent_us": null,
        "memcopy_sol_us": 9.31296348240376,
        "total_bytes": 4195328,
        "gap_default": 0.8737920976757108,
        "gap_cd": null,
        "timestamp": "2026-05-16T16:59:10"
      }
    }
  }
}