{
  "B200": {
    "v2_920": {
      "default": {
        "compiled_us": 20.52743695284191,
        "coord_descent_us": null,
        "memcopy_sol_us": 17.60782788583086,
        "total_bytes": 67174400,
        "gap_default": 1.1658131307246862,
        "gap_cd": null,
        "timestamp": "2026-05-16T16:59:10"
      }
    }
  }
}