{
  "B200": {
    "v2_920": {
      "default": {
        "compiled_us": 200.63536612366818,
        "coord_descent_us": null,
        "memcopy_sol_us": 598.8365194154164,
        "total_bytes": 3822813192,
        "gap_default": 0.33504196824790883,
        "gap_cd": null,
        "timestamp": "2026-05-16T16:59:10"
      }
    }
  }
}