{
  "B200": {
    "v3_full": {
      "default": {
        "compiled_us": 133.4832136591518,
        "coord_descent_us": null,
        "memcopy_sol_us": 179.17670940407345,
        "total_bytes": 1092392456,
        "gap_default": 0.7449808298361191,
        "gap_cd": null,
        "timestamp": "2026-05-16T18:41:32"
      }
    }
  }
}