{
  "B200": {
    "v2_920": {
      "default": {
        "compiled_us": 8.133690428684828,
        "coord_descent_us": null,
        "memcopy_sol_us": 9.214569533847328,
        "total_bytes": 8409088,
        "gap_default": 0.8826989040353788,
        "gap_cd": null,
        "timestamp": "2026-05-16T16:59:10"
      }
    }
  }
}