{
  "B200": {
    "v2_920": {
      "default": {
        "compiled_us": 13.637841104246636,
        "coord_descent_us": null,
        "memcopy_sol_us": 107.5924987886676,
        "total_bytes": 631713792,
        "gap_default": 0.12675457172004143,
        "gap_cd": null,
        "timestamp": "2026-05-16T16:59:10"
      }
    }
  }
}