{
  "B200": {
    "v2_920": {
      "default": {
        "compiled_us": 8.226502408844329,
        "coord_descent_us": null,
        "memcopy_sol_us": 13.315948114904343,
        "total_bytes": 24384512,
        "gap_default": 0.6177932159135201,
        "gap_cd": null,
        "timestamp": "2026-05-16T16:59:10"
      }
    }
  }
}