{
  "B200": {
    "v2_920": {
      "default": {
        "compiled_us": 10.133078152545798,
        "coord_descent_us": null,
        "memcopy_sol_us": 11.279019020598154,
        "total_bytes": 16795648,
        "gap_default": 0.8984006617987258,
        "gap_cd": null,
        "timestamp": "2026-05-16T16:59:10"
      }
    }
  }
}