{
  "B200": {
    "v3_full": {
      "default": {
        "compiled_us": 10.25657677885007,
        "coord_descent_us": null,
        "memcopy_sol_us": 15.37223455119838,
        "total_bytes": 35942400,
        "gap_default": 0.6672144342248859,
        "gap_cd": null,
        "timestamp": "2026-05-16T18:41:32"
      }
    }
  }
}