{
  "B200": {
    "v2_920": {
      "default": {
        "compiled_us": 15.501220111365692,
        "coord_descent_us": null,
        "memcopy_sol_us": 9.267913962265403,
        "total_bytes": 4490240,
        "gap_default": 1.6725684090809847,
        "gap_cd": null,
        "timestamp": "2026-05-16T16:59:10"
      }
    }
  }
}