{
  "B200": {
    "v3_full": {
      "default": {
        "compiled_us": 8.253484767798724,
        "coord_descent_us": null,
        "memcopy_sol_us": 14.141437405994436,
        "total_bytes": 33882120,
        "gap_default": 0.583638319842942,
        "gap_cd": null,
        "timestamp": "2026-05-16T18:41:32"
      }
    }
  }
}