{
  "B200": {
    "v2_920": {
      "default": {
        "compiled_us": 170.75016733947075,
        "coord_descent_us": null,
        "memcopy_sol_us": 138.174284989455,
        "total_bytes": 825765120,
        "gap_default": 1.235759369787959,
        "gap_cd": null,
        "timestamp": "2026-05-16T16:59:10"
      }
    }
  }
}