{
  "B200": {
    "v2_920": {
      "default": {
        "compiled_us": 14.364115757881288,
        "coord_descent_us": null,
        "memcopy_sol_us": 7.182627031209267,
        "total_bytes": 196608,
        "gap_default": 1.9998415197486519,
        "gap_cd": null,
        "timestamp": "2026-05-16T16:59:10"
      }
    }
  }
}