{
  "B200": {
    "v2_920": {
      "default": {
        "compiled_us": 24.539948171972263,
        "coord_descent_us": null,
        "memcopy_sol_us": 26.385728770967905,
        "total_bytes": 119537668,
        "gap_default": 0.9300462528430693,
        "gap_cd": null,
        "timestamp": "2026-05-16T16:59:10"
      }
    }
  }
}