{
  "B200": {
    "v2_920": {
      "default": {
        "compiled_us": 6.117078327856801,
        "coord_descent_us": null,
        "memcopy_sol_us": 7.019420421833981,
        "total_bytes": 32000,
        "gap_default": 0.8714506270103959,
        "gap_cd": null,
        "timestamp": "2026-05-16T16:59:10"
      }
    }
  }
}