{
  "B200": {
    "v3_full": {
      "default": {
        "compiled_us": 10.420604183110163,
        "coord_descent_us": null,
        "memcopy_sol_us": 13.846948117330856,
        "total_bytes": 32035840,
        "gap_default": 0.7525560213566282,
        "gap_cd": null,
        "timestamp": "2026-05-16T18:41:32"
      }
    }
  }
}