{
  "B200": {
    "v2_920": {
      "default": {
        "compiled_us": 10.18887512221522,
        "coord_descent_us": null,
        "memcopy_sol_us": 10.608297539614066,
        "total_bytes": 7889920,
        "gap_default": 0.9604627966143846,
        "gap_cd": null,
        "timestamp": "2026-05-16T16:59:10"
      }
    }
  }
}