{
  "B200": {
    "v2_920": {
      "default": {
        "compiled_us": 39.92706653987916,
        "coord_descent_us": null,
        "memcopy_sol_us": 17.607223079723166,
        "total_bytes": 67174400,
        "gap_default": 2.267652676353035,
        "gap_cd": null,
        "timestamp": "2026-05-16T16:59:10"
      }
    }
  }
}