{
  "B200": {
    "v2_920": {
      "default": {
        "compiled_us": 11.268146916167822,
        "coord_descent_us": null,
        "memcopy_sol_us": 13.326039124466615,
        "total_bytes": 25186304,
        "gap_default": 0.8455736029980205,
        "gap_cd": null,
        "timestamp": "2026-05-16T16:59:10"
      }
    }
  }
}