{
  "B200": {
    "v2_920": {
      "default": {
        "compiled_us": 57.3184721189428,
        "coord_descent_us": null,
        "memcopy_sol_us": 2439.7740066051483,
        "total_bytes": 15818293248,
        "gap_default": 0.023493353058015094,
        "gap_cd": null,
        "timestamp": "2026-05-16T16:59:10"
      }
    }
  }
}