{
  "B200": {
    "v2_920": {
      "default": {
        "compiled_us": 76.11307452267182,
        "coord_descent_us": null,
        "memcopy_sol_us": 78.50716299948262,
        "total_bytes": 452984832,
        "gap_default": 0.9695048402548112,
        "gap_cd": null,
        "timestamp": "2026-05-16T16:59:10"
      }
    }
  }
}