{
  "B200": {
    "v2_920": {
      "default": {
        "compiled_us": 8.366568247826699,
        "coord_descent_us": null,
        "memcopy_sol_us": 9.21614937258163,
        "total_bytes": 6689792,
        "gap_default": 0.9078160422092914,
        "gap_cd": null,
        "timestamp": "2026-05-16T16:59:10"
      }
    }
  }
}