{
  "B200": {
    "v3_full": {
      "default": {
        "compiled_us": 6.188008503503454,
        "coord_descent_us": null,
        "memcopy_sol_us": 12.625068145684573,
        "total_bytes": 32800768,
        "gap_default": 0.4901366418064526,
        "gap_cd": null,
        "timestamp": "2026-05-16T18:41:32"
      }
    }
  }
}