{
  "B200": {
    "v2_920": {
      "default": {
        "compiled_us": 14.2819328507415,
        "coord_descent_us": null,
        "memcopy_sol_us": 11.270312513044457,
        "total_bytes": 9962144,
        "gap_default": 1.267217109925864,
        "gap_cd": null,
        "timestamp": "2026-05-16T16:59:10"
      }
    }
  }
}