{
  "B200": {
    "v3_full": {
      "default": {
        "compiled_us": 153.6453153638404,
        "coord_descent_us": null,
        "memcopy_sol_us": 99.04015009771811,
        "total_bytes": 570426136,
        "gap_default": 1.5513437248655826,
        "gap_cd": null,
        "timestamp": "2026-05-16T18:41:32"
      }
    }
  }
}