{
  "B200": {
    "v2_920": {
      "default": {
        "compiled_us": 12.321947202382722,
        "coord_descent_us": null,
        "memcopy_sol_us": 32.36148497742465,
        "total_bytes": 146834560,
        "gap_default": 0.38075963482449904,
        "gap_cd": null,
        "timestamp": "2026-05-16T16:59:10"
      }
    }
  }
}