{
  "B200": {
    "v2_920": {
      "default": {
        "compiled_us": 17.984064457531293,
        "coord_descent_us": null,
        "memcopy_sol_us": 11.478763321876233,
        "total_bytes": 18907336,
        "gap_default": 1.5667249121913032,
        "gap_cd": null,
        "timestamp": "2026-05-16T16:59:10"
      }
    }
  }
}