{
  "B200": {
    "v2_920": {
      "default": {
        "compiled_us": 15.440641419603114,
        "coord_descent_us": null,
        "memcopy_sol_us": 14.159827499975766,
        "total_bytes": 31457296,
        "gap_default": 1.0904540623556,
        "gap_cd": null,
        "timestamp": "2026-05-16T16:59:10"
      }
    }
  }
}