{
  "B200": {
    "v2_920": {
      "default": {
        "compiled_us": 20.534994611499954,
        "coord_descent_us": null,
        "memcopy_sol_us": 17.679885677455058,
        "total_bytes": 67371008,
        "gap_default": 1.161489106102403,
        "gap_cd": null,
        "timestamp": "2026-05-16T16:59:10"
      }
    }
  }
}