{
  "B200": {
    "v2_920": {
      "default": {
        "compiled_us": 90.18773779124517,
        "coord_descent_us": null,
        "memcopy_sol_us": 777.9623175153927,
        "total_bytes": 4988867584,
        "gap_default": 0.11592815713655787,
        "gap_cd": null,
        "timestamp": "2026-05-16T16:59:10"
      }
    }
  }
}