{
  "B200": {
    "v2_920": {
      "default": {
        "compiled_us": 16.40641097761006,
        "coord_descent_us": null,
        "memcopy_sol_us": 23.33588674190898,
        "total_bytes": 83888128,
        "gap_default": 0.7030549624731314,
        "gap_cd": null,
        "timestamp": "2026-05-16T16:59:10"
      }
    }
  }
}