{
  "B200": {
    "v3_full": {
      "default": {
        "compiled_us": 22.516456085132127,
        "coord_descent_us": null,
        "memcopy_sol_us": 11.274057960337448,
        "total_bytes": 12180484,
        "gap_default": 1.9971917976957234,
        "gap_cd": null,
        "timestamp": "2026-05-16T18:41:32"
      }
    }
  }
}