{
  "B200": {
    "v2_920": {
      "default": {
        "compiled_us": 8.237848839776497,
        "coord_descent_us": null,
        "memcopy_sol_us": 23.680981604495038,
        "total_bytes": 103055360,
        "gap_default": 0.34786770993533556,
        "gap_cd": null,
        "timestamp": "2026-05-16T16:59:10"
      }
    }
  }
}