{
  "B200": {
    "v2_920": {
      "default": {
        "compiled_us": 27.322203593799806,
        "coord_descent_us": null,
        "memcopy_sol_us": 29.08232939903464,
        "total_bytes": 134217728,
        "gap_default": 0.9394778258273472,
        "gap_cd": null,
        "timestamp": "2026-05-16T16:59:10"
      }
    }
  }
}