{
  "B200": {
    "v2_920": {
      "default": {
        "compiled_us": 8.473865292155681,
        "coord_descent_us": null,
        "memcopy_sol_us": 7.014067784203595,
        "total_bytes": 249624,
        "gap_default": 1.2081242372991747,
        "gap_cd": null,
        "timestamp": "2026-05-16T16:59:10"
      }
    }
  }
}