{
  "B200": {
    "v2_920": {
      "default": {
        "compiled_us": 377.1746062382712,
        "coord_descent_us": null,
        "memcopy_sol_us": 381.95012081844004,
        "total_bytes": 2420436992,
        "gap_default": 0.9874970203702623,
        "gap_cd": null,
        "timestamp": "2026-05-16T16:59:10"
      }
    }
  }
}