{
  "B200": {
    "v3_full": {
      "default": {
        "compiled_us": 61.71591465374767,
        "coord_descent_us": null,
        "memcopy_sol_us": 30.67711809057907,
        "total_bytes": 134483968,
        "gap_default": 2.011789845171297,
        "gap_cd": null,
        "timestamp": "2026-05-16T18:41:32"
      }
    }
  }
}