{
  "B200": {
    "v3_full": {
      "default": {
        "compiled_us": 30.77860799581394,
        "coord_descent_us": null,
        "memcopy_sol_us": 31.591025935817903,
        "total_bytes": 150994944,
        "gap_default": 0.9742832682403377,
        "gap_cd": null,
        "timestamp": "2026-05-16T18:41:32"
      }
    }
  }
}