{
  "B200": {
    "v2_920": {
      "default": {
        "compiled_us": 85.94728278088894,
        "coord_descent_us": null,
        "memcopy_sol_us": 46.040942252592274,
        "total_bytes": 225686144,
        "gap_default": 1.866757685135121,
        "gap_cd": null,
        "timestamp": "2026-05-16T16:59:10"
      }
    }
  }
}