{
  "B200": {
    "v2_920": {
      "default": {
        "compiled_us": 15.635426480659964,
        "coord_descent_us": null,
        "memcopy_sol_us": 9.263637080176235,
        "total_bytes": 3549184,
        "gap_default": 1.6878280469470324,
        "gap_cd": null,
        "timestamp": "2026-05-16T16:59:10"
      }
    }
  }
}