{
  "B200": {
    "v3_full": {
      "default": {
        "compiled_us": 10.282477778582152,
        "coord_descent_us": null,
        "memcopy_sol_us": 11.18951786176281,
        "total_bytes": 12049920,
        "gap_default": 0.9189384123260371,
        "gap_cd": null,
        "timestamp": "2026-05-16T18:41:32"
      }
    }
  }
}