{
  "B200": {
    "v2_920": {
      "default": {
        "compiled_us": 24.561669061611678,
        "coord_descent_us": null,
        "memcopy_sol_us": 21.61025964169167,
        "total_bytes": 80284672,
        "gap_default": 1.1365744543960032,
        "gap_cd": null,
        "timestamp": "2026-05-16T16:59:10"
      }
    }
  }
}