{
  "B200": {
    "v2_920": {
      "default": {
        "compiled_us": 10.194389091368524,
        "coord_descent_us": null,
        "memcopy_sol_us": 8.953749034999884,
        "total_bytes": 9961472,
        "gap_default": 1.1385609593834967,
        "gap_cd": null,
        "timestamp": "2026-05-16T16:59:10"
      }
    }
  }
}