{
  "B200": {
    "v2_920": {
      "default": {
        "compiled_us": 18.36566228478328,
        "coord_descent_us": null,
        "memcopy_sol_us": 13.319311834243429,
        "total_bytes": 23071232,
        "gap_default": 1.3788747131489092,
        "gap_cd": null,
        "timestamp": "2026-05-16T16:59:10"
      }
    }
  }
}