{
  "B200": {
    "v2_920": {
      "default": {
        "compiled_us": 12.237795904509447,
        "coord_descent_us": null,
        "memcopy_sol_us": 9.060367097635922,
        "total_bytes": 12582912,
        "gap_default": 1.3506953716811978,
        "gap_cd": null,
        "timestamp": "2026-05-16T16:59:10"
      }
    }
  }
}