{
  "B200": {
    "v3_full": {
      "default": {
        "compiled_us": 26.58527370299361,
        "coord_descent_us": null,
        "memcopy_sol_us": 25.81946704116531,
        "total_bytes": 115605504,
        "gap_default": 1.0296600491639636,
        "gap_cd": null,
        "timestamp": "2026-05-16T18:41:32"
      }
    }
  }
}