{
  "B200": {
    "v2_920": {
      "default": {
        "compiled_us": 49.09879669065103,
        "coord_descent_us": null,
        "memcopy_sol_us": 568.2970895868053,
        "total_bytes": 3625582744,
        "gap_default": 0.08639635428425217,
        "gap_cd": null,
        "timestamp": "2026-05-16T16:59:10"
      }
    }
  }
}