{
  "B200": {
    "v2_920": {
      "default": {
        "compiled_us": 54.97621151740289,
        "coord_descent_us": null,
        "memcopy_sol_us": 70.80830931743114,
        "total_bytes": 402685952,
        "gap_default": 0.77640904079416,
        "gap_cd": null,
        "timestamp": "2026-05-16T16:59:10"
      }
    }
  }
}