{
  "B200": {
    "v3_full": {
      "default": {
        "compiled_us": 6.242449883246594,
        "coord_descent_us": null,
        "memcopy_sol_us": 7.176480292414605,
        "total_bytes": 752640,
        "gap_default": 0.8698483976671318,
        "gap_cd": null,
        "timestamp": "2026-05-16T18:41:32"
      }
    }
  }
}