{
  "B200": {
    "v3_full": {
      "default": {
        "compiled_us": 23.391734704113844,
        "coord_descent_us": null,
        "memcopy_sol_us": 25.59111850680464,
        "total_bytes": 100663312,
        "gap_default": 0.9140567536309137,
        "gap_cd": null,
        "timestamp": "2026-05-16T18:41:32"
      }
    }
  }
}