{
  "B200": {
    "v2_920": {
      "default": {
        "compiled_us": 6.110743645922881,
        "coord_descent_us": null,
        "memcopy_sol_us": 7.032432631707635,
        "total_bytes": 1168,
        "gap_default": 0.8689373885177274,
        "gap_cd": null,
        "timestamp": "2026-05-16T16:59:10"
      }
    }
  }
}