{
  "B200": {
    "v3_full": {
      "default": {
        "compiled_us": 26.22136833978668,
        "coord_descent_us": null,
        "memcopy_sol_us": 13.329292931932518,
        "total_bytes": 28910592,
        "gap_default": 1.9671987459266553,
        "gap_cd": null,
        "timestamp": "2026-05-16T18:41:32"
      }
    }
  }
}