{
  "B200": {
    "v3_full": {
      "default": {
        "compiled_us": 237.41734294252024,
        "coord_descent_us": null,
        "memcopy_sol_us": 82.20126516877525,
        "total_bytes": 465188352,
        "gap_default": 2.888244389609528,
        "gap_cd": null,
        "timestamp": "2026-05-16T18:41:32"
      }
    }
  }
}