{
  "base": "results/pytorch_landing/A1_commit_walk/states/5e2ab3055de1bc4bffe2e7feffe1fc7ff7af8b10.json",
  "head": "results/pytorch_landing/A1_commit_walk/states/daa79cd25ca9a80bfd65799394cf4255d6be75a6.json",
  "include_genai": false,
  "summaries": {
    "genai_excl": {
      "n": 158,
      "median": 2.2122,
      "mean": 4.0884,
      "geomean": 4.5579
    },
    "genai_incl": {
      "n": 166,
      "median": 2.4463,
      "mean": 5.0679,
      "geomean": 6.0606
    }
  },
  "per_model": {
    "genai/static/CrossEntropyBackward": 40.652498814703065,
    "genai/static/CrossEntropyForward": 66.62236613698389,
    "genai/static/LayerNormBackward": 5.279557690910676,
    "genai/static/LayerNormForward": 0.02789723769711031,
    "genai/static/RMSNormBackward": 3.4393995769296555,
    "genai/static/RMSNormForward": 0.0,
    "genai/static/SoftmaxBackward": 34.60702805579405,
    "genai/static/SoftmaxForward": 44.67881570133403,
    "hf/infer/AlbertForMaskedLM": 1.255775576197551,
    "hf/infer/AllenaiLongformerBase": -5.729067041456877,
    "hf/infer/BartForCausalLM": 5.385901508095397,
    "hf/infer/BertForMaskedLM": 6.131708489128905,
    "hf/infer/BlenderbotForCausalLM": 2.5628456884249484,
    "hf/infer/BlenderbotForConditionalGeneration": 3.3407966219178307,
    "hf/infer/DebertaV2ForMaskedLM": 3.001948166567251,
    "hf/infer/DistilBertForMaskedLM": 13.432781284637244,
    "hf/infer/DistillGPT2": 14.202149253048029,
    "hf/infer/ElectraForCausalLM": 13.017467590487305,
    "hf/infer/GPT2ForSequenceClassification": -0.20027479198932874,
    "hf/infer/GPTJForCausalLM": -1.3005136502125105,
    "hf/infer/GPTJForQuestionAnswering": -1.3120887712506177,
    "hf/infer/GPTNeoForCausalLM": 2.6064371806437654,
    "hf/infer/GPTNeoForSequenceClassification": 1.578157386592504,
    "hf/infer/GoogleFnet": 0.6023795344162016,
    "hf/infer/LayoutLMForMaskedLM": 7.327257414827872,
    "hf/infer/M2M100ForConditionalGeneration": 7.383446959616085,
    "hf/infer/MBartForCausalLM": 5.202901194117295,
    "hf/infer/MT5ForConditionalGeneration": 15.551657582596597,
    "hf/infer/MegatronBertForCausalLM": 2.7485088687972463,
    "hf/infer/MobileBertForMaskedLM": 3.6430348819009466,
    "hf/infer/OPTForCausalLM": 5.816788878281544,
    "hf/infer/PLBartForCausalLM": 13.64812949006331,
    "hf/infer/PegasusForCausalLM": 7.195951664164898,
    "hf/infer/Qwen__Qwen3-0.6B": 2.097678760786111,
    "hf/infer/RobertaForCausalLM": 7.5729855174162335,
    "hf/infer/T5ForConditionalGeneration": 16.247972331623398,
    "hf/infer/T5Small": 16.247972331623398,
    "hf/infer/TrOCRForCausalLM": 14.18144355864008,
    "hf/infer/XGLMForCausalLM": 10.96915857804323,
    "hf/infer/XLNetLMHeadModel": 15.71675225189244,
    "hf/infer/YituTechConvBert": 4.073581446390748,
    "hf/infer/google__gemma-2-2b": -0.10921839556065153,
    "hf/infer/google__gemma-3-4b-it": 0.7287054225864018,
    "hf/infer/mistralai__Mistral-7B-Instruct-v0.3": 0.7488409044418195,
    "hf/infer/openai__gpt-oss-20b": 10.499304965737062,
    "hf/infer/openai__whisper-tiny": 0.07096844190605732,
    "hf/train/AlbertForMaskedLM": -0.3405518169218569,
    "hf/train/AllenaiLongformerBase": 0.37083912442366973,
    "hf/train/BartForCausalLM": 4.8848559606619135,
    "hf/train/BertForMaskedLM": 2.3266388960636943,
    "hf/train/BlenderbotForCausalLM": -0.30559826633265175,
    "hf/train/BlenderbotForConditionalGeneration": -1.4610166661379953,
    "hf/train/DebertaV2ForMaskedLM": 1.5798519207283332,
    "hf/train/DistilBertForMaskedLM": 3.3866425668921076,
    "hf/train/DistillGPT2": 2.5477285215209444,
    "hf/train/ElectraForCausalLM": -0.19906787590065608,
    "hf/train/GPT2ForSequenceClassification": 1.8421304678377548,
    "hf/train/GPTJForCausalLM": 0.3031973185984799,
    "hf/train/GPTJForQuestionAnswering": 0.2687984906404823,
    "hf/train/GPTNeoForCausalLM": 2.9676635868991332,
    "hf/train/GPTNeoForSequenceClassification": 1.9716676333215828,
    "hf/train/GoogleFnet": 0.188211278122162,
    "hf/train/LayoutLMForMaskedLM": 1.8137960992106454,
    "hf/train/M2M100ForConditionalGeneration": 8.558830265238281,
    "hf/train/MBartForCausalLM": 5.382183059393551,
    "hf/train/MT5ForConditionalGeneration": 4.372908170723161,
    "hf/train/MegatronBertForCausalLM": 2.9866143315079094,
    "hf/train/MobileBertForMaskedLM": -2.935243432467108,
    "hf/train/OPTForCausalLM": 7.373134334911037,
    "hf/train/PLBartForCausalLM": 6.919899274933812,
    "hf/train/PegasusForCausalLM": 5.404036576341469,
    "hf/train/RobertaForCausalLM": -4.100257585564333,
    "hf/train/T5ForConditionalGeneration": 3.9247755641567044,
    "hf/train/T5Small": 3.9247755641567044,
    "hf/train/TrOCRForCausalLM": 5.3931815641871195,
    "hf/train/XGLMForCausalLM": 11.610250668146103,
    "hf/train/XLNetLMHeadModel": 1.4969688627756628,
    "hf/train/YituTechConvBert": 1.699741013077862,
    "timm/infer/adv_inception_v3": 26.597887209529404,
    "timm/infer/beit_base_patch16_224": 0.04404623270578759,
    "timm/infer/convnextv2_nano.fcmae_ft_in22k_in1k": -1.9414002171192344,
    "timm/infer/deit_base_distilled_patch16_224": 0.36501743439385115,
    "timm/infer/deit_tiny_patch16_224.fb_in1k": 1.0361635064367676,
    "timm/infer/dm_nfnet_f0": 0.05864834202192927,
    "timm/infer/ghostnet_100": 20.61642825439997,
    "timm/infer/inception_v3": 26.597887209529404,
    "timm/infer/mobilenetv2_100": 25.297458190653373,
    "timm/infer/mobilenetv3_large_100": 22.106378457962833,
    "timm/infer/mobilevit_s": 26.317451771755696,
    "timm/infer/nfnet_l0": -0.10278605252446951,
    "timm/infer/repvgg_a2": 25.85236796664426,
    "timm/infer/swin_base_patch4_window7_224": 9.67702478020612,
    "timm/infer/tf_efficientnet_b0": 13.363546027645462,
    "timm/infer/visformer_small": 5.673650754142333,
    "timm/infer/vit_base_patch14_dinov2.lvd142m": -0.10382306332604298,
    "timm/infer/vit_base_patch16_siglip_256": 0.6158764595656359,
    "timm/train/adv_inception_v3": 0.9456486360642643,
    "timm/train/beit_base_patch16_224": 2.5261173211961965,
    "timm/train/convnextv2_nano.fcmae_ft_in22k_in1k": -0.2571018381970278,
    "timm/train/deit_base_distilled_patch16_224": 2.887760552813063,
    "timm/train/deit_tiny_patch16_224.fb_in1k": -0.49148162917539473,
    "timm/train/dm_nfnet_f0": 0.025872417782381047,
    "timm/train/ghostnet_100": -1.580969748241299,
    "timm/train/inception_v3": 0.9456486360642643,
    "timm/train/mobilenetv2_100": -1.0998034994394184,
    "timm/train/mobilenetv3_large_100": -0.22285115406502665,
    "timm/train/mobilevit_s": 0.3525207469291228,
    "timm/train/nfnet_l0": -0.0710470735299533,
    "timm/train/repvgg_a2": -1.269543456773692,
    "timm/train/swin_base_patch4_window7_224": 0.013875048257899782,
    "timm/train/tf_efficientnet_b0": -0.5579870339884022,
    "timm/train/visformer_small": -0.7197086778732564,
    "timm/train/vit_base_patch14_dinov2.lvd142m": -0.022458470350769935,
    "timm/train/vit_base_patch16_siglip_256": 1.9550281159178968,
    "torchbench/infer/BERT_pytorch": 3.6693679410929936,
    "torchbench/infer/LearningToPaint": 4.213690156276359,
    "torchbench/infer/alexnet": 0.2950876732249255,
    "torchbench/infer/dcgan": 3.1958213598657483,
    "torchbench/infer/demucs": 0.15331757753564348,
    "torchbench/infer/densenet121": 9.108232249249513,
    "torchbench/infer/functorch_dp_cifar10": 0.6354710397993661,
    "torchbench/infer/lennard_jones": 1.9417472984840174,
    "torchbench/infer/maml": 0.0,
    "torchbench/infer/mnasnet1_0": 4.84045207866875,
    "torchbench/infer/mobilenet_v2": 5.650269175627759,
    "torchbench/infer/mobilenet_v3_large": 4.4103792213763136,
    "torchbench/infer/nvidia_deeprecommender": -0.394819042169623,
    "torchbench/infer/opacus_cifar10": 0.0,
    "torchbench/infer/phlippe_densenet": 4.503860089969444,
    "torchbench/infer/phlippe_resnet": 0.9410909727118002,
    "torchbench/infer/pyhpc_equation_of_state": -0.27472736147796284,