{
  "B200": {
    "v2_920": {
      "default": {
        "compiled_us": 18.356645820726374,
        "coord_descent_us": null,
        "memcopy_sol_us": 16.34656868750234,
        "total_bytes": 37757952,
        "gap_default": 1.122966303916786,
        "gap_cd": null,
        "timestamp": "2026-05-16T16:59:10"
      }
    }
  }
}