{
  "B200": {
    "v3_full": {
      "default": {
        "compiled_us": 10.199887259994386,
        "coord_descent_us": null,
        "memcopy_sol_us": 13.305432942705858,
        "total_bytes": 23734352,
        "gap_default": 0.7665956683946946,
        "gap_cd": null,
        "timestamp": "2026-05-16T18:41:32"
      }
    }
  }
}