{
  "B200": {
    "v2_920": {
      "default": {
        "compiled_us": 411.1061202336664,
        "coord_descent_us": null,
        "memcopy_sol_us": 149.03910072831675,
        "total_bytes": 901283504,
        "gap_default": 2.758377621877036,
        "gap_cd": null,
        "timestamp": "2026-05-16T16:59:10"
      }
    }
  }
}