{
  "B200": {
    "v2_920": {
      "default": {
        "compiled_us": 180.24377245246694,
        "coord_descent_us": null,
        "memcopy_sol_us": 34.414855606861686,
        "total_bytes": 159384064,
        "gap_default": 5.237382789324552,
        "gap_cd": null,
        "timestamp": "2026-05-16T16:59:10"
      }
    }
  }
}