{
  "B200": {
    "v3_full": {
      "default": {
        "compiled_us": 37.842559710237126,
        "coord_descent_us": null,
        "memcopy_sol_us": 33.81020455666772,
        "total_bytes": 155426832,
        "gap_default": 1.1192644412077117,
        "gap_cd": null,
        "timestamp": "2026-05-16T18:41:32"
      }
    }
  }
}