{
  "B200": {
    "v2_920": {
      "default": {
        "compiled_us": 3.013844920341797,
        "coord_descent_us": null,
        "memcopy_sol_us": 6.588756506085054,
        "total_bytes": 2048,
        "gap_default": 0.4574224161354813,
        "gap_cd": null,
        "timestamp": "2026-05-16T16:59:10"
      }
    }
  }
}