{
  "B200": {
    "v2_920": {
      "default": {
        "compiled_us": 69.04708139541246,
        "coord_descent_us": null,
        "memcopy_sol_us": 35.85297382085995,
        "total_bytes": 163598336,
        "gap_default": 1.925839729234386,
        "gap_cd": null,
        "timestamp": "2026-05-16T16:59:10"
      }
    }
  }
}