{
  "B200": {
    "v2_920": {
      "default": {
        "compiled_us": 8.241178329240322,
        "coord_descent_us": null,
        "memcopy_sol_us": 11.336304526689602,
        "total_bytes": 15696896,
        "gap_default": 0.7269722077276349,
        "gap_cd": null,
        "timestamp": "2026-05-16T16:59:10"
      }
    }
  }
}