{
  "B200": {
    "v2_920": {
      "default": {
        "compiled_us": 20.4270195916183,
        "coord_descent_us": null,
        "memcopy_sol_us": 9.60651957752555,
        "total_bytes": 6310912,
        "gap_default": 2.126370474423152,
        "gap_cd": null,
        "timestamp": "2026-05-16T16:59:10"
      }
    }
  }
}