{
  "B200": {
    "v2_920": {
      "default": {
        "compiled_us": 12.31636228522219,
        "coord_descent_us": null,
        "memcopy_sol_us": 13.196572210975143,
        "total_bytes": 37748740,
        "gap_default": 0.933300109173736,
        "gap_cd": null,
        "timestamp": "2026-05-16T16:59:10"
      }
    }
  }
}