{
  "B200": {
    "v2_920": {
      "default": {
        "compiled_us": 22.505813365772603,
        "coord_descent_us": null,
        "memcopy_sol_us": 56.76046484725529,
        "total_bytes": 302127104,
        "gap_default": 0.3965050925205891,
        "gap_cd": null,
        "timestamp": "2026-05-16T16:59:10"
      }
    }
  }
}