{
  "B200": {
    "v2_920": {
      "default": {
        "compiled_us": 16.88065211022386,
        "coord_descent_us": null,
        "memcopy_sol_us": 13.32384811585401,
        "total_bytes": 26740992,
        "gap_default": 1.2669502056344832,
        "gap_cd": null,
        "timestamp": "2026-05-16T16:59:10"
      }
    }
  }
}