{
  "B200": {
    "v3_full": {
      "default": {
        "compiled_us": 41.29265730826821,
        "coord_descent_us": null,
        "memcopy_sol_us": 47.2126753810338,
        "total_bytes": 251658240,
        "gap_default": 0.874609561415709,
        "gap_cd": null,
        "timestamp": "2026-05-16T18:41:32"
      }
    }
  }
}