{
  "B200": {
    "v3_full": {
      "default": {
        "compiled_us": 238.6634289176314,
        "coord_descent_us": null,
        "memcopy_sol_us": 117.30491823822487,
        "total_bytes": 704643072,
        "gap_default": 2.034556031426999,
        "gap_cd": null,
        "timestamp": "2026-05-16T18:41:32"
      }
    }
  }
}