{
  "B200": {
    "v3_full": {
      "default": {
        "compiled_us": 32.41449099655618,
        "coord_descent_us": null,
        "memcopy_sol_us": 14.90669994601757,
        "total_bytes": 32642116,
        "gap_default": 2.174491410838114,
        "gap_cd": null,
        "timestamp": "2026-05-16T18:41:32"
      }
    }
  }
}