{
  "B200": {
    "v2_920": {
      "default": {
        "compiled_us": 10.187368577149082,
        "coord_descent_us": null,
        "memcopy_sol_us": 53.10694349971082,
        "total_bytes": 275318784,
        "gap_default": 0.1918274317030607,
        "gap_cd": null,
        "timestamp": "2026-05-16T16:59:10"
      }
    }
  }
}