{
  "B200": {
    "v2_920": {
      "default": {
        "compiled_us": 1266.1772652676232,
        "coord_descent_us": null,
        "memcopy_sol_us": 834.387117392057,
        "total_bytes": 5314372612,
        "gap_default": 1.5174937854088166,
        "gap_cd": null,
        "timestamp": "2026-05-16T16:59:10"
      }
    }
  }
}