{
  "B200": {
    "v3_full": {
      "default": {
        "compiled_us": 6.198938708139238,
        "coord_descent_us": null,
        "memcopy_sol_us": 25.604311272524253,
        "total_bytes": 100862976,
        "gap_default": 0.24210527056008965,
        "gap_cd": null,
        "timestamp": "2026-05-16T18:41:32"
      }
    }
  }
}