{
  "B200": {
    "v3_full": {
      "default": {
        "compiled_us": 12.346190304648188,
        "coord_descent_us": null,
        "memcopy_sol_us": 16.883396642181385,
        "total_bytes": 58761216,
        "gap_default": 0.7312622315466151,
        "gap_cd": null,
        "timestamp": "2026-05-16T18:41:32"
      }
    }
  }
}