{
  "B200": {
    "v3_full": {
      "default": {
        "compiled_us": 12.324397070693434,
        "coord_descent_us": null,
        "memcopy_sol_us": 10.277828181758832,
        "total_bytes": 8570568,
        "gap_default": 1.199124645084734,
        "gap_cd": null,
        "timestamp": "2026-05-16T18:41:32"
      }
    }
  }
}