{
  "B200": {
    "v3_full": {
      "default": {
        "compiled_us": 41.10388874541021,
        "coord_descent_us": null,
        "memcopy_sol_us": 31.656630095272536,
        "total_bytes": 151126020,
        "gap_default": 1.2984290690988136,
        "gap_cd": null,
        "timestamp": "2026-05-16T18:41:32"
      }
    }
  }
}