{
  "B200": {
    "v2_920": {
      "default": {
        "compiled_us": 6.286568649644079,
        "coord_descent_us": null,
        "memcopy_sol_us": 7.100604227761483,
        "total_bytes": 526336,
        "gap_default": 0.8853568580917747,
        "gap_cd": null,
        "timestamp": "2026-05-16T16:59:10"
      }
    }
  }
}