{
  "B200": {
    "v2_920": {
      "default": {
        "compiled_us": 24.626003443348985,
        "coord_descent_us": null,
        "memcopy_sol_us": 29.099677377541415,
        "total_bytes": 134234112,
        "gap_default": 0.8462637961187457,
        "gap_cd": null,
        "timestamp": "2026-05-16T16:59:10"
      }
    }
  }
}