{
  "B200": {
    "v2_920": {
      "default": {
        "compiled_us": 22.608613611493276,
        "coord_descent_us": null,
        "memcopy_sol_us": 12.937425792769947,
        "total_bytes": 20906112,
        "gap_default": 1.747535713335496,
        "gap_cd": null,
        "timestamp": "2026-05-16T16:59:10"
      }
    }
  }
}