{
  "B200": {
    "v2_920": {
      "default": {
        "compiled_us": 20.499194254576985,
        "coord_descent_us": null,
        "memcopy_sol_us": 17.560101261574633,
        "total_bytes": 54562816,
        "gap_default": 1.1673733510542865,
        "gap_cd": null,
        "timestamp": "2026-05-16T16:59:10"
      }
    }
  }
}