{
  "B200": {
    "v3_full": {
      "default": {
        "compiled_us": 14.432729746850086,
        "coord_descent_us": null,
        "memcopy_sol_us": 37.89109909143067,
        "total_bytes": 181929984,
        "gap_default": 0.3809002666305382,
        "gap_cd": null,
        "timestamp": "2026-05-16T18:41:32"
      }
    }
  }
}