{
  "B200": {
    "v3_full": {
      "default": {
        "compiled_us": 43.790533031978,
        "coord_descent_us": null,
        "memcopy_sol_us": 13.131936424174862,
        "total_bytes": 34209792,
        "gap_default": 3.3346592320811936,
        "gap_cd": null,
        "timestamp": "2026-05-16T18:41:32"
      }
    }
  }
}