{
  "B200": {
    "v2_920": {
      "default": {
        "compiled_us": 18.37857786041752,
        "coord_descent_us": null,
        "memcopy_sol_us": 17.169800937397056,
        "total_bytes": 62914560,
        "gap_default": 1.0704013358936304,
        "gap_cd": null,
        "timestamp": "2026-05-16T16:59:10"
      }
    }
  }
}