{
  "B200": {
    "v3_full": {
      "default": {
        "compiled_us": 42.97421004262462,
        "coord_descent_us": null,
        "memcopy_sol_us": 15.457647681671185,
        "total_bytes": 45105668,
        "gap_default": 2.7801261179979564,
        "gap_cd": null,
        "timestamp": "2026-05-16T18:41:32"
      }
    }
  }
}