{
  "B200": {
    "v2_920": {
      "default": {
        "compiled_us": 18.39386133515105,
        "coord_descent_us": null,
        "memcopy_sol_us": 17.97866248042689,
        "total_bytes": 67108864,
        "gap_default": 1.0230939790530125,
        "gap_cd": null,
        "timestamp": "2026-05-16T16:59:10"
      }
    }
  }
}