{
  "B200": {
    "v2_920": {
      "default": {
        "compiled_us": 22.524180208983683,
        "coord_descent_us": null,
        "memcopy_sol_us": 25.617655395568143,
        "total_bytes": 100734976,
        "gap_default": 0.8792444062964626,
        "gap_cd": null,
        "timestamp": "2026-05-16T16:59:10"
      }
    }
  }
}