{
  "B200": {
    "v3_full": {
      "default": {
        "compiled_us": 31.231111832091983,
        "coord_descent_us": null,
        "memcopy_sol_us": 31.685440885583933,
        "total_bytes": 134941184,
        "gap_default": 0.985661267737049,
        "gap_cd": null,
        "timestamp": "2026-05-16T18:41:32"
      }
    }
  }
}