{
  "B200": {
    "v3_full": {
      "default": {
        "compiled_us": 12.249504203561173,
        "coord_descent_us": null,
        "memcopy_sol_us": 15.61655041370756,
        "total_bytes": 44961540,
        "gap_default": 0.784392447695047,
        "gap_cd": null,
        "timestamp": "2026-05-16T18:41:32"
      }
    }
  }
}