{
  "B200": {
    "v2_920": {
      "default": {
        "compiled_us": 153.19032507808242,
        "coord_descent_us": null,
        "memcopy_sol_us": 137.42075401508572,
        "total_bytes": 824213544,
        "gap_default": 1.1147539261883657,
        "gap_cd": null,
        "timestamp": "2026-05-16T16:59:10"
      }
    }
  }
}