{
  "B200": {
    "v2_920": {
      "default": {
        "compiled_us": 57.59123309098085,
        "coord_descent_us": null,
        "memcopy_sol_us": 23.55383610978845,
        "total_bytes": 100712448,
        "gap_default": 2.4450893188921876,
        "gap_cd": null,
        "timestamp": "2026-05-16T16:59:10"
      }
    }
  }
}