{
  "B200": {
    "v2_920": {
      "default": {
        "compiled_us": 18.21165440822897,
        "coord_descent_us": null,
        "memcopy_sol_us": 13.559269837868767,
        "total_bytes": 40894464,
        "gap_default": 1.3431146828693439,
        "gap_cd": null,
        "timestamp": "2026-05-16T16:59:10"
      }
    }
  }
}