{
  "B200": {
    "v2_920": {
      "default": {
        "compiled_us": 30.90580607996004,
        "coord_descent_us": null,
        "memcopy_sol_us": 25.613790308590694,
        "total_bytes": 100666368,
        "gap_default": 1.206608069622341,
        "gap_cd": null,
        "timestamp": "2026-05-16T16:59:10"
      }
    }
  }
}