{
  "B200": {
    "v2_920": {
      "default": {
        "compiled_us": 531.770804159322,
        "coord_descent_us": null,
        "memcopy_sol_us": 172.1411317740519,
        "total_bytes": 1035662852,
        "gap_default": 3.0891559656835,
        "gap_cd": null,
        "timestamp": "2026-05-16T16:59:10"
      }
    }
  }
}