{
  "B200": {
    "v2_920": {
      "default": {
        "compiled_us": 16.91222005286241,
        "coord_descent_us": null,
        "memcopy_sol_us": 33.346423027882274,
        "total_bytes": 159457280,
        "gap_default": 0.5071674415790092,
        "gap_cd": null,
        "timestamp": "2026-05-16T16:59:10"
      }
    }
  }
}