{
  "B200": {
    "v2_920": {
      "default": {
        "compiled_us": 12.337535802313328,
        "coord_descent_us": null,
        "memcopy_sol_us": 11.282923193493382,
        "total_bytes": 14974720,
        "gap_default": 1.0934698030584944,
        "gap_cd": null,
        "timestamp": "2026-05-16T16:59:10"
      }
    }
  }
}