{
  "B200": {
    "v3_full": {
      "default": {
        "compiled_us": 10.313330563593441,
        "coord_descent_us": null,
        "memcopy_sol_us": 9.194617971080941,
        "total_bytes": 2153528,
        "gap_default": 1.1216703723886183,
        "gap_cd": null,
        "timestamp": "2026-05-16T18:41:32"
      }
    }
  }
}