{
  "B200": {
    "v2_920": {
      "default": {
        "compiled_us": 12.3345027922277,
        "coord_descent_us": null,
        "memcopy_sol_us": 13.090150713369757,
        "total_bytes": 33554432,
        "gap_default": 0.9422735507261755,
        "gap_cd": null,
        "timestamp": "2026-05-16T16:59:10"
      }
    }
  }
}