{
  "B200": {
    "v2_920": {
      "default": {
        "compiled_us": 8.132750510820863,
        "coord_descent_us": null,
        "memcopy_sol_us": 7.087093177794984,
        "total_bytes": 1508160,
        "gap_default": 1.147543895189934,
        "gap_cd": null,
        "timestamp": "2026-05-16T16:59:10"
      }
    }
  }
}