{
  "B200": {
    "v2_920": {
      "default": {
        "compiled_us": 10.290316374551866,
        "coord_descent_us": null,
        "memcopy_sol_us": 44.252705327152505,
        "total_bytes": 233308160,
        "gap_default": 0.23253530599942665,
        "gap_cd": null,
        "timestamp": "2026-05-16T16:59:10"
      }
    }
  }
}