{
  "B200": {
    "v2_920": {
      "default": {
        "compiled_us": 187.998228522733,
        "coord_descent_us": null,
        "memcopy_sol_us": 80.85802535221737,
        "total_bytes": 452985416,
        "gap_default": 2.3250410544137474,
        "gap_cd": null,
        "timestamp": "2026-05-16T16:59:10"
      }
    }
  }
}