{
  "B200": {
    "v3_full": {
      "default": {
        "compiled_us": 11.544636286018438,
        "coord_descent_us": null,
        "memcopy_sol_us": 11.267675957226917,
        "total_bytes": 13321728,
        "gap_default": 1.024580075770983,
        "gap_cd": null,
        "timestamp": "2026-05-16T18:41:32"
      }
    }
  }
}