{
  "B200": {
    "v2_920": {
      "default": {
        "compiled_us": 11.84597040967618,
        "coord_descent_us": null,
        "memcopy_sol_us": 9.220092012176075,
        "total_bytes": 2584832,
        "gap_default": 1.2847995870358306,
        "gap_cd": null,
        "timestamp": "2026-05-16T16:59:10"
      }
    }
  }
}