{
  "B200": {
    "v2_920": {
      "default": {
        "compiled_us": 7.283804225485711,
        "coord_descent_us": null,
        "memcopy_sol_us": 8.910184609000607,
        "total_bytes": 8404992,
        "gap_default": 0.8174695076607043,
        "gap_cd": null,
        "timestamp": "2026-05-16T16:59:10"
      }
    }
  }
}