{
  "B200": {
    "v2_920": {
      "default": {
        "compiled_us": 42.45423068190587,
        "coord_descent_us": null,
        "memcopy_sol_us": 7.222510380173537,
        "total_bytes": 1344,
        "gap_default": 5.878043567572666,
        "gap_cd": null,
        "timestamp": "2026-05-16T16:59:10"
      }
    }
  }
}