{
  "B200": {
    "v2_920": {
      "default": {
        "compiled_us": 88.88662647038254,
        "coord_descent_us": null,
        "memcopy_sol_us": 49.680929394369585,
        "total_bytes": 251732992,
        "gap_default": 1.7891498318156704,
        "gap_cd": null,
        "timestamp": "2026-05-16T16:59:10"
      }
    }
  }
}