{
  "B200": {
    "v2_920": {
      "default": {
        "compiled_us": 12.228732670069133,
        "coord_descent_us": null,
        "memcopy_sol_us": 9.707745905415116,
        "total_bytes": 15728640,
        "gap_default": 1.2596881695520867,
        "gap_cd": null,
        "timestamp": "2026-05-16T16:59:10"
      }
    }
  }
}