{
  "B200": {
    "v2_920": {
      "default": {
        "compiled_us": 321.6028257399651,
        "coord_descent_us": null,
        "memcopy_sol_us": 118.242490020149,
        "total_bytes": 693636482,
        "gap_default": 2.719858366355129,
        "gap_cd": null,
        "timestamp": "2026-05-16T16:59:10"
      }
    }
  }
}