{
  "B200": {
    "v3_full": {
      "default": {
        "compiled_us": 8.23778749161462,
        "coord_descent_us": null,
        "memcopy_sol_us": 7.1786238788125845,
        "total_bytes": 1505280,
        "gap_default": 1.1475441018616555,
        "gap_cd": null,
        "timestamp": "2026-05-16T18:41:32"
      }
    }
  }
}