{
  "B200": {
    "v2_920": {
      "default": {
        "compiled_us": 28.416821994982726,
        "coord_descent_us": null,
        "memcopy_sol_us": 29.211728602058255,
        "total_bytes": 134217728,
        "gap_default": 0.9727881010431023,
        "gap_cd": null,
        "timestamp": "2026-05-16T16:59:10"
      }
    }
  }
}