{
  "B200": {
    "v3_full": {
      "default": {
        "compiled_us": 49.03024123912915,
        "coord_descent_us": null,
        "memcopy_sol_us": 18.049003437078287,
        "total_bytes": 57804288,
        "gap_default": 2.716506837070335,
        "gap_cd": null,
        "timestamp": "2026-05-16T18:41:32"
      }
    }
  }
}