{
  "B200": {
    "v3_full": {
      "default": {
        "compiled_us": 14.333578790981992,
        "coord_descent_us": null,
        "memcopy_sol_us": 17.474923352035574,
        "total_bytes": 58027776,
        "gap_default": 0.8202370048914887,
        "gap_cd": null,
        "timestamp": "2026-05-16T18:41:32"
      }
    }
  }
}