{
  "B200": {
    "v3_full": {
      "default": {
        "compiled_us": 121.03043045588984,
        "coord_descent_us": null,
        "memcopy_sol_us": 11.357180229895311,
        "total_bytes": 19742736,
        "gap_default": 10.656732393600967,
        "gap_cd": null,
        "timestamp": "2026-05-16T18:41:32"
      }
    }
  }
}