{
  "B200": {
    "v2_920": {
      "default": {
        "compiled_us": 14.377110063038709,
        "coord_descent_us": null,
        "memcopy_sol_us": 13.319988318340211,
        "total_bytes": 29199616,
        "gap_default": 1.0793635639486976,
        "gap_cd": null,
        "timestamp": "2026-05-16T16:59:10"
      }
    }
  }
}