{
  "B200": {
    "v3_full": {
      "default": {
        "compiled_us": 34.86807979614994,
        "coord_descent_us": null,
        "memcopy_sol_us": 29.14389783497495,
        "total_bytes": 122702848,
        "gap_default": 1.1964109946304275,
        "gap_cd": null,
        "timestamp": "2026-05-16T18:41:32"
      }
    }
  }
}