{
  "B200": {
    "v2_920": {
      "default": {
        "compiled_us": 624.025384982427,
        "coord_descent_us": null,
        "memcopy_sol_us": 392.17887385788123,
        "total_bytes": 2483109888,
        "gap_default": 1.5911754216739449,
        "gap_cd": null,
        "timestamp": "2026-05-16T16:59:10"
      }
    }
  }
}