{
  "B200": {
    "v2_920": {
      "default": {
        "compiled_us": 8.123322873441392,
        "coord_descent_us": null,
        "memcopy_sol_us": 97.2749258527595,
        "total_bytes": 562802496,
        "gap_default": 0.0835089084080854,
        "gap_cd": null,
        "timestamp": "2026-05-16T16:59:10"
      }
    }
  }
}