{
  "B200": {
    "v3_full": {
      "default": {
        "compiled_us": 355.9546119188408,
        "coord_descent_us": null,
        "memcopy_sol_us": 107.46270364192738,
        "total_bytes": 629148672,
        "gap_default": 3.3123548901664,
        "gap_cd": null,
        "timestamp": "2026-05-16T18:41:32"
      }
    }
  }
}