{
  "B200": {
    "v2_920": {
      "default": {
        "compiled_us": 8.146041810497888,
        "coord_descent_us": null,
        "memcopy_sol_us": 6.964648373290987,
        "total_bytes": 1069056,
        "gap_default": 1.1696271475437976,
        "gap_cd": null,
        "timestamp": "2026-05-16T16:59:10"
      }
    }
  }
}