{
  "B200": {
    "v2_920": {
      "default": {
        "compiled_us": 8.1248767339135,
        "coord_descent_us": null,
        "memcopy_sol_us": 17.126474013805847,
        "total_bytes": 45649920,
        "gap_default": 0.4744045229253811,
        "gap_cd": null,
        "timestamp": "2026-05-16T16:59:10"
      }
    }
  }
}