{
  "B200": {
    "v2_920": {
      "default": {
        "compiled_us": 14.304605331556854,
        "coord_descent_us": null,
        "memcopy_sol_us": 11.244078340955028,
        "total_bytes": 9208576,
        "gap_default": 1.2721901162369416,
        "gap_cd": null,
        "timestamp": "2026-05-16T16:59:10"
      }
    }
  }
}