{
  "B200": {
    "v3_full": {
      "default": {
        "compiled_us": 81.8332966643269,
        "coord_descent_us": null,
        "memcopy_sol_us": 58.177997820089814,
        "total_bytes": 320929796,
        "gap_default": 1.4066021473854935,
        "gap_cd": null,
        "timestamp": "2026-05-16T18:41:32"
      }
    }
  }
}