{
  "B200": {
    "v2_920": {
      "default": {
        "compiled_us": 96.12124227753883,
        "coord_descent_us": null,
        "memcopy_sol_us": 27.646371299592822,
        "total_bytes": 113248144,
        "gap_default": 3.476812245481001,
        "gap_cd": null,
        "timestamp": "2026-05-16T16:59:10"
      }
    }
  }
}