{
  "B200": {
    "v3_full": {
      "default": {
        "compiled_us": 120.9876750650023,
        "coord_descent_us": null,
        "memcopy_sol_us": 117.41274841334842,
        "total_bytes": 704643072,
        "gap_default": 1.0304475169857064,
        "gap_cd": null,
        "timestamp": "2026-05-16T18:41:32"
      }
    }
  }
}