{
  "B200": {
    "v2_920": {
      "default": {
        "compiled_us": 22.63864591706042,
        "coord_descent_us": null,
        "memcopy_sol_us": 23.551682546204333,
        "total_bytes": 100663296,
        "gap_default": 0.9612326368889911,
        "gap_cd": null,
        "timestamp": "2026-05-16T16:59:10"
      }
    }
  }
}