{
  "B200": {
    "v2_920": {
      "default": {
        "compiled_us": 122.51726981182027,
        "coord_descent_us": null,
        "memcopy_sol_us": 51.703992528325564,
        "total_bytes": 264318976,
        "gap_default": 2.369590119074466,
        "gap_cd": null,
        "timestamp": "2026-05-16T16:59:10"
      }
    }
  }
}