{
  "B200": {
    "v2_920": {
      "default": {
        "compiled_us": 43.19451127564232,
        "coord_descent_us": null,
        "memcopy_sol_us": 122.12471789107526,
        "total_bytes": 738230272,
        "gap_default": 0.3536917998383268,
        "gap_cd": null,
        "timestamp": "2026-05-16T16:59:10"
      }
    }
  }
}