{
  "B200": {
    "v2_920": {
      "default": {
        "compiled_us": 120.8705732469243,
        "coord_descent_us": null,
        "memcopy_sol_us": 85.02630544640238,
        "total_bytes": 484054564,
        "gap_default": 1.4215668035007931,
        "gap_cd": null,
        "timestamp": "2026-05-16T16:59:10"
      }
    }
  }
}