{
  "B200": {
    "v2_920": {
      "default": {
        "compiled_us": 440.2286024402371,
        "coord_descent_us": null,
        "memcopy_sol_us": 11.111113531329886,
        "total_bytes": 8056260,
        "gap_default": 39.620565589482034,
        "gap_cd": null,
        "timestamp": "2026-05-16T16:59:10"
      }
    }
  }
}