{
  "B200": {
    "v2_920": {
      "default": {
        "compiled_us": 6.246729676558025,
        "coord_descent_us": null,
        "memcopy_sol_us": 9.233164012270496,
        "total_bytes": 4198400,
        "gap_default": 0.6765535268577898,
        "gap_cd": null,
        "timestamp": "2026-05-16T16:59:10"
      }
    }
  }
}