{
  "B200": {
    "v2_920": {
      "default": {
        "compiled_us": 18.20723577476234,
        "coord_descent_us": null,
        "memcopy_sol_us": 97.27281089244264,
        "total_bytes": 562700288,
        "gap_default": 0.18717702930261373,
        "gap_cd": null,
        "timestamp": "2026-05-16T16:59:10"
      }
    }
  }
}