{
  "B200": {
    "v3_full": {
      "default": {
        "compiled_us": 112.6583545790424,
        "coord_descent_us": null,
        "memcopy_sol_us": 46.06276070037913,
        "total_bytes": 230811140,
        "gap_default": 2.4457577632361738,
        "gap_cd": null,
        "timestamp": "2026-05-16T18:41:32"
      }
    }
  }
}