{
  "B200": {
    "v3_full": {
      "default": {
        "compiled_us": 85.78541138219893,
        "coord_descent_us": null,
        "memcopy_sol_us": 381.9453573826724,
        "total_bytes": 2409020800,
        "gap_default": 0.22460126749557588,
        "gap_cd": null,
        "timestamp": "2026-05-16T18:41:32"
      }
    }
  }
}