{
  "B200": {
    "v2_920": {
      "default": {
        "compiled_us": 6.087696351584392,
        "coord_descent_us": null,
        "memcopy_sol_us": 7.023827508354489,
        "total_bytes": 16384,
        "gap_default": 0.8667206511468831,
        "gap_cd": null,
        "timestamp": "2026-05-16T16:59:10"
      }
    }
  }
}