{
  "B200": {
    "v3_full": {
      "default": {
        "compiled_us": 10.269108364688387,
        "coord_descent_us": null,
        "memcopy_sol_us": 17.438152291643338,
        "total_bytes": 55089152,
        "gap_default": 0.5888874115183361,
        "gap_cd": null,
        "timestamp": "2026-05-16T18:41:32"
      }
    }
  }
}