{
  "B200": {
    "v2_920": {
      "default": {
        "compiled_us": 3.0222207344270573,
        "coord_descent_us": null,
        "memcopy_sol_us": 41.94777381539251,
        "total_bytes": 218103808,
        "gap_default": 0.07204722586060264,
        "gap_cd": null,
        "timestamp": "2026-05-16T16:59:10"
      }
    }
  }
}