{
  "B200": {
    "v2_920": {
      "default": {
        "compiled_us": 2.8901059950423957,
        "coord_descent_us": null,
        "memcopy_sol_us": 17.678296606853543,
        "total_bytes": 67108864,
        "gap_default": 0.1634832845785581,
        "gap_cd": null,
        "timestamp": "2026-05-16T16:59:10"
      }
    }
  }
}