{
  "B200": {
    "v3_full": {
      "default": {
        "compiled_us": 8.245587507117964,
        "coord_descent_us": null,
        "memcopy_sol_us": 7.178163909226097,
        "total_bytes": 582912,
        "gap_default": 1.1487042663542284,
        "gap_cd": null,
        "timestamp": "2026-05-16T18:41:32"
      }
    }
  }
}