{
  "B200": {
    "v2_920": {
      "default": {
        "compiled_us": 8.141683826688677,
        "coord_descent_us": null,
        "memcopy_sol_us": 92.1888785349401,
        "total_bytes": 543227904,
        "gap_default": 0.08831524969254217,
        "gap_cd": null,
        "timestamp": "2026-05-16T16:59:10"
      }
    }
  }
}