{
  "B200": {
    "v3_full": {
      "default": {
        "compiled_us": 16.43223038172856,
        "coord_descent_us": null,
        "memcopy_sol_us": 13.330596543162207,
        "total_bytes": 28416000,
        "gap_default": 1.23267029562584,
        "gap_cd": null,
        "timestamp": "2026-05-16T18:41:32"
      }
    }
  }
}