{
  "B200": {
    "v2_920": {
      "default": {
        "compiled_us": 22.556742826796444,
        "coord_descent_us": null,
        "memcopy_sol_us": 13.36202094108541,
        "total_bytes": 25166592,
        "gap_default": 1.6881235949450726,
        "gap_cd": null,
        "timestamp": "2026-05-16T16:59:10"
      }
    }
  }
}