{
  "B200": {
    "v2_920": {
      "default": {
        "compiled_us": 649.1291902469516,
        "coord_descent_us": null,
        "memcopy_sol_us": 586.8209854836033,
        "total_bytes": 3758161920,
        "gap_default": 1.1061792374585917,
        "gap_cd": null,
        "timestamp": "2026-05-16T16:59:10"
      }
    }
  }
}