{
  "B200": {
    "v2_920": {
      "default": {
        "compiled_us": 45.08075579230676,
        "coord_descent_us": null,
        "memcopy_sol_us": 176.37450585942892,
        "total_bytes": 1075089280,
        "gap_default": 0.25559678011648845,
        "gap_cd": null,
        "timestamp": "2026-05-16T16:59:10"
      }
    }
  }
}