{
  "B200": {
    "v2_920": {
      "default": {
        "compiled_us": 6.162888108375247,
        "coord_descent_us": null,
        "memcopy_sol_us": 7.130999131913378,
        "total_bytes": 2105344,
        "gap_default": 0.8642390770732896,
        "gap_cd": null,
        "timestamp": "2026-05-16T16:59:10"
      }
    }
  }
}