{
  "B200": {
    "v3_full": {
      "default": {
        "compiled_us": 19.848600201113427,
        "coord_descent_us": null,
        "memcopy_sol_us": 21.071704564943033,
        "total_bytes": 83886080,
        "gap_default": 0.9419551294457458,
        "gap_cd": null,
        "timestamp": "2026-05-16T18:41:32"
      }
    }
  }
}