{
  "B200": {
    "v2_920": {
      "default": {
        "compiled_us": 185.41539213192962,
        "coord_descent_us": null,
        "memcopy_sol_us": 194.2280294284122,
        "total_bytes": 1207959552,
        "gap_default": 0.9546273659758736,
        "gap_cd": null,
        "timestamp": "2026-05-16T16:59:10"
      }
    }
  }
}