{
  "B200": {
    "v2_920": {
      "default": {
        "compiled_us": 6.250222120610474,
        "coord_descent_us": null,
        "memcopy_sol_us": 7.563496933601832,
        "total_bytes": 5283840,
        "gap_default": 0.8263667157506257,
        "gap_cd": null,
        "timestamp": "2026-05-16T16:59:10"
      }
    }
  }
}