{
  "B200": {
    "v3_full": {
      "default": {
        "compiled_us": 47.10662746859512,
        "coord_descent_us": null,
        "memcopy_sol_us": 43.79463930567984,
        "total_bytes": 228073472,
        "gap_default": 1.0756254239199943,
        "gap_cd": null,
        "timestamp": "2026-05-16T18:41:32"
      }
    }
  }
}