{
  "B200": {
    "v3_full": {
      "default": {
        "compiled_us": 85.57378084234043,
        "coord_descent_us": null,
        "memcopy_sol_us": 74.51860495237024,
        "total_bytes": 427819008,
        "gap_default": 1.1483545739622512,
        "gap_cd": null,
        "timestamp": "2026-05-16T18:41:32"
      }
    }
  }
}