{
  "B200": {
    "v3_full": {
      "default": {
        "compiled_us": 6.190031510016458,
        "coord_descent_us": null,
        "memcopy_sol_us": 5.734346830493633,
        "total_bytes": 384,
        "gap_default": 1.079465838567633,
        "gap_cd": null,
        "timestamp": "2026-05-16T18:41:32"
      }
    }
  }
}