{
  "B200": {
    "v3_full": {
      "default": {
        "compiled_us": 6.215159662613611,
        "coord_descent_us": null,
        "memcopy_sol_us": 7.146078988081018,
        "total_bytes": 509952,
        "gap_default": 0.8697300537791295,
        "gap_cd": null,
        "timestamp": "2026-05-16T18:41:32"
      }
    }
  }
}