{
  "B200": {
    "v3_full": {
      "default": {
        "compiled_us": 30.76218438388564,
        "coord_descent_us": null,
        "memcopy_sol_us": 19.470392564206207,
        "total_bytes": 67108896,
        "gap_default": 1.579946797808172,
        "gap_cd": null,
        "timestamp": "2026-05-16T18:41:32"
      }
    }
  }
}