{
  "B200": {
    "v3_full": {
      "default": {
        "compiled_us": 254.50523849439548,
        "coord_descent_us": null,
        "memcopy_sol_us": 66.55796037864344,
        "total_bytes": 364207908,
        "gap_default": 3.8238136662622098,
        "gap_cd": null,
        "timestamp": "2026-05-16T18:41:32"
      }
    }
  }
}