{
  "B200": {
    "v2_920": {
      "default": {
        "compiled_us": 22.852962482994005,
        "coord_descent_us": null,
        "memcopy_sol_us": 25.486964583977247,
        "total_bytes": 108191744,
        "gap_default": 0.8966529697051823,
        "gap_cd": null,
        "timestamp": "2026-05-16T16:59:10"
      }
    }
  }
}