{
  "B200": {
    "v2_920": {
      "default": {
        "compiled_us": 221.4065262663537,
        "coord_descent_us": null,
        "memcopy_sol_us": 93.22084583977693,
        "total_bytes": 539494658,
        "gap_default": 2.3750752771209087,
        "gap_cd": null,
        "timestamp": "2026-05-16T16:59:10"
      }
    }
  }
}