{
  "B200": {
    "v3_full": {
      "default": {
        "compiled_us": 33.982852233663124,
        "coord_descent_us": null,
        "memcopy_sol_us": 15.301029803733325,
        "total_bytes": 50397184,
        "gap_default": 2.220951966603685,
        "gap_cd": null,
        "timestamp": "2026-05-16T18:41:32"
      }
    }
  }
}