{
  "B200": {
    "v3_full": {
      "default": {
        "compiled_us": 12.360770289650558,
        "coord_descent_us": null,
        "memcopy_sol_us": 11.273981284167375,
        "total_bytes": 12857968,
        "gap_default": 1.0963979785037798,
        "gap_cd": null,
        "timestamp": "2026-05-16T18:41:32"
      }
    }
  }
}