{
  "B200": {
    "v3_full": {
      "default": {
        "compiled_us": 6.490778898215549,
        "coord_descent_us": null,
        "memcopy_sol_us": 9.209263880617458,
        "total_bytes": 4145696,
        "gap_default": 0.7048097418379501,
        "gap_cd": null,
        "timestamp": "2026-05-16T18:41:32"
      }
    }
  }
}