{
  "B200": {
    "v2_920": {
      "default": {
        "compiled_us": 24.721327658167993,
        "coord_descent_us": null,
        "memcopy_sol_us": 13.520141909731587,
        "total_bytes": 41959424,
        "gap_default": 1.8284813741765513,
        "gap_cd": null,
        "timestamp": "2026-05-16T16:59:10"
      }
    }
  }
}