{
  "B200": {
    "v2_920": {
      "default": {
        "compiled_us": 36.791944567082176,
        "coord_descent_us": null,
        "memcopy_sol_us": 29.896643244082785,
        "total_bytes": 130553856,
        "gap_default": 1.2306379772038163,
        "gap_cd": null,
        "timestamp": "2026-05-16T16:59:10"
      }
    }
  }
}