{
  "B200": {
    "v3_full": {
      "default": {
        "compiled_us": 196.8383928928995,
        "coord_descent_us": null,
        "memcopy_sol_us": 551.9094397245614,
        "total_bytes": 3520823300,
        "gap_default": 0.35664980289363163,
        "gap_cd": null,
        "timestamp": "2026-05-16T18:41:32"
      }
    }
  }
}