{
  "B200": {
    "v2_920": {
      "default": {
        "compiled_us": 12.254260162074791,
        "coord_descent_us": null,
        "memcopy_sol_us": 11.328351949166143,
        "total_bytes": 15732736,
        "gap_default": 1.0817337082272416,
        "gap_cd": null,
        "timestamp": "2026-05-16T16:59:10"
      }
    }
  }
}