{
  "B200": {
    "v3_full": {
      "default": {
        "compiled_us": 12.302410397219596,
        "coord_descent_us": null,
        "memcopy_sol_us": 11.538856719114225,
        "total_bytes": 29122560,
        "gap_default": 1.0661723857650938,
        "gap_cd": null,
        "timestamp": "2026-05-16T18:41:32"
      }
    }
  }
}