{
  "B200": {
    "v2_920": {
      "default": {
        "compiled_us": 1154.8775285482407,
        "coord_descent_us": null,
        "memcopy_sol_us": 744.3782510235906,
        "total_bytes": 4773076996,
        "gap_default": 1.5514659744023616,
        "gap_cd": null,
        "timestamp": "2026-05-16T16:59:10"
      }
    }
  }
}