{
  "B200": {
    "v3_full": {
      "default": {
        "compiled_us": 32.73172423568899,
        "coord_descent_us": null,
        "memcopy_sol_us": 24.7337496389898,
        "total_bytes": 97141056,
        "gap_default": 1.3233628023828359,
        "gap_cd": null,
        "timestamp": "2026-05-16T18:41:32"
      }
    }
  }
}