{
  "B200": {
    "v3_full": {
      "default": {
        "compiled_us": 10.25659045508119,
        "coord_descent_us": null,
        "memcopy_sol_us": 17.53528586536345,
        "total_bytes": 54525976,
        "gap_default": 0.5849115055113249,
        "gap_cd": null,
        "timestamp": "2026-05-16T18:41:32"
      }
    }
  }
}