{
  "B200": {
    "v3_full": {
      "default": {
        "compiled_us": 12.329656320072587,
        "coord_descent_us": null,
        "memcopy_sol_us": 7.175014780360407,
        "total_bytes": 1982464,
        "gap_default": 1.7184154594108387,
        "gap_cd": null,
        "timestamp": "2026-05-16T18:41:32"
      }
    }
  }
}