{
  "B200": {
    "v2_920": {
      "default": {
        "compiled_us": 12.31158905197542,
        "coord_descent_us": null,
        "memcopy_sol_us": 9.225891654936163,
        "total_bytes": 12582912,
        "gap_default": 1.334460615022322,
        "gap_cd": null,
        "timestamp": "2026-05-16T16:59:10"
      }
    }
  }
}