{
  "B200": {
    "v3_full": {
      "default": {
        "compiled_us": 10.268411647501704,
        "coord_descent_us": null,
        "memcopy_sol_us": 9.294011178744533,
        "total_bytes": 4311552,
        "gap_default": 1.1048417577746874,
        "gap_cd": null,
        "timestamp": "2026-05-16T18:41:32"
      }
    }
  }
}