{
  "B200": {
    "v2_920": {
      "default": {
        "compiled_us": 16.48375608048208,
        "coord_descent_us": null,
        "memcopy_sol_us": 17.42353641358283,
        "total_bytes": 50468864,
        "gap_default": 0.9460625954000861,
        "gap_cd": null,
        "timestamp": "2026-05-16T16:59:10"
      }
    }
  }
}