{
  "B200": {
    "v2_920": {
      "default": {
        "compiled_us": 438.5662332463723,
        "coord_descent_us": null,
        "memcopy_sol_us": 11.11125541225587,
        "total_bytes": 8039876,
        "gap_default": 39.47044838539375,
        "gap_cd": null,
        "timestamp": "2026-05-16T16:59:10"
      }
    }
  }
}