{
  "B200": {
    "v2_920": {
      "default": {
        "compiled_us": 8.142936438445885,
        "coord_descent_us": null,
        "memcopy_sol_us": 7.088990835879379,
        "total_bytes": 360448,
        "gap_default": 1.1486735738509055,
        "gap_cd": null,
        "timestamp": "2026-05-16T16:59:10"
      }
    }
  }
}