{
  "B200": {
    "v2_920": {
      "default": {
        "compiled_us": 19.835172242853158,
        "coord_descent_us": null,
        "memcopy_sol_us": 159.1713569689075,
        "total_bytes": 979927040,
        "gap_default": 0.12461521105664605,
        "gap_cd": null,
        "timestamp": "2026-05-16T16:59:10"
      }
    }
  }
}