{
  "B200": {
    "v3_full": {
      "default": {
        "compiled_us": 16.355551479783973,
        "coord_descent_us": null,
        "memcopy_sol_us": 13.325244004557044,
        "total_bytes": 24115204,
        "gap_default": 1.227411030836704,
        "gap_cd": null,
        "timestamp": "2026-05-16T18:41:32"
      }
    }
  }
}