{
  "B200": {
    "v3_full": {
      "default": {
        "compiled_us": 12.942598342127367,
        "coord_descent_us": null,
        "memcopy_sol_us": 13.17627719417578,
        "total_bytes": 38535168,
        "gap_default": 0.9822651839662492,
        "gap_cd": null,
        "timestamp": "2026-05-16T18:41:32"
      }
    }
  }
}