{
  "B200": {
    "v2_920": {
      "default": {
        "compiled_us": 12.242819119163492,
        "coord_descent_us": null,
        "memcopy_sol_us": 13.3269400055731,
        "total_bytes": 25241344,
        "gap_default": 0.9186519271523511,
        "gap_cd": null,
        "timestamp": "2026-05-16T16:59:10"
      }
    }
  }
}