{
  "B200": {
    "v2_920": {
      "default": {
        "compiled_us": 51.76357427118351,
        "coord_descent_us": null,
        "memcopy_sol_us": 19.47513555428942,
        "total_bytes": 81833984,
        "gap_default": 2.657931398058101,
        "gap_cd": null,
        "timestamp": "2026-05-16T16:59:10"
      }
    }
  }
}