{
  "B200": {
    "v3_full": {
      "default": {
        "compiled_us": 8.2198589743206,
        "coord_descent_us": null,
        "memcopy_sol_us": 9.251532650156186,
        "total_bytes": 3631104,
        "gap_default": 0.8884861876568992,
        "gap_cd": null,
        "timestamp": "2026-05-16T18:41:32"
      }
    }
  }
}