{
  "B200": {
    "v2_920": {
      "default": {
        "compiled_us": 8.142559333997696,
        "coord_descent_us": null,
        "memcopy_sol_us": 9.598255564664242,
        "total_bytes": 6310912,
        "gap_default": 0.8483374170588186,
        "gap_cd": null,
        "timestamp": "2026-05-16T16:59:10"
      }
    }
  }
}