{
  "B200": {
    "v2_920": {
      "default": {
        "compiled_us": 10.299715928744769,
        "coord_descent_us": null,
        "memcopy_sol_us": 6.965422987084708,
        "total_bytes": 262152,
        "gap_default": 1.4786920977868119,
        "gap_cd": null,
        "timestamp": "2026-05-16T16:59:10"
      }
    }
  }
}