{
  "B200": {
    "v2_920": {
      "default": {
        "compiled_us": 16.330918149271216,
        "coord_descent_us": null,
        "memcopy_sol_us": 13.278663756054511,
        "total_bytes": 38273024,
        "gap_default": 1.2298615620735938,
        "gap_cd": null,
        "timestamp": "2026-05-16T16:59:10"
      }
    }
  }
}