{
  "B200": {
    "v2_920": {
      "default": {
        "compiled_us": 10.205473934162743,
        "coord_descent_us": null,
        "memcopy_sol_us": 7.093277188628391,
        "total_bytes": 29184,
        "gap_default": 1.4387530139839566,
        "gap_cd": null,
        "timestamp": "2026-05-16T16:59:10"
      }
    }
  }
}