{
  "B200": {
    "v3_full": {
      "default": {
        "compiled_us": 12.31108184217987,
        "coord_descent_us": null,
        "memcopy_sol_us": 13.185852480398587,
        "total_bytes": 34406400,
        "gap_default": 0.9336583933788805,
        "gap_cd": null,
        "timestamp": "2026-05-16T18:41:32"
      }
    }
  }
}