{
  "B200": {
    "v3_full": {
      "default": {
        "compiled_us": 14.340561532087241,
        "coord_descent_us": null,
        "memcopy_sol_us": 17.687292886586487,
        "total_bytes": 58207236,
        "gap_default": 0.8107832908088888,
        "gap_cd": null,
        "timestamp": "2026-05-16T18:41:32"
      }
    }
  }
}