{
  "B200": {
    "v3_full": {
      "default": {
        "compiled_us": 8.247856429895956,
        "coord_descent_us": null,
        "memcopy_sol_us": 173.01145485018793,
        "total_bytes": 1057021952,
        "gap_default": 0.047672314165775,
        "gap_cd": null,
        "timestamp": "2026-05-16T18:41:32"
      }
    }
  }
}