{
  "B200": {
    "v2_920": {
      "default": {
        "compiled_us": 80.70137991598159,
        "coord_descent_us": null,
        "memcopy_sol_us": 112.65071487523676,
        "total_bytes": 674840580,
        "gap_default": 0.7163858658629927,
        "gap_cd": null,
        "timestamp": "2026-05-16T16:59:10"
      }
    }
  }
}