{
  "B200": {
    "v3_full": {
      "default": {
        "compiled_us": 27.770000614557272,
        "coord_descent_us": null,
        "memcopy_sol_us": 27.860046935101344,
        "total_bytes": 121188352,
        "gap_default": 0.9967679049229949,
        "gap_cd": null,
        "timestamp": "2026-05-16T18:41:32"
      }
    }
  }
}