{
  "B200": {
    "v2_920": {
      "default": {
        "compiled_us": 16.35304720161666,
        "coord_descent_us": null,
        "memcopy_sol_us": 17.735087550899866,
        "total_bytes": 67108864,
        "gap_default": 0.9220731025253337,
        "gap_cd": null,
        "timestamp": "2026-05-16T16:59:10"
      }
    }
  }
}