{
  "B200": {
    "v2_920": {
      "default": {
        "compiled_us": 8.276763886929313,
        "coord_descent_us": null,
        "memcopy_sol_us": 9.325391639196214,
        "total_bytes": 9456640,
        "gap_default": 0.8875513444540667,
        "gap_cd": null,
        "timestamp": "2026-05-16T16:59:10"
      }
    }
  }
}