{
  "B200": {
    "v2_920": {
      "default": {
        "compiled_us": 16.482339667248528,
        "coord_descent_us": null,
        "memcopy_sol_us": 19.454709398566614,
        "total_bytes": 59788288,
        "gap_default": 0.8472159274948058,
        "gap_cd": null,
        "timestamp": "2026-05-16T16:59:10"
      }
    }
  }
}