{
  "B200": {
    "v3_full": {
      "default": {
        "compiled_us": 10.227326048140675,
        "coord_descent_us": null,
        "memcopy_sol_us": 10.385259132316712,
        "total_bytes": 10826980,
        "gap_default": 0.9847925716475786,
        "gap_cd": null,
        "timestamp": "2026-05-16T18:41:32"
      }
    }
  }
}