{
  "B200": {
    "v2_920": {
      "default": {
        "compiled_us": 18.40106927384425,
        "coord_descent_us": null,
        "memcopy_sol_us": 21.42287431922307,
        "total_bytes": 89653248,
        "gap_default": 0.8589449295948439,
        "gap_cd": null,
        "timestamp": "2026-05-16T16:59:10"
      }
    }
  }
}