{
  "B200": {
    "v2_920": {
      "default": {
        "compiled_us": 129.22545033207265,
        "coord_descent_us": null,
        "memcopy_sol_us": 103.43165912825064,
        "total_bytes": 603992064,
        "gap_default": 1.2493800391603394,
        "gap_cd": null,
        "timestamp": "2026-05-16T16:59:10"
      }
    }
  }
}