{
  "B200": {
    "v2_920": {
      "default": {
        "compiled_us": 6.180366419916816,
        "coord_descent_us": null,
        "memcopy_sol_us": 7.1728462043765076,
        "total_bytes": 262144,
        "gap_default": 0.8616337565060115,
        "gap_cd": null,
        "timestamp": "2026-05-16T16:59:10"
      }
    }
  }
}