{
  "B200": {
    "v3_full": {
      "default": {
        "compiled_us": 6.168419859133916,
        "coord_descent_us": null,
        "memcopy_sol_us": 10.591942482968207,
        "total_bytes": 19070976,
        "gap_default": 0.58236908565664,
        "gap_cd": null,
        "timestamp": "2026-05-16T18:41:32"
      }
    }
  }
}