{
  "B200": {
    "v2_920": {
      "default": {
        "compiled_us": 151.44187976560121,
        "coord_descent_us": null,
        "memcopy_sol_us": 59.1236764333595,
        "total_bytes": 314650624,
        "gap_default": 2.5614421988168647,
        "gap_cd": null,
        "timestamp": "2026-05-16T16:59:10"
      }
    }
  }
}