{
  "B200": {
    "v2_920": {
      "default": {
        "compiled_us": 10.259504294852137,
        "coord_descent_us": null,
        "memcopy_sol_us": 9.328387918889037,
        "total_bytes": 16515072,
        "gap_default": 1.0998153576008223,
        "gap_cd": null,
        "timestamp": "2026-05-16T16:59:10"
      }
    }
  }
}