{
  "B200": {
    "v2_920": {
      "default": {
        "compiled_us": 14.283389039867206,
        "coord_descent_us": null,
        "memcopy_sol_us": 13.20726574521051,
        "total_bytes": 18890752,
        "gap_default": 1.0814796427524707,
        "gap_cd": null,
        "timestamp": "2026-05-16T16:59:10"
      }
    }
  }
}