{
  "B200": {
    "v3_full": {
      "default": {
        "compiled_us": 6.215964127169391,
        "coord_descent_us": null,
        "memcopy_sol_us": 11.27659038290883,
        "total_bytes": 14463368,
        "gap_default": 0.5512272696000832,
        "gap_cd": null,
        "timestamp": "2026-05-16T18:41:32"
      }
    }
  }
}