{
  "B200": {
    "v3_full": {
      "default": {
        "compiled_us": 9.995228735460813,
        "coord_descent_us": null,
        "memcopy_sol_us": 9.20911478750019,
        "total_bytes": 2414896,
        "gap_default": 1.0853625963081315,
        "gap_cd": null,
        "timestamp": "2026-05-16T18:41:32"
      }
    }
  }
}