{
  "B200": {
    "v2_920": {
      "default": {
        "compiled_us": 213.82305897991728,
        "coord_descent_us": null,
        "memcopy_sol_us": 84.98365777480352,
        "total_bytes": 484055088,
        "gap_default": 2.5160491390771,
        "gap_cd": null,
        "timestamp": "2026-05-16T16:59:10"
      }
    }
  }
}