{
  "B200": {
    "v2_920": {
      "default": {
        "compiled_us": 52.81433896606624,
        "coord_descent_us": null,
        "memcopy_sol_us": 55.116741784255616,
        "total_bytes": 301989888,
        "gap_default": 0.9582267974547242,
        "gap_cd": null,
        "timestamp": "2026-05-16T16:59:10"
      }
    }
  }
}