{
  "B200": {
    "v2_920": {
      "default": {
        "compiled_us": 10.40768772625461,
        "coord_descent_us": null,
        "memcopy_sol_us": 8.140419930437654,
        "total_bytes": 12189696,
        "gap_default": 1.2785197588320312,
        "gap_cd": null,
        "timestamp": "2026-05-16T16:59:10"
      }
    }
  }
}