{
  "B200": {
    "v2_920": {
      "default": {
        "compiled_us": 22.52292571707376,
        "coord_descent_us": null,
        "memcopy_sol_us": 23.502302740033045,
        "total_bytes": 100663296,
        "gap_default": 0.95832846535114,
        "gap_cd": null,
        "timestamp": "2026-05-16T16:59:10"
      }
    }
  }
}