{
  "B200": {
    "v2_920": {
      "default": {
        "compiled_us": 43.06143195282261,
        "coord_descent_us": null,
        "memcopy_sol_us": 82.55206346484982,
        "total_bytes": 201359360,
        "gap_default": 0.5216275662347061,
        "gap_cd": null,
        "timestamp": "2026-05-16T16:59:10"
      }
    }
  }
}