{
  "B200": {
    "v3_full": {
      "default": {
        "compiled_us": 6.3972107390783925,
        "coord_descent_us": null,
        "memcopy_sol_us": 7.137857877448892,
        "total_bytes": 294912,
        "gap_default": 0.8962367770433655,
        "gap_cd": null,
        "timestamp": "2026-05-16T18:41:32"
      }
    }
  }
}