{
  "B200": {
    "v2_920": {
      "default": {
        "compiled_us": 26.489408405429636,
        "coord_descent_us": null,
        "memcopy_sol_us": 19.45666517040513,
        "total_bytes": 60300800,
        "gap_default": 1.3614567642209194,
        "gap_cd": null,
        "timestamp": "2026-05-16T16:59:10"
      }
    }
  }
}