{
  "B200": {
    "v2_920": {
      "default": {
        "compiled_us": 163.70666066724178,
        "coord_descent_us": null,
        "memcopy_sol_us": 175.3956761105169,
        "total_bytes": 1073741824,
        "gap_default": 0.9333563078492889,
        "gap_cd": null,
        "timestamp": "2026-05-16T16:59:10"
      }
    }
  }
}