{
  "B200": {
    "v2_920": {
      "default": {
        "compiled_us": 12.976270496187956,
        "coord_descent_us": null,
        "memcopy_sol_us": 95.05979685310112,
        "total_bytes": 545755136,
        "gap_default": 0.1365063983488266,
        "gap_cd": null,
        "timestamp": "2026-05-16T16:59:10"
      }
    }
  }
}