{
  "B200": {
    "v3_full": {
      "default": {
        "compiled_us": 6.1852759593490365,
        "coord_descent_us": null,
        "memcopy_sol_us": 137.5419620916286,
        "total_bytes": 822284288,
        "gap_default": 0.04497010123520333,
        "gap_cd": null,
        "timestamp": "2026-05-16T18:41:32"
      }
    }
  }
}