{
  "B200": {
    "v3_full": {
      "default": {
        "compiled_us": 11.83821994097943,
        "coord_descent_us": null,
        "memcopy_sol_us": 10.454941740465554,
        "total_bytes": 19267584,
        "gap_default": 1.1323085517693454,
        "gap_cd": null,
        "timestamp": "2026-05-16T18:41:32"
      }
    }
  }
}