{
  "B200": {
    "v2_920": {
      "default": {
        "compiled_us": 20.43103289697005,
        "coord_descent_us": null,
        "memcopy_sol_us": 13.312288390983257,
        "total_bytes": 22809600,
        "gap_default": 1.5347498714652617,
        "gap_cd": null,
        "timestamp": "2026-05-16T16:59:10"
      }
    }
  }
}