{
  "B200": {
    "v2_920": {
      "default": {
        "compiled_us": 108.46529459081584,
        "coord_descent_us": null,
        "memcopy_sol_us": 50.18489775778372,
        "total_bytes": 255233024,
        "gap_default": 2.1613134515949626,
        "gap_cd": null,
        "timestamp": "2026-05-16T16:59:10"
      }
    }
  }
}