{
  "B200": {
    "v2_920": {
      "default": {
        "compiled_us": 6.143214962042144,
        "coord_descent_us": null,
        "memcopy_sol_us": 9.2240356300242,
        "total_bytes": 4198400,
        "gap_default": 0.6660007840869568,
        "gap_cd": null,
        "timestamp": "2026-05-16T16:59:10"
      }
    }
  }
}