{
  "B200": {
    "v2_920": {
      "default": {
        "compiled_us": 81.92464588653473,
        "coord_descent_us": null,
        "memcopy_sol_us": 42.44359673718871,
        "total_bytes": 201404416,
        "gap_default": 1.9302003643520877,
        "gap_cd": null,
        "timestamp": "2026-05-16T16:59:10"
      }
    }
  }
}