{
  "B200": {
    "v2_920": {
      "default": {
        "compiled_us": 32.81173627088743,
        "coord_descent_us": null,
        "memcopy_sol_us": 34.11053660892824,
        "total_bytes": 167772164,
        "gap_default": 0.9619237787745368,
        "gap_cd": null,
        "timestamp": "2026-05-16T16:59:10"
      }
    }
  }
}