{
  "B200": {
    "v2_920": {
      "default": {
        "compiled_us": 20.523724363812114,
        "coord_descent_us": null,
        "memcopy_sol_us": 13.331722158299973,
        "total_bytes": 29380608,
        "gap_default": 1.5394653533965672,
        "gap_cd": null,
        "timestamp": "2026-05-16T16:59:10"
      }
    }
  }
}