{
  "B200": {
    "v3_full": {
      "default": {
        "compiled_us": 129.65260809081173,
        "coord_descent_us": null,
        "memcopy_sol_us": 58.15701716767835,
        "total_bytes": 308284804,
        "gap_default": 2.229354502776462,
        "gap_cd": null,
        "timestamp": "2026-05-16T18:41:32"
      }
    }
  }
}