{
  "B200": {
    "v2_920": {
      "default": {
        "compiled_us": 239.91013926746814,
        "coord_descent_us": null,
        "memcopy_sol_us": 340.9072870832447,
        "total_bytes": 2147483648,
        "gap_default": 0.7037401321635155,
        "gap_cd": null,
        "timestamp": "2026-05-16T16:59:10"
      }
    }
  }
}