{
  "B200": {
    "v3_full": {
      "default": {
        "compiled_us": 34.85425764235325,
        "coord_descent_us": null,
        "memcopy_sol_us": 19.45897338157767,
        "total_bytes": 65096536,
        "gap_default": 1.7911663148350212,
        "gap_cd": null,
        "timestamp": "2026-05-16T18:41:32"
      }
    }
  }
}