{
  "B200": {
    "v2_920": {
      "default": {
        "compiled_us": 8.725651745469877,
        "coord_descent_us": null,
        "memcopy_sol_us": 11.278169057151457,
        "total_bytes": 16781312,
        "gap_default": 0.7736762679521074,
        "gap_cd": null,
        "timestamp": "2026-05-16T16:59:10"
      }
    }
  }
}