{
  "B200": {
    "v3_full": {
      "default": {
        "compiled_us": 28.966315011145184,
        "coord_descent_us": null,
        "memcopy_sol_us": 12.716110564681308,
        "total_bytes": 33456128,
        "gap_default": 2.2779225505948673,
        "gap_cd": null,
        "timestamp": "2026-05-16T18:41:32"
      }
    }
  }
}