{
  "B200": {
    "v2_920": {
      "default": {
        "compiled_us": 16.359700178677645,
        "coord_descent_us": null,
        "memcopy_sol_us": 12.326931939439504,
        "total_bytes": 33087488,
        "gap_default": 1.3271510104096111,
        "gap_cd": null,
        "timestamp": "2026-05-16T16:59:10"
      }
    }
  }
}