{
  "B200": {
    "v3_full": {
      "default": {
        "compiled_us": 43.371697438824974,
        "coord_descent_us": null,
        "memcopy_sol_us": 41.997706771639116,
        "total_bytes": 206447552,
        "gap_default": 1.0327158498119167,
        "gap_cd": null,
        "timestamp": "2026-05-16T18:41:32"
      }
    }
  }
}