{
  "B200": {
    "v3_full": {
      "default": {
        "compiled_us": 12.247195963757084,
        "coord_descent_us": null,
        "memcopy_sol_us": 30.00932345416076,
        "total_bytes": 142647296,
        "gap_default": 0.40811303135389493,
        "gap_cd": null,
        "timestamp": "2026-05-16T18:41:32"
      }
    }
  }
}