{
  "B200": {
    "v3_full": {
      "default": {
        "compiled_us": 24.613666362004544,
        "coord_descent_us": null,
        "memcopy_sol_us": 14.342519214007384,
        "total_bytes": 34040564,
        "gap_default": 1.716132709654383,
        "gap_cd": null,
        "timestamp": "2026-05-16T18:41:32"
      }
    }
  }
}