{
  "B200": {
    "v3_full": {
      "default": {
        "compiled_us": 8.222432433936758,
        "coord_descent_us": null,
        "memcopy_sol_us": 9.214774715896416,
        "total_bytes": 3014400,
        "gap_default": 0.8923096535124437,
        "gap_cd": null,
        "timestamp": "2026-05-16T18:41:32"
      }
    }
  }
}