{
  "B200": {
    "v2_920": {
      "default": {
        "compiled_us": 12.360952643113139,
        "coord_descent_us": null,
        "memcopy_sol_us": 35.862987569243,
        "total_bytes": 167235584,
        "gap_default": 0.3446715815085691,
        "gap_cd": null,
        "timestamp": "2026-05-16T16:59:10"
      }
    }
  }
}