{
  "B200": {
    "v2_920": {
      "default": {
        "compiled_us": 85.95015010663441,
        "coord_descent_us": null,
        "memcopy_sol_us": 27.659510226071124,
        "total_bytes": 117485568,
        "gap_default": 3.107435721172679,
        "gap_cd": null,
        "timestamp": "2026-05-16T16:59:10"
      }
    }
  }
}