{
  "B200": {
    "v2_920": {
      "default": {
        "compiled_us": 6.594362296011252,
        "coord_descent_us": null,
        "memcopy_sol_us": 73.97438308139739,
        "total_bytes": 412091394,
        "gap_default": 0.08914386333922074,
        "gap_cd": null,
        "timestamp": "2026-05-16T16:59:10"
      }
    }
  }
}