{
  "B200": {
    "v3_full": {
      "default": {
        "compiled_us": 8.202077996904663,
        "coord_descent_us": null,
        "memcopy_sol_us": 7.181872205729291,
        "total_bytes": 603680,
        "gap_default": 1.1420529023562283,
        "gap_cd": null,
        "timestamp": "2026-05-16T18:41:32"
      }
    }
  }
}