{
  "B200": {
    "v2_920": {
      "default": {
        "compiled_us": 3.01975790639367,
        "coord_descent_us": null,
        "memcopy_sol_us": 5.6615725756912685,
        "total_bytes": 8,
        "gap_default": 0.5333779380236882,
        "gap_cd": null,
        "timestamp": "2026-05-16T16:59:10"
      }
    }
  }
}