{
  "B200": {
    "v2_920": {
      "default": {
        "compiled_us": 1121.4063153629415,
        "coord_descent_us": null,
        "memcopy_sol_us": 517.3175848421959,
        "total_bytes": 3293773828,
        "gap_default": 2.167732836116558,
        "gap_cd": null,
        "timestamp": "2026-05-16T16:59:10"
      }
    }
  }
}