{
  "B200": {
    "v3_full": {
      "default": {
        "compiled_us": 8.727800949957011,
        "coord_descent_us": null,
        "memcopy_sol_us": 7.149488145528075,
        "total_bytes": 1205968,
        "gap_default": 1.2207588532636637,
        "gap_cd": null,
        "timestamp": "2026-05-16T18:41:32"
      }
    }
  }
}