{
  "B200": {
    "v2_920": {
      "default": {
        "compiled_us": 22.521659646962966,
        "coord_descent_us": null,
        "memcopy_sol_us": 21.378085565316926,
        "total_bytes": 88080384,
        "gap_default": 1.0534928199324516,
        "gap_cd": null,
        "timestamp": "2026-05-16T16:59:10"
      }
    }
  }
}