{
  "B200": {
    "v2_920": {
      "default": {
        "compiled_us": 41.089362859315145,
        "coord_descent_us": null,
        "memcopy_sol_us": 23.451958832593924,
        "total_bytes": 100671488,
        "gap_default": 1.752065281737083,
        "gap_cd": null,
        "timestamp": "2026-05-16T16:59:10"
      }
    }
  }
}