{
  "B200": {
    "v3_full": {
      "default": {
        "compiled_us": 8.233821907104073,
        "coord_descent_us": null,
        "memcopy_sol_us": 9.218197366311985,
        "total_bytes": 4847776,
        "gap_default": 0.8932138876950797,
        "gap_cd": null,
        "timestamp": "2026-05-16T18:41:32"
      }
    }
  }
}