{
  "B200": {
    "v2_920": {
      "default": {
        "compiled_us": 8.244002104041394,
        "coord_descent_us": null,
        "memcopy_sol_us": 30.245735484333068,
        "total_bytes": 142639104,
        "gap_default": 0.2725674205645186,
        "gap_cd": null,
        "timestamp": "2026-05-16T16:59:10"
      }
    }
  }
}