{
  "B200": {
    "v2_920": {
      "default": {
        "compiled_us": 16.666432771074735,
        "coord_descent_us": null,
        "memcopy_sol_us": 16.439703041831432,
        "total_bytes": 45032704,
        "gap_default": 1.013791595180666,
        "gap_cd": null,
        "timestamp": "2026-05-16T16:59:10"
      }
    }
  }
}