{
  "B200": {
    "v3_full": {
      "default": {
        "compiled_us": 49.106763441534675,
        "coord_descent_us": null,
        "memcopy_sol_us": 21.526908824546027,
        "total_bytes": 77677824,
        "gap_default": 2.2811804445207087,
        "gap_cd": null,
        "timestamp": "2026-05-16T18:41:32"
      }
    }
  }
}