{
  "B200": {
    "v3_full": {
      "default": {
        "compiled_us": 22.527908999355116,
        "coord_descent_us": null,
        "memcopy_sol_us": 13.371581341648689,
        "total_bytes": 32114048,
        "gap_default": 1.6847602705887195,
        "gap_cd": null,
        "timestamp": "2026-05-16T18:41:32"
      }
    }
  }
}