{
  "B200": {
    "v3_full": {
      "default": {
        "compiled_us": 12.293879187378455,
        "coord_descent_us": null,
        "memcopy_sol_us": 6.925856049913633,
        "total_bytes": 917504,
        "gap_default": 1.7750699839526354,
        "gap_cd": null,
        "timestamp": "2026-05-16T18:41:32"
      }
    }
  }
}