{
  "B200": {
    "v2_920": {
      "default": {
        "compiled_us": 14.279560245409684,
        "coord_descent_us": null,
        "memcopy_sol_us": 9.486632992197265,
        "total_bytes": 15859712,
        "gap_default": 1.5052295432061713,
        "gap_cd": null,
        "timestamp": "2026-05-16T16:59:10"
      }
    }
  }
}