{
  "B200": {
    "v2_920": {
      "default": {
        "compiled_us": 99.95355600387686,
        "coord_descent_us": null,
        "memcopy_sol_us": 41.697826006056104,
        "total_bytes": 201596932,
        "gap_default": 2.3970927402632407,
        "gap_cd": null,
        "timestamp": "2026-05-16T16:59:10"
      }
    }
  }
}