{
  "B200": {
    "v3_full": {
      "default": {
        "compiled_us": 20.54784232576961,
        "coord_descent_us": null,
        "memcopy_sol_us": 13.689046178925178,
        "total_bytes": 33587992,
        "gap_default": 1.5010426626658486,
        "gap_cd": null,
        "timestamp": "2026-05-16T18:41:32"
      }
    }
  }
}