{
  "B200": {
    "v2_920": {
      "default": {
        "compiled_us": 194.6170649779982,
        "coord_descent_us": null,
        "memcopy_sol_us": 211.93671331491103,
        "total_bytes": 1310392836,
        "gap_default": 0.9182791501009171,
        "gap_cd": null,
        "timestamp": "2026-05-16T16:59:10"
      }
    }
  }
}