{
  "B200": {
    "v3_full": {
      "default": {
        "compiled_us": 13.202027347018197,
        "coord_descent_us": null,
        "memcopy_sol_us": 11.435791431774815,
        "total_bytes": 28704768,
        "gap_default": 1.1544480699722997,
        "gap_cd": null,
        "timestamp": "2026-05-16T18:41:32"
      }
    }
  }
}