{
  "B200": {
    "v2_920": {
      "default": {
        "compiled_us": 10.284050015168194,
        "coord_descent_us": null,
        "memcopy_sol_us": 7.166850007315969,
        "total_bytes": 7080,
        "gap_default": 1.4349470136350233,
        "gap_cd": null,
        "timestamp": "2026-05-16T16:59:10"
      }
    }
  }
}