{
  "B200": {
    "v2_920": {
      "default": {
        "compiled_us": 1085.5475664138794,
        "coord_descent_us": null,
        "memcopy_sol_us": 168.7840664862124,
        "total_bytes": 1026287232,
        "gap_default": 6.431576090166991,
        "gap_cd": null,
        "timestamp": "2026-05-16T16:59:10"
      }
    }
  }
}