{
  "B200": {
    "v2_920": {
      "default": {
        "compiled_us": 45.09202618858067,
        "coord_descent_us": null,
        "memcopy_sol_us": 15.363654583911355,
        "total_bytes": 35236356,
        "gap_default": 2.9349804724066453,
        "gap_cd": null,
        "timestamp": "2026-05-16T16:59:10"
      }
    }
  }
}