{
  "B200": {
    "v3_full": {
      "default": {
        "compiled_us": 26.647198371172117,
        "coord_descent_us": null,
        "memcopy_sol_us": 12.73437817550941,
        "total_bytes": 33587200,
        "gap_default": 2.0925402091811334,
        "gap_cd": null,
        "timestamp": "2026-05-16T18:41:32"
      }
    }
  }
}