{
  "B200": {
    "v2_920": {
      "default": {
        "compiled_us": 10.268803109827731,
        "coord_descent_us": null,
        "memcopy_sol_us": 13.096462276749817,
        "total_bytes": 34603008,
        "gap_default": 0.7840898475352358,
        "gap_cd": null,
        "timestamp": "2026-05-16T16:59:10"
      }
    }
  }
}