{
  "B200": {
    "v2_920": {
      "default": {
        "compiled_us": 10.272511135376838,
        "coord_descent_us": null,
        "memcopy_sol_us": 9.188317158108633,
        "total_bytes": 12599296,
        "gap_default": 1.1179970127948196,
        "gap_cd": null,
        "timestamp": "2026-05-16T16:59:10"
      }
    }
  }
}