{
  "B200": {
    "v2_920": {
      "default": {
        "compiled_us": 101.22856747736965,
        "coord_descent_us": null,
        "memcopy_sol_us": 46.06908500008734,
        "total_bytes": 226492712,
        "gap_default": 2.197320990359972,
        "gap_cd": null,
        "timestamp": "2026-05-16T16:59:10"
      }
    }
  }
}