{
  "B200": {
    "v2_920": {
      "default": {
        "compiled_us": 14.289199826060672,
        "coord_descent_us": null,
        "memcopy_sol_us": 9.808814767292983,
        "total_bytes": 18350080,
        "gap_default": 1.4567712985780215,
        "gap_cd": null,
        "timestamp": "2026-05-16T16:59:10"
      }
    }
  }
}