{
  "B200": {
    "v2_920": {
      "default": {
        "compiled_us": 14.320754638350438,
        "coord_descent_us": null,
        "memcopy_sol_us": 15.22156241495017,
        "total_bytes": 50331648,
        "gap_default": 0.9408202816476327,
        "gap_cd": null,
        "timestamp": "2026-05-16T16:59:10"
      }
    }
  }
}