{
  "B200": {
    "v2_920": {
      "default": {
        "compiled_us": 736.844899390526,
        "coord_descent_us": null,
        "memcopy_sol_us": 103.44004235716125,
        "total_bytes": 604020736,
        "gap_default": 7.123400982825618,
        "gap_cd": null,
        "timestamp": "2026-05-16T16:59:10"
      }
    }
  }
}