{
  "B200": {
    "v3_full": {
      "default": {
        "compiled_us": 14.347329397690375,
        "coord_descent_us": null,
        "memcopy_sol_us": 11.205655727862114,
        "total_bytes": 25165824,
        "gap_default": 1.2803650001504776,
        "gap_cd": null,
        "timestamp": "2026-05-16T18:41:32"
      }
    }
  }
}