{
  "B200": {
    "v3_full": {
      "default": {
        "compiled_us": 12.371155416636876,
        "coord_descent_us": null,
        "memcopy_sol_us": 13.326778739595097,
        "total_bytes": 25702656,
        "gap_default": 0.9282930000091488,
        "gap_cd": null,
        "timestamp": "2026-05-16T18:41:32"
      }
    }
  }
}