{
  "B200": {
    "v3_full": {
      "default": {
        "compiled_us": 330.79531999717653,
        "coord_descent_us": null,
        "memcopy_sol_us": 154.19604549149295,
        "total_bytes": 932216048,
        "gap_default": 2.145290554908729,
        "gap_cd": null,
        "timestamp": "2026-05-16T18:41:32"
      }
    }
  }
}