{
  "B200": {
    "v3_full": {
      "default": {
        "compiled_us": 16.61636830233873,
        "coord_descent_us": null,
        "memcopy_sol_us": 16.00354917495607,
        "total_bytes": 56623104,
        "gap_default": 1.0382927012429006,
        "gap_cd": null,
        "timestamp": "2026-05-16T18:41:32"
      }
    }
  }
}