{
  "B200": {
    "v2_920": {
      "default": {
        "compiled_us": 11.897479333339474,
        "coord_descent_us": null,
        "memcopy_sol_us": 10.794623347438694,
        "total_bytes": 6292480,
        "gap_default": 1.102167157704716,
        "gap_cd": null,
        "timestamp": "2026-05-16T16:59:10"
      }
    }
  }
}