{
  "B200": {
    "v2_920": {
      "default": {
        "compiled_us": 26.01377437225519,
        "coord_descent_us": null,
        "memcopy_sol_us": 35.32578706024528,
        "total_bytes": 157604864,
        "gap_default": 0.7363961722322222,
        "gap_cd": null,
        "timestamp": "2026-05-16T16:59:10"
      }
    }
  }
}