{
  "B200": {
    "v3_full": {
      "default": {
        "compiled_us": 6.220757285320423,
        "coord_descent_us": null,
        "memcopy_sol_us": 9.162233766114127,
        "total_bytes": 2107392,
        "gap_default": 0.6789564034403328,
        "gap_cd": null,
        "timestamp": "2026-05-16T18:41:32"
      }
    }
  }
}