{
  "B200": {
    "v2_920": {
      "default": {
        "compiled_us": 41.261762588061664,
        "coord_descent_us": null,
        "memcopy_sol_us": 24.17178412007404,
        "total_bytes": 100663296,
        "gap_default": 1.707021806213917,
        "gap_cd": null,
        "timestamp": "2026-05-16T16:59:10"
      }
    }
  }
}