{
  "B200": {
    "v2_920": {
      "default": {
        "compiled_us": 10.267757076658437,
        "coord_descent_us": null,
        "memcopy_sol_us": 11.317820537186842,
        "total_bytes": 16422912,
        "gap_default": 0.9072203471438496,
        "gap_cd": null,
        "timestamp": "2026-05-16T16:59:10"
      }
    }
  }
}