{
  "B200": {
    "v2_920": {
      "default": {
        "compiled_us": 28.548318723211537,
        "coord_descent_us": null,
        "memcopy_sol_us": 52.21662130803982,
        "total_bytes": 269496320,
        "gap_default": 0.5467285704832828,
        "gap_cd": null,
        "timestamp": "2026-05-16T16:59:10"
      }
    }
  }
}