{
  "B200": {
    "v2_920": {
      "default": {
        "compiled_us": 64.44784857515758,
        "coord_descent_us": null,
        "memcopy_sol_us": 68.64600926946802,
        "total_bytes": 378156040,
        "gap_default": 0.9388433393435781,
        "gap_cd": null,
        "timestamp": "2026-05-16T16:59:10"
      }
    }
  }
}