{
  "B200": {
    "v2_920": {
      "default": {
        "compiled_us": 12.335060845288696,
        "coord_descent_us": null,
        "memcopy_sol_us": 11.28622260413565,
        "total_bytes": 14974720,
        "gap_default": 1.092930848339702,
        "gap_cd": null,
        "timestamp": "2026-05-16T16:59:10"
      }
    }
  }
}