{
  "B200": {
    "v2_920": {
      "default": {
        "compiled_us": 171.42658354813378,
        "coord_descent_us": null,
        "memcopy_sol_us": 730.2288426750008,
        "total_bytes": 4680040456,
        "gap_default": 0.23475734390353262,
        "gap_cd": null,
        "timestamp": "2026-05-16T16:59:10"
      }
    }
  }
}