{
  "B200": {
    "v3_full": {
      "default": {
        "compiled_us": 47.94172830070919,
        "coord_descent_us": null,
        "memcopy_sol_us": 31.765258496135214,
        "total_bytes": 143373568,
        "gap_default": 1.5092503751084574,
        "gap_cd": null,
        "timestamp": "2026-05-16T18:41:32"
      }
    }
  }
}