{
  "B200": {
    "v3_full": {
      "default": {
        "compiled_us": 16.332622783714015,
        "coord_descent_us": null,
        "memcopy_sol_us": 9.211212404684208,
        "total_bytes": 4817184,
        "gap_default": 1.7731241085493081,
        "gap_cd": null,
        "timestamp": "2026-05-16T18:41:32"
      }
    }
  }
}