{
  "B200": {
    "v2_920": {
      "default": {
        "compiled_us": 616.9322258961869,
        "coord_descent_us": null,
        "memcopy_sol_us": 261.7434327344159,
        "total_bytes": 1647149060,
        "gap_default": 2.35701128945677,
        "gap_cd": null,
        "timestamp": "2026-05-16T16:59:10"
      }
    }
  }
}