{
  "B200": {
    "v2_920": {
      "default": {
        "compiled_us": 19.449449394617556,
        "coord_descent_us": null,
        "memcopy_sol_us": 13.388111213269445,
        "total_bytes": 29622784,
        "gap_default": 1.4527403518534039,
        "gap_cd": null,
        "timestamp": "2026-05-16T16:59:10"
      }
    }
  }
}