{
  "B200": {
    "v3_full": {
      "default": {
        "compiled_us": 26.57791867421744,
        "coord_descent_us": null,
        "memcopy_sol_us": 19.45694060714869,
        "total_bytes": 64226436,
        "gap_default": 1.3659865243383855,
        "gap_cd": null,
        "timestamp": "2026-05-16T18:41:32"
      }
    }
  }
}