{
  "B200": {
    "v3_full": {
      "default": {
        "compiled_us": 20.419981976020907,
        "coord_descent_us": null,
        "memcopy_sol_us": 10.76545800038842,
        "total_bytes": 16057092,
        "gap_default": 1.8968056886464235,
        "gap_cd": null,
        "timestamp": "2026-05-16T18:41:32"
      }
    }
  }
}