{
  "B200": {
    "v2_920": {
      "default": {
        "compiled_us": 8.232922804306456,
        "coord_descent_us": null,
        "memcopy_sol_us": 11.49866415355155,
        "total_bytes": 29376512,
        "gap_default": 0.7159895005511213,
        "gap_cd": null,
        "timestamp": "2026-05-16T16:59:10"
      }
    }
  }
}