{
  "B200": {
    "v2_920": {
      "default": {
        "compiled_us": 10.193629528490204,
        "coord_descent_us": null,
        "memcopy_sol_us": 7.099627686962897,
        "total_bytes": 78112,
        "gap_default": 1.43579775981899,
        "gap_cd": null,
        "timestamp": "2026-05-16T16:59:10"
      }
    }
  }
}