{
  "B200": {
    "v3_full": {
      "default": {
        "compiled_us": 10.275659173417058,
        "coord_descent_us": null,
        "memcopy_sol_us": 9.192870223309638,
        "total_bytes": 2411520,
        "gap_default": 1.1177857321820857,
        "gap_cd": null,
        "timestamp": "2026-05-16T18:41:32"
      }
    }
  }
}