{
  "B200": {
    "v3_full": {
      "default": {
        "compiled_us": 33.38027568980159,
        "coord_descent_us": null,
        "memcopy_sol_us": 25.46164265684499,
        "total_bytes": 113639428,
        "gap_default": 1.311002441581584,
        "gap_cd": null,
        "timestamp": "2026-05-16T18:41:32"
      }
    }
  }
}