{
  "B200": {
    "v2_920": {
      "default": {
        "compiled_us": 7.316877184537178,
        "coord_descent_us": null,
        "memcopy_sol_us": 7.187391295881139,
        "total_bytes": 252160,
        "gap_default": 1.0180157004573054,
        "gap_cd": null,
        "timestamp": "2026-05-16T16:59:10"
      }
    }
  }
}