{
  "B200": {
    "v2_920": {
      "default": {
        "compiled_us": 16.340511370165352,
        "coord_descent_us": null,
        "memcopy_sol_us": 10.435412831923673,
        "total_bytes": 8832000,
        "gap_default": 1.565871100008329,
        "gap_cd": null,
        "timestamp": "2026-05-16T16:59:10"
      }
    }
  }
}