{
  "B200": {
    "v3_full": {
      "default": {
        "compiled_us": 29.163074026278984,
        "coord_descent_us": null,
        "memcopy_sol_us": 33.45386835792522,
        "total_bytes": 160563204,
        "gap_default": 0.8717399648453587,
        "gap_cd": null,
        "timestamp": "2026-05-16T18:41:32"
      }
    }
  }
}