{
  "B200": {
    "v3_full": {
      "default": {
        "compiled_us": 47.16411756049957,
        "coord_descent_us": null,
        "memcopy_sol_us": 17.584408754823805,
        "total_bytes": 56832000,
        "gap_default": 2.682155437700535,
        "gap_cd": null,
        "timestamp": "2026-05-16T18:41:32"
      }
    }
  }
}