{
  "B200": {
    "v2_920": {
      "default": {
        "compiled_us": 8.49518123323418,
        "coord_descent_us": null,
        "memcopy_sol_us": 46.150011089187394,
        "total_bytes": 233951232,
        "gap_default": 0.18407755562218137,
        "gap_cd": null,
        "timestamp": "2026-05-16T16:59:10"
      }
    }
  }
}