{
  "B200": {
    "v2_920": {
      "default": {
        "compiled_us": 42.13699803967488,
        "coord_descent_us": null,
        "memcopy_sol_us": 25.612794145224303,
        "total_bytes": 100667904,
        "gap_default": 1.645154285032648,
        "gap_cd": null,
        "timestamp": "2026-05-16T16:59:10"
      }
    }
  }
}