{
  "B200": {
    "v3_full": {
      "default": {
        "compiled_us": 15.468752709472751,
        "coord_descent_us": null,
        "memcopy_sol_us": 9.211933019566905,
        "total_bytes": 3613056,
        "gap_default": 1.6792081180590268,
        "gap_cd": null,
        "timestamp": "2026-05-16T18:41:32"
      }
    }
  }
}