{
  "B200": {
    "v2_920": {
      "default": {
        "compiled_us": 20.717102366052274,
        "coord_descent_us": null,
        "memcopy_sol_us": 23.496924819114582,
        "total_bytes": 100663296,
        "gap_default": 0.8816942014981917,
        "gap_cd": null,
        "timestamp": "2026-05-16T16:59:10"
      }
    }
  }
}