{
  "B200": {
    "v2_920": {
      "default": {
        "compiled_us": 550.7022820058322,
        "coord_descent_us": null,
        "memcopy_sol_us": 197.3158371080758,
        "total_bytes": 1210223312,
        "gap_default": 2.7909684801640937,
        "gap_cd": null,
        "timestamp": "2026-05-16T16:59:10"
      }
    }
  }
}