{
  "B200": {
    "v2_920": {
      "default": {
        "compiled_us": 8.128235490964812,
        "coord_descent_us": null,
        "memcopy_sol_us": 35.55366446654129,
        "total_bytes": 176193536,
        "gap_default": 0.22861878270280975,
        "gap_cd": null,
        "timestamp": "2026-05-16T16:59:10"
      }
    }
  }
}