{
  "B200": {
    "v2_920": {
      "default": {
        "compiled_us": 147.61152007806123,
        "coord_descent_us": null,
        "memcopy_sol_us": 13.847698713214358,
        "total_bytes": 42532864,
        "gap_default": 10.659642669521752,
        "gap_cd": null,
        "timestamp": "2026-05-16T16:59:10"
      }
    }
  }
}