{
  "B200": {
    "v2_920": {
      "default": {
        "compiled_us": 11.13625422004574,
        "coord_descent_us": null,
        "memcopy_sol_us": 11.285276692115612,
        "total_bytes": 14962176,
        "gap_default": 0.9867949651448081,
        "gap_cd": null,
        "timestamp": "2026-05-16T16:59:10"
      }
    }
  }
}