{
  "B200": {
    "v3_full": {
      "default": {
        "compiled_us": 14.297248813607748,
        "coord_descent_us": null,
        "memcopy_sol_us": 7.070049417434611,
        "total_bytes": 2008000,
        "gap_default": 2.022227564400186,
        "gap_cd": null,
        "timestamp": "2026-05-16T18:41:32"
      }
    }
  }
}