{
  "B200": {
    "v2_920": {
      "default": {
        "compiled_us": 8.223248443953212,
        "coord_descent_us": null,
        "memcopy_sol_us": 11.424458158752795,
        "total_bytes": 11408384,
        "gap_default": 0.719793300451016,
        "gap_cd": null,
        "timestamp": "2026-05-16T16:59:10"
      }
    }
  }
}