{
  "B200": {
    "v3_full": {
      "default": {
        "compiled_us": 24.60584659020384,
        "coord_descent_us": null,
        "memcopy_sol_us": 155.82985272524,
        "total_bytes": 956301312,
        "gap_default": 0.15790200760562226,
        "gap_cd": null,
        "timestamp": "2026-05-16T18:41:32"
      }
    }
  }
}