{
  "B200": {
    "v2_920": {
      "default": {
        "compiled_us": 18.59670312070675,
        "coord_descent_us": null,
        "memcopy_sol_us": 17.430694250183517,
        "total_bytes": 50337796,
        "gap_default": 1.0668940005364935,
        "gap_cd": null,
        "timestamp": "2026-05-16T16:59:10"
      }
    }
  }
}