{
  "B200": {
    "v2_920": {
      "default": {
        "compiled_us": 84.31238282785237,
        "coord_descent_us": null,
        "memcopy_sol_us": 52.25389214079036,
        "total_bytes": 272781312,
        "gap_default": 1.6135139292721998,
        "gap_cd": null,
        "timestamp": "2026-05-16T16:59:10"
      }
    }
  }
}