{
  "B200": {
    "v2_920": {
      "default": {
        "compiled_us": 6.16604055109419,
        "coord_descent_us": null,
        "memcopy_sol_us": 505.5988745960763,
        "total_bytes": 3221225472,
        "gap_default": 0.012195518742046742,
        "gap_cd": null,
        "timestamp": "2026-05-16T16:59:10"
      }
    }
  }
}