{
  "B200": {
    "v2_920": {
      "default": {
        "compiled_us": 10.318709261258775,
        "coord_descent_us": null,
        "memcopy_sol_us": 11.276475944596713,
        "total_bytes": 14607552,
        "gap_default": 0.915065071034283,
        "gap_cd": null,
        "timestamp": "2026-05-16T16:59:10"
      }
    }
  }
}