{
  "B200": {
    "v2_920": {
      "default": {
        "compiled_us": 53.27844961792159,
        "coord_descent_us": null,
        "memcopy_sol_us": 25.727941473004737,
        "total_bytes": 114349536,
        "gap_default": 2.0708399727131086,
        "gap_cd": null,
        "timestamp": "2026-05-16T16:59:10"
      }
    }
  }
}