{
  "B200": {
    "v3_full": {
      "default": {
        "compiled_us": 8.224852288564874,
        "coord_descent_us": null,
        "memcopy_sol_us": 11.275468352972082,
        "total_bytes": 10516480,
        "gap_default": 0.72944662084896,
        "gap_cd": null,
        "timestamp": "2026-05-16T18:41:32"
      }
    }
  }
}