{
  "B200": {
    "v2_920": {
      "default": {
        "compiled_us": 191.7742837650773,
        "coord_descent_us": null,
        "memcopy_sol_us": 117.90544784782476,
        "total_bytes": 698707396,
        "gap_default": 1.6265090991604707,
        "gap_cd": null,
        "timestamp": "2026-05-16T16:59:10"
      }
    }
  }
}