{
  "B200": {
    "v2_920": {
      "default": {
        "compiled_us": 145.5690471731982,
        "coord_descent_us": null,
        "memcopy_sol_us": 109.72055482188229,
        "total_bytes": 657195012,
        "gap_default": 1.3267254017217784,
        "gap_cd": null,
        "timestamp": "2026-05-16T16:59:10"
      }
    }
  }
}