{
  "B200": {
    "v3_full": {
      "default": {
        "compiled_us": 17.197073438341533,
        "coord_descent_us": null,
        "memcopy_sol_us": 9.219707162413238,
        "total_bytes": 3612964,
        "gap_default": 1.8652515893834785,
        "gap_cd": null,
        "timestamp": "2026-05-16T18:41:32"
      }
    }
  }
}