{
  "B200": {
    "v2_920": {
      "default": {
        "compiled_us": 8.137401840757402,
        "coord_descent_us": null,
        "memcopy_sol_us": 7.091501240899093,
        "total_bytes": 771840,
        "gap_default": 1.1474864861936773,
        "gap_cd": null,
        "timestamp": "2026-05-16T16:59:10"
      }
    }
  }
}