{
  "B200": {
    "v3_full": {
      "default": {
        "compiled_us": 6.422415210067162,
        "coord_descent_us": null,
        "memcopy_sol_us": 9.215584030121688,
        "total_bytes": 8922112,
        "gap_default": 0.6969081057776819,
        "gap_cd": null,
        "timestamp": "2026-05-16T18:41:32"
      }
    }
  }
}