{
  "B200": {
    "v3_full": {
      "default": {
        "compiled_us": 35.37602504392616,
        "coord_descent_us": null,
        "memcopy_sol_us": 31.919057881024163,
        "total_bytes": 144498448,
        "gap_default": 1.10830417287965,
        "gap_cd": null,
        "timestamp": "2026-05-16T18:41:32"
      }
    }
  }
}