{
  "B200": {
    "v3_full": {
      "default": {
        "compiled_us": 33.41456966486988,
        "coord_descent_us": null,
        "memcopy_sol_us": 31.69896415619574,
        "total_bytes": 136907776,
        "gap_default": 1.0541218161016412,
        "gap_cd": null,
        "timestamp": "2026-05-16T18:41:32"
      }
    }
  }
}