{
  "B200": {
    "v2_920": {
      "default": {
        "compiled_us": 8.664164277064955,
        "coord_descent_us": null,
        "memcopy_sol_us": 15.181220813467174,
        "total_bytes": 33558528,
        "gap_default": 0.5707159116860367,
        "gap_cd": null,
        "timestamp": "2026-05-16T16:59:10"
      }
    }
  }
}