{
  "B200": {
    "v3_full": {
      "default": {
        "compiled_us": 23.673139321105115,
        "coord_descent_us": null,
        "memcopy_sol_us": 15.364561096731798,
        "total_bytes": 42506240,
        "gap_default": 1.5407624840087777,
        "gap_cd": null,
        "timestamp": "2026-05-16T18:41:32"
      }
    }
  }
}