{
  "B200": {
    "v3_full": {
      "default": {
        "compiled_us": 211.05698541953012,
        "coord_descent_us": null,
        "memcopy_sol_us": 97.73653309217634,
        "total_bytes": 570430232,
        "gap_default": 2.159448250742433,
        "gap_cd": null,
        "timestamp": "2026-05-16T18:41:32"
      }
    }
  }
}