{
  "B200": {
    "v3_full": {
      "default": {
        "compiled_us": 276.5599249282088,
        "coord_descent_us": null,
        "memcopy_sol_us": 121.50962826700487,
        "total_bytes": 719839012,
        "gap_default": 2.2760330096681463,
        "gap_cd": null,
        "timestamp": "2026-05-16T18:41:32"
      }
    }
  }
}