{
  "B200": {
    "v2_920": {
      "default": {
        "compiled_us": 32.81746332459481,
        "coord_descent_us": null,
        "memcopy_sol_us": 15.36319668587969,
        "total_bytes": 38281472,
        "gap_default": 2.1361090400383493,
        "gap_cd": null,
        "timestamp": "2026-05-16T16:59:10"
      }
    }
  }
}