{
  "B200": {
    "v2_920": {
      "default": {
        "compiled_us": 20.28738403886442,
        "coord_descent_us": null,
        "memcopy_sol_us": 7.149707655837701,
        "total_bytes": 5580,
        "gap_default": 2.837512387279202,
        "gap_cd": null,
        "timestamp": "2026-05-16T16:59:10"
      }
    }
  }
}