{
  "B200": {
    "v3_full": {
      "default": {
        "compiled_us": 10.288586282934585,
        "coord_descent_us": null,
        "memcopy_sol_us": 7.151896158778782,
        "total_bytes": 811008,
        "gap_default": 1.4385816089213754,
        "gap_cd": null,
        "timestamp": "2026-05-16T18:41:32"
      }
    }
  }
}