{
  "B200": {
    "v2_920": {
      "default": {
        "compiled_us": 16.345777976054343,
        "coord_descent_us": null,
        "memcopy_sol_us": 13.189562206886242,
        "total_bytes": 37756928,
        "gap_default": 1.2392964769914991,
        "gap_cd": null,
        "timestamp": "2026-05-16T16:59:10"
      }
    }
  }
}