{
  "B200": {
    "v3_full": {
      "default": {
        "compiled_us": 18.467028017473016,
        "coord_descent_us": null,
        "memcopy_sol_us": 19.370715592339206,
        "total_bytes": 75497472,
        "gap_default": 0.9533477444052927,
        "gap_cd": null,
        "timestamp": "2026-05-16T18:41:32"
      }
    }
  }
}