{
  "B200": {
    "v3_full": {
      "default": {
        "compiled_us": 8.223362329907413,
        "coord_descent_us": null,
        "memcopy_sol_us": 9.709701935743302,
        "total_bytes": 8785920,
        "gap_default": 0.846922221127676,
        "gap_cd": null,
        "timestamp": "2026-05-16T18:41:32"
      }
    }
  }
}