{
  "B200": {
    "v2_920": {
      "default": {
        "compiled_us": 3.060195532622774,
        "coord_descent_us": null,
        "memcopy_sol_us": 49.828397065868714,
        "total_bytes": 268435456,
        "gap_default": 0.06141468947069414,
        "gap_cd": null,
        "timestamp": "2026-05-16T16:59:10"
      }
    }
  }
}