{
  "B200": {
    "v3_full": {
      "default": {
        "compiled_us": 24.56787427421049,
        "coord_descent_us": null,
        "memcopy_sol_us": 13.338688578697301,
        "total_bytes": 28920676,
        "gap_default": 1.8418508033426075,
        "gap_cd": null,
        "timestamp": "2026-05-16T18:41:32"
      }
    }
  }
}