{
  "B200": {
    "v3_full": {
      "default": {
        "compiled_us": 312.06966269332753,
        "coord_descent_us": null,
        "memcopy_sol_us": 441.51151794895566,
        "total_bytes": 2801795072,
        "gap_default": 0.7068211133948419,
        "gap_cd": null,
        "timestamp": "2026-05-16T18:41:32"
      }
    }
  }
}