{
  "B200": {
    "v2_920": {
      "default": {
        "compiled_us": 22.579878916719345,
        "coord_descent_us": null,
        "memcopy_sol_us": 29.350969506026157,
        "total_bytes": 134479872,
        "gap_default": 0.7693060671158881,
        "gap_cd": null,
        "timestamp": "2026-05-16T16:59:10"
      }
    }
  }
}