{
  "B200": {
    "v2_920": {
      "default": {
        "compiled_us": 8.215260953467487,
        "coord_descent_us": null,
        "memcopy_sol_us": 9.223797620007433,
        "total_bytes": 4293632,
        "gap_default": 0.8906592806901662,
        "gap_cd": null,
        "timestamp": "2026-05-16T16:59:10"
      }
    }
  }
}