{
  "B200": {
    "v3_full": {
      "default": {
        "compiled_us": 37.42179192003297,
        "coord_descent_us": null,
        "memcopy_sol_us": 39.737888060549,
        "total_bytes": 202899456,
        "gap_default": 0.9417156710244147,
        "gap_cd": null,
        "timestamp": "2026-05-16T18:41:32"
      }
    }
  }
}