{
  "B200": {
    "v2_920": {
      "default": {
        "compiled_us": 154.91467540366176,
        "coord_descent_us": null,
        "memcopy_sol_us": 122.85066909912064,
        "total_bytes": 726969600,
        "gap_default": 1.2609998507917823,
        "gap_cd": null,
        "timestamp": "2026-05-16T16:59:10"
      }
    }
  }
}