{
  "B200": {
    "v3_full": {
      "default": {
        "compiled_us": 18.497367701796595,
        "coord_descent_us": null,
        "memcopy_sol_us": 13.317130570033054,
        "total_bytes": 29151232,
        "gap_default": 1.3889904889436466,
        "gap_cd": null,
        "timestamp": "2026-05-16T18:41:32"
      }
    }
  }
}