{
  "B200": {
    "v2_920": {
      "default": {
        "compiled_us": 44.683352134822535,
        "coord_descent_us": null,
        "memcopy_sol_us": 38.14381172071489,
        "total_bytes": 180885504,
        "gap_default": 1.1714443344569099,
        "gap_cd": null,
        "timestamp": "2026-05-16T16:59:10"
      }
    }
  }
}