{
  "B200": {
    "v3_full": {
      "default": {
        "compiled_us": 20.417499311182798,
        "coord_descent_us": null,
        "memcopy_sol_us": 19.77082290604249,
        "total_bytes": 68240900,
        "gap_default": 1.0327086236224727,
        "gap_cd": null,
        "timestamp": "2026-05-16T18:41:32"
      }
    }
  }
}