{
  "B200": {
    "v2_920": {
      "default": {
        "compiled_us": 6.202226763802361,
        "coord_descent_us": null,
        "memcopy_sol_us": 7.7163733169436455,
        "total_bytes": 391680,
        "gap_default": 0.8037748446130109,
        "gap_cd": null,
        "timestamp": "2026-05-16T16:59:10"
      }
    }
  }
}