{
  "B200": {
    "v2_920": {
      "default": {
        "compiled_us": 20.5044694311783,
        "coord_descent_us": null,
        "memcopy_sol_us": 26.805040468872228,
        "total_bytes": 106331648,
        "gap_default": 0.7649482736274708,
        "gap_cd": null,
        "timestamp": "2026-05-16T16:59:10"
      }
    }
  }
}