{
  "B200": {
    "v2_920": {
      "default": {
        "compiled_us": 10.086727598459861,
        "coord_descent_us": null,
        "memcopy_sol_us": 11.964812089803232,
        "total_bytes": 28709888,
        "gap_default": 0.8430326797239106,
        "gap_cd": null,
        "timestamp": "2026-05-16T16:59:10"
      }
    }
  }
}