{
  "B200": {
    "v2_920": {
      "default": {
        "compiled_us": 8.132524975679232,
        "coord_descent_us": null,
        "memcopy_sol_us": 89.72894128241936,
        "total_bytes": 519579648,
        "gap_default": 0.09063435787214222,
        "gap_cd": null,
        "timestamp": "2026-05-16T16:59:10"
      }
    }
  }
}