{
  "B200": {
    "v2_920": {
      "default": {
        "compiled_us": 26.65947137204047,
        "coord_descent_us": null,
        "memcopy_sol_us": 19.47444999533267,
        "total_bytes": 67109376,
        "gap_default": 1.3689460487166414,
        "gap_cd": null,
        "timestamp": "2026-05-16T16:59:10"
      }
    }
  }
}