{
  "B200": {
    "v2_920": {
      "default": {
        "compiled_us": 8.126908593414718,
        "coord_descent_us": null,
        "memcopy_sol_us": 173.51030165924453,
        "total_bytes": 1062965248,
        "gap_default": 0.04683819067628093,
        "gap_cd": null,
        "timestamp": "2026-05-16T16:59:10"
      }
    }
  }
}