{
  "B200": {
    "v2_920": {
      "default": {
        "compiled_us": 24.522001367407395,
        "coord_descent_us": null,
        "memcopy_sol_us": 18.86636090678442,
        "total_bytes": 56660000,
        "gap_default": 1.2997737872484558,
        "gap_cd": null,
        "timestamp": "2026-05-16T16:59:10"
      }
    }
  }
}