{
  "B200": {
    "v3_full": {
      "default": {
        "compiled_us": 3.0212924066173525,
        "coord_descent_us": null,
        "memcopy_sol_us": 19.53254492139129,
        "total_bytes": 67108880,
        "gap_default": 0.15467991594421215,
        "gap_cd": null,
        "timestamp": "2026-05-16T18:41:32"
      }
    }
  }
}