{
  "B200": {
    "v3_full": {
      "default": {
        "compiled_us": 12.280943114146197,
        "coord_descent_us": null,
        "memcopy_sol_us": 11.168208339273237,
        "total_bytes": 29196288,
        "gap_default": 1.0996341347752268,
        "gap_cd": null,
        "timestamp": "2026-05-16T18:41:32"
      }
    }
  }
}