{
  "B200": {
    "v2_920": {
      "default": {
        "compiled_us": 18.827415057527485,
        "coord_descent_us": null,
        "memcopy_sol_us": 17.785114689007486,
        "total_bytes": 67215360,
        "gap_default": 1.0586052092857303,
        "gap_cd": null,
        "timestamp": "2026-05-16T16:59:10"
      }
    }
  }
}