{
  "B200": {
    "v3_full": {
      "default": {
        "compiled_us": 12.315810051815886,
        "coord_descent_us": null,
        "memcopy_sol_us": 13.507516897118116,
        "total_bytes": 41943040,
        "gap_default": 0.9117745434354048,
        "gap_cd": null,
        "timestamp": "2026-05-16T18:41:32"
      }
    }
  }
}