{
  "B200": {
    "v2_920": {
      "default": {
        "compiled_us": 84.7546046756151,
        "coord_descent_us": null,
        "memcopy_sol_us": 1033.1800685209387,
        "total_bytes": 6652669952,
        "gap_default": 0.08203275233226921,
        "gap_cd": null,
        "timestamp": "2026-05-16T16:59:10"
      }
    }
  }
}