{
  "B200": {
    "v2_920": {
      "default": {
        "compiled_us": 22.562159185625617,
        "coord_descent_us": null,
        "memcopy_sol_us": 23.433719834349002,
        "total_bytes": 100663296,
        "gap_default": 0.9628074136379382,
        "gap_cd": null,
        "timestamp": "2026-05-16T16:59:10"
      }
    }
  }
}