{
  "B200": {
    "v2_920": {
      "default": {
        "compiled_us": 14.42394865855171,
        "coord_descent_us": null,
        "memcopy_sol_us": 29.074806905989572,
        "total_bytes": 121253888,
        "gap_default": 0.49609783154158443,
        "gap_cd": null,
        "timestamp": "2026-05-16T16:59:10"
      }
    }
  }
}