{
  "B200": {
    "v2_920": {
      "default": {
        "compiled_us": 122.57861118027185,
        "coord_descent_us": null,
        "memcopy_sol_us": 117.41420285249734,
        "total_bytes": 707788800,
        "gap_default": 1.0439845282964817,
        "gap_cd": null,
        "timestamp": "2026-05-16T16:59:10"
      }
    }
  }
}