{
  "B200": {
    "v2_920": {
      "default": {
        "compiled_us": 6.851680587092768,
        "coord_descent_us": null,
        "memcopy_sol_us": 7.1755759361425016,
        "total_bytes": 131200,
        "gap_default": 0.9548614143405114,
        "gap_cd": null,
        "timestamp": "2026-05-16T16:59:10"
      }
    }
  }
}