{
  "B200": {
    "v2_920": {
      "default": {
        "compiled_us": 15.492001101435646,
        "coord_descent_us": null,
        "memcopy_sol_us": 11.273366544870376,
        "total_bytes": 12585984,
        "gap_default": 1.3742124892128909,
        "gap_cd": null,
        "timestamp": "2026-05-16T16:59:10"
      }
    }
  }
}