{
  "B200": {
    "v2_920": {
      "default": {
        "compiled_us": 4719.197681971958,
        "coord_descent_us": null,
        "memcopy_sol_us": 2472.296108173419,
        "total_bytes": 16003227376,
        "gap_default": 1.9088319017977968,
        "gap_cd": null,
        "timestamp": "2026-05-16T16:59:10"
      }
    }
  }
}