{
  "B200": {
    "v2_920": {
      "default": {
        "compiled_us": 39.65401704891405,
        "coord_descent_us": null,
        "memcopy_sol_us": 7.186865614378744,
        "total_bytes": 1216,
        "gap_default": 5.517567626362507,
        "gap_cd": null,
        "timestamp": "2026-05-16T16:59:10"
      }
    }
  }
}