{
  "B200": {
    "v2_920": {
      "default": {
        "compiled_us": 102.89707085857653,
        "coord_descent_us": null,
        "memcopy_sol_us": 109.29188414374528,
        "total_bytes": 654311428,
        "gap_default": 0.9414886719606917,
        "gap_cd": null,
        "timestamp": "2026-05-16T16:59:10"
      }
    }
  }
}