{
  "B200": {
    "v3_full": {
      "default": {
        "compiled_us": 12.320341827302398,
        "coord_descent_us": null,
        "memcopy_sol_us": 11.288937856345353,
        "total_bytes": 14766336,
        "gap_default": 1.0913641286790596,
        "gap_cd": null,
        "timestamp": "2026-05-16T18:41:32"
      }
    }
  }
}