{
  "B200": {
    "v2_920": {
      "default": {
        "compiled_us": 49.255468677855504,
        "coord_descent_us": null,
        "memcopy_sol_us": 44.0386598177441,
        "total_bytes": 213912576,
        "gap_default": 1.1184597551719648,
        "gap_cd": null,
        "timestamp": "2026-05-16T16:59:10"
      }
    }
  }
}