{
  "B200": {
    "v2_920": {
      "default": {
        "compiled_us": 6.318449659537356,
        "coord_descent_us": null,
        "memcopy_sol_us": 7.853607748692379,
        "total_bytes": 5160960,
        "gap_default": 0.8045282960037536,
        "gap_cd": null,
        "timestamp": "2026-05-16T16:59:10"
      }
    }
  }
}