{
  "B200": {
    "v2_920": {
      "default": {
        "compiled_us": 13.174042185926472,
        "coord_descent_us": null,
        "memcopy_sol_us": 13.32022191819581,
        "total_bytes": 28315024,
        "gap_default": 0.9890257284625528,
        "gap_cd": null,
        "timestamp": "2026-05-16T16:59:10"
      }
    }
  }
}