{
  "B200": {
    "v3_full": {
      "default": {
        "compiled_us": 10.233171394932338,
        "coord_descent_us": null,
        "memcopy_sol_us": 17.416074826031647,
        "total_bytes": 51283332,
        "gap_default": 0.5875704771110027,
        "gap_cd": null,
        "timestamp": "2026-05-16T18:41:32"
      }
    }
  }
}