{
  "B200": {
    "v2_920": {
      "default": {
        "compiled_us": 8.133330825904206,
        "coord_descent_us": null,
        "memcopy_sol_us": 92.90537845417238,
        "total_bytes": 547422208,
        "gap_default": 0.08754424083118235,
        "gap_cd": null,
        "timestamp": "2026-05-16T16:59:10"
      }
    }
  }
}