{
  "B200": {
    "v3_full": {
      "default": {
        "compiled_us": 50.409662075620695,
        "coord_descent_us": null,
        "memcopy_sol_us": 39.95258924796393,
        "total_bytes": 205651968,
        "gap_default": 1.2617370494501725,
        "gap_cd": null,
        "timestamp": "2026-05-16T18:41:32"
      }
    }
  }
}