{
  "B200": {
    "v2_920": {
      "default": {
        "compiled_us": 19.63015421342077,
        "coord_descent_us": null,
        "memcopy_sol_us": 27.67337013295256,
        "total_bytes": 114445312,
        "gap_default": 0.7093517746161974,
        "gap_cd": null,
        "timestamp": "2026-05-16T16:59:10"
      }
    }
  }
}