{
  "B200": {
    "v2_920": {
      "default": {
        "compiled_us": 12.23151767526733,
        "coord_descent_us": null,
        "memcopy_sol_us": 11.238144980327162,
        "total_bytes": 26738688,
        "gap_default": 1.0883929417781233,
        "gap_cd": null,
        "timestamp": "2026-05-16T16:59:10"
      }
    }
  }
}