{
  "B200": {
    "v2_920": {
      "default": {
        "compiled_us": 38.95240304342883,
        "coord_descent_us": null,
        "memcopy_sol_us": 17.84150159255081,
        "total_bytes": 56822784,
        "gap_default": 2.183246900008251,
        "gap_cd": null,
        "timestamp": "2026-05-16T16:59:10"
      }
    }
  }
}