{
  "B200": {
    "v2_920": {
      "default": {
        "compiled_us": 20.43450929494838,
        "coord_descent_us": null,
        "memcopy_sol_us": 23.227974844871756,
        "total_bytes": 82432064,
        "gap_default": 0.8797370167403934,
        "gap_cd": null,
        "timestamp": "2026-05-16T16:59:10"
      }
    }
  }
}