{
  "B200": {
    "v2_920": {
      "default": {
        "compiled_us": 12.21591296947106,
        "coord_descent_us": null,
        "memcopy_sol_us": 13.32658263754649,
        "total_bytes": 25167872,
        "gap_default": 0.9166575784442881,
        "gap_cd": null,
        "timestamp": "2026-05-16T16:59:10"
      }
    }
  }
}