{
  "B200": {
    "v2_920": {
      "default": {
        "compiled_us": 24.56910548293942,
        "coord_descent_us": null,
        "memcopy_sol_us": 23.549906190452486,
        "total_bytes": 88099840,
        "gap_default": 1.043278273987356,
        "gap_cd": null,
        "timestamp": "2026-05-16T16:59:10"
      }
    }
  }
}