{
  "B200": {
    "v3_full": {
      "default": {
        "compiled_us": 1775.7862740700398,
        "coord_descent_us": null,
        "memcopy_sol_us": 1290.1011220614116,
        "total_bytes": 8308061188,
        "gap_default": 1.3764706066083932,
        "gap_cd": null,
        "timestamp": "2026-05-16T18:41:32"
      }
    }
  }
}