{
  "B200": {
    "v3_full": {
      "default": {
        "compiled_us": 10.309800341595642,
        "coord_descent_us": null,
        "memcopy_sol_us": 11.534723720529623,
        "total_bytes": 29884416,
        "gap_default": 0.8938055727547379,
        "gap_cd": null,
        "timestamp": "2026-05-16T18:41:32"
      }
    }
  }
}