{
  "B200": {
    "v2_920": {
      "default": {
        "compiled_us": 125.39018679410219,
        "coord_descent_us": null,
        "memcopy_sol_us": 74.64531189101234,
        "total_bytes": 430129152,
        "gap_default": 1.6798132879018726,
        "gap_cd": null,
        "timestamp": "2026-05-16T16:59:10"
      }
    }
  }
}