{
  "B200": {
    "v3_full": {
      "default": {
        "compiled_us": 8.226210008916308,
        "coord_descent_us": null,
        "memcopy_sol_us": 7.160061995120211,
        "total_bytes": 1824768,
        "gap_default": 1.1489020646081987,
        "gap_cd": null,
        "timestamp": "2026-05-16T18:41:32"
      }
    }
  }
}