{
  "B200": {
    "v3_full": {
      "default": {
        "compiled_us": 20.550081138080962,
        "coord_descent_us": null,
        "memcopy_sol_us": 21.27075488029134,
        "total_bytes": 75730948,
        "gap_default": 0.9661190330918568,
        "gap_cd": null,
        "timestamp": "2026-05-16T18:41:32"
      }
    }
  }
}