{
  "B200": {
    "v2_920": {
      "default": {
        "compiled_us": 6.198565746213121,
        "coord_descent_us": null,
        "memcopy_sol_us": 7.1716477620713235,
        "total_bytes": 80,
        "gap_default": 0.8643154198112547,
        "gap_cd": null,
        "timestamp": "2026-05-16T16:59:10"
      }
    }
  }
}