{
  "B200": {
    "v2_920": {
      "default": {
        "compiled_us": 47.131302231032485,
        "coord_descent_us": null,
        "memcopy_sol_us": 50.07024310322713,
        "total_bytes": 268443648,
        "gap_default": 0.9413036428416058,
        "gap_cd": null,
        "timestamp": "2026-05-16T16:59:10"
      }
    }
  }
}