{
  "B200": {
    "v2_920": {
      "default": {
        "compiled_us": 9.966966223605409,
        "coord_descent_us": null,
        "memcopy_sol_us": 52.23928301335951,
        "total_bytes": 273220608,
        "gap_default": 0.19079446823679583,
        "gap_cd": null,
        "timestamp": "2026-05-16T16:59:10"
      }
    }
  }
}