{
  "B200": {
    "v2_920": {
      "default": {
        "compiled_us": 12.297981974245515,
        "coord_descent_us": null,
        "memcopy_sol_us": 13.052175295745542,
        "total_bytes": 34144256,
        "gap_default": 0.9422170401169939,
        "gap_cd": null,
        "timestamp": "2026-05-16T16:59:10"
      }
    }
  }
}