{
  "B200": {
    "v2_920": {
      "default": {
        "compiled_us": 33.68021694510946,
        "coord_descent_us": null,
        "memcopy_sol_us": 27.652449743621023,
        "total_bytes": 113246240,
        "gap_default": 1.217983117495004,
        "gap_cd": null,
        "timestamp": "2026-05-16T16:59:10"
      }
    }
  }
}