{
  "B200": {
    "v2_920": {
      "default": {
        "compiled_us": 33.5907392429333,
        "coord_descent_us": null,
        "memcopy_sol_us": 381.94431647627243,
        "total_bytes": 2416050176,
        "gap_default": 0.08794669221114085,
        "gap_cd": null,
        "timestamp": "2026-05-16T16:59:10"
      }
    }
  }
}