{
  "B200": {
    "v2_920": {
      "default": {
        "compiled_us": 8.131980638888734,
        "coord_descent_us": null,
        "memcopy_sol_us": 11.270419299206367,
        "total_bytes": 12584448,
        "gap_default": 0.7215331056459778,
        "gap_cd": null,
        "timestamp": "2026-05-16T16:59:10"
      }
    }
  }
}