{
  "B200": {
    "v3_full": {
      "default": {
        "compiled_us": 26.606687219348743,
        "coord_descent_us": null,
        "memcopy_sol_us": 11.230330155180525,
        "total_bytes": 12857344,
        "gap_default": 2.369181212991778,
        "gap_cd": null,
        "timestamp": "2026-05-16T18:41:32"
      }
    }
  }
}