{
  "B200": {
    "v3_full": {
      "default": {
        "compiled_us": 8.203605938094466,
        "coord_descent_us": null,
        "memcopy_sol_us": 11.330566543145082,
        "total_bytes": 19009696,
        "gap_default": 0.7240243377819084,
        "gap_cd": null,
        "timestamp": "2026-05-16T18:41:32"
      }
    }
  }
}