{
  "B200": {
    "v3_full": {
      "default": {
        "compiled_us": 326.4828842571553,
        "coord_descent_us": null,
        "memcopy_sol_us": 11.262917860293486,
        "total_bytes": 10944096,
        "gap_default": 28.987415899404233,
        "gap_cd": null,
        "timestamp": "2026-05-16T18:41:32"
      }
    }
  }
}