{
  "B200": {
    "v3_full": {
      "default": {
        "compiled_us": 10.240100954094222,
        "coord_descent_us": null,
        "memcopy_sol_us": 11.031484146050534,
        "total_bytes": 12857600,
        "gap_default": 0.9282614033180984,
        "gap_cd": null,
        "timestamp": "2026-05-16T18:41:32"
      }
    }
  }
}