{
  "B200": {
    "v3_full": {
      "default": {
        "compiled_us": 69.06331641150074,
        "coord_descent_us": null,
        "memcopy_sol_us": 51.69698215576346,
        "total_bytes": 268470272,
        "gap_default": 1.3359254937437617,
        "gap_cd": null,
        "timestamp": "2026-05-16T18:41:32"
      }
    }
  }
}