{
  "B200": {
    "v3_full": {
      "default": {
        "compiled_us": 50.09540144598832,
        "coord_descent_us": null,
        "memcopy_sol_us": 33.914858296172305,
        "total_bytes": 154767392,
        "gap_default": 1.4770930489673366,
        "gap_cd": null,
        "timestamp": "2026-05-16T18:41:32"
      }
    }
  }
}