{
  "B200": {
    "v3_full": {
      "default": {
        "compiled_us": 66.94322407890776,
        "coord_descent_us": null,
        "memcopy_sol_us": 25.70454455588681,
        "total_bytes": 103563712,
        "gap_default": 2.6043341843058077,
        "gap_cd": null,
        "timestamp": "2026-05-16T18:41:32"
      }
    }
  }
}