{
  "B200": {
    "v2_920": {
      "default": {
        "compiled_us": 47.275178812958835,
        "coord_descent_us": null,
        "memcopy_sol_us": 43.96855858825011,
        "total_bytes": 212203520,
        "gap_default": 1.0752041988838899,
        "gap_cd": null,
        "timestamp": "2026-05-16T16:59:10"
      }
    }
  }
}