{
  "B200": {
    "v2_920": {
      "default": {
        "compiled_us": 14.369611697929177,
        "coord_descent_us": null,
        "memcopy_sol_us": 17.033710719080457,
        "total_bytes": 60555264,
        "gap_default": 0.8435984345931702,
        "gap_cd": null,
        "timestamp": "2026-05-16T16:59:10"
      }
    }
  }
}