{
  "B200": {
    "v3_full": {
      "default": {
        "compiled_us": 10.395134543529934,
        "coord_descent_us": null,
        "memcopy_sol_us": 11.27641054210344,
        "total_bytes": 12699648,
        "gap_default": 0.9218478260184808,
        "gap_cd": null,
        "timestamp": "2026-05-16T18:41:32"
      }
    }
  }
}