{
  "B200": {
    "v2_920": {
      "default": {
        "compiled_us": 329.5876947877147,
        "coord_descent_us": null,
        "memcopy_sol_us": 165.03283187747002,
        "total_bytes": 1009124356,
        "gap_default": 1.9971037946705041,
        "gap_cd": null,
        "timestamp": "2026-05-16T16:59:10"
      }
    }
  }
}