{
  "B200": {
    "v2_920": {
      "default": {
        "compiled_us": 3779.7255516052246,
        "coord_descent_us": null,
        "memcopy_sol_us": 3327.5194572190107,
        "total_bytes": 21607679172,
        "gap_default": 1.135898858053304,
        "gap_cd": null,
        "timestamp": "2026-05-16T16:59:10"
      }
    }
  }
}