{
  "B200": {
    "v3_full": {
      "default": {
        "compiled_us": 30.95176209008574,
        "coord_descent_us": null,
        "memcopy_sol_us": 21.48588552071733,
        "total_bytes": 77071872,
        "gap_default": 1.4405625525762544,
        "gap_cd": null,
        "timestamp": "2026-05-16T18:41:32"
      }
    }
  }
}