{
  "B200": {
    "v3_full": {
      "default": {
        "compiled_us": 213.48761660442304,
        "coord_descent_us": null,
        "memcopy_sol_us": 11.26675587932113,
        "total_bytes": 11800992,
        "gap_default": 18.94845498483336,
        "gap_cd": null,
        "timestamp": "2026-05-16T18:41:32"
      }
    }
  }
}