{
  "B200": {
    "v2_920": {
      "default": {
        "compiled_us": 38.86755863428116,
        "coord_descent_us": null,
        "memcopy_sol_us": 26.31911928124657,
        "total_bytes": 118521856,
        "gap_default": 1.4767803671141784,
        "gap_cd": null,
        "timestamp": "2026-05-16T16:59:10"
      }
    }
  }
}