{
  "B200": {
    "v3_full": {
      "default": {
        "compiled_us": 335.1721486314795,
        "coord_descent_us": null,
        "memcopy_sol_us": 14.343240502186438,
        "total_bytes": 33950048,
        "gap_default": 23.36795151558582,
        "gap_cd": null,
        "timestamp": "2026-05-16T18:41:32"
      }
    }
  }
}