{
  "B200": {
    "v2_920": {
      "default": {
        "compiled_us": 8.142693889074074,
        "coord_descent_us": null,
        "memcopy_sol_us": 6.6059674458478135,
        "total_bytes": 2048,
        "gap_default": 1.2326270082048576,
        "gap_cd": null,
        "timestamp": "2026-05-16T16:59:10"
      }
    }
  }
}