{
  "B200": {
    "v2_920": {
      "default": {
        "compiled_us": 16.061229201739245,
        "coord_descent_us": null,
        "memcopy_sol_us": 9.234144234820828,
        "total_bytes": 3035520,
        "gap_default": 1.739330553358081,
        "gap_cd": null,
        "timestamp": "2026-05-16T16:59:10"
      }
    }
  }
}