{
  "B200": {
    "v2_920": {
      "default": {
        "compiled_us": 8.120983528594175,
        "coord_descent_us": null,
        "memcopy_sol_us": 33.7880293278595,
        "total_bytes": 150605824,
        "gap_default": 0.24035090800333003,
        "gap_cd": null,
        "timestamp": "2026-05-16T16:59:10"
      }
    }
  }
}