{
  "B200": {
    "v2_920": {
      "default": {
        "compiled_us": 7.5382563787011,
        "coord_descent_us": null,
        "memcopy_sol_us": 7.190042168180996,
        "total_bytes": 3145728,
        "gap_default": 1.0484300651338458,
        "gap_cd": null,
        "timestamp": "2026-05-16T16:59:10"
      }
    }
  }
}