{
  "B200": {
    "v2_920": {
      "default": {
        "compiled_us": 40.93580228215623,
        "coord_descent_us": null,
        "memcopy_sol_us": 27.651770514182914,
        "total_bytes": 114348928,
        "gap_default": 1.4804043835514902,
        "gap_cd": null,
        "timestamp": "2026-05-16T16:59:10"
      }
    }
  }
}