{
  "B200": {
    "v2_920": {
      "default": {
        "compiled_us": 407.67985682583713,
        "coord_descent_us": null,
        "memcopy_sol_us": 101.38835601625749,
        "total_bytes": 591994884,
        "gap_default": 4.02097314567825,
        "gap_cd": null,
        "timestamp": "2026-05-16T16:59:10"
      }
    }
  }
}