{
  "B200": {
    "v3_full": {
      "default": {
        "compiled_us": 14.372467444374713,
        "coord_descent_us": null,
        "memcopy_sol_us": 15.255287100819151,
        "total_bytes": 50135040,
        "gap_default": 0.9421302496236185,
        "gap_cd": null,
        "timestamp": "2026-05-16T18:41:32"
      }
    }
  }
}