{
  "B200": {
    "v2_920": {
      "default": {
        "compiled_us": 12.375233835431585,
        "coord_descent_us": null,
        "memcopy_sol_us": 18.81633665526222,
        "total_bytes": 71303168,
        "gap_default": 0.6576856091682809,
        "gap_cd": null,
        "timestamp": "2026-05-16T16:59:10"
      }
    }
  }
}