{
  "B200": {
    "v2_920": {
      "default": {
        "compiled_us": 6.17613585090335,
        "coord_descent_us": null,
        "memcopy_sol_us": 7.157438604914551,
        "total_bytes": 32768,
        "gap_default": 0.8628974961325684,
        "gap_cd": null,
        "timestamp": "2026-05-16T16:59:10"
      }
    }
  }
}