{
  "B200": {
    "v2_920": {
      "default": {
        "compiled_us": 18.493870459170765,
        "coord_descent_us": null,
        "memcopy_sol_us": 13.142640975694045,
        "total_bytes": 35094528,
        "gap_default": 1.4071654619017033,
        "gap_cd": null,
        "timestamp": "2026-05-16T16:59:10"
      }
    }
  }
}