{
  "B200": {
    "v2_920": {
      "default": {
        "compiled_us": 141.54581461919847,
        "coord_descent_us": null,
        "memcopy_sol_us": 171.02869797256284,
        "total_bytes": 1040240640,
        "gap_default": 0.8276144079744199,
        "gap_cd": null,
        "timestamp": "2026-05-16T16:59:10"
      }
    }
  }
}