{
  "B200": {
    "v2_920": {
      "default": {
        "compiled_us": 36.90427207255456,
        "coord_descent_us": null,
        "memcopy_sol_us": 41.84339484270975,
        "total_bytes": 201330688,
        "gap_default": 0.8819617101164602,
        "gap_cd": null,
        "timestamp": "2026-05-16T16:59:10"
      }
    }
  }
}