{
  "B200": {
    "v2_920": {
      "default": {
        "compiled_us": 741.8533652436499,
        "coord_descent_us": null,
        "memcopy_sol_us": 462.4561592191458,
        "total_bytes": 2937612292,
        "gap_default": 1.60415933587362,
        "gap_cd": null,
        "timestamp": "2026-05-16T16:59:10"
      }
    }
  }
}