{
  "B200": {
    "v2_920": {
      "default": {
        "compiled_us": 366.95366051407564,
        "coord_descent_us": null,
        "memcopy_sol_us": 196.0837797227281,
        "total_bytes": 1210222108,
        "gap_default": 1.8714126228745986,
        "gap_cd": null,
        "timestamp": "2026-05-16T16:59:10"
      }
    }
  }
}