{
  "B200": {
    "v2_920": {
      "default": {
        "compiled_us": 122.20908865042792,
        "coord_descent_us": null,
        "memcopy_sol_us": 132.23252724933943,
        "total_bytes": 805306368,
        "gap_default": 0.9241983889484984,
        "gap_cd": null,
        "timestamp": "2026-05-16T16:59:10"
      }
    }
  }
}