{
  "B200": {
    "v2_920": {
      "default": {
        "compiled_us": 14.363465039021152,
        "coord_descent_us": null,
        "memcopy_sol_us": 7.010934493771912,
        "total_bytes": 2408,
        "gap_default": 2.0487233266522145,
        "gap_cd": null,
        "timestamp": "2026-05-16T16:59:10"
      }
    }
  }
}