{
  "B200": {
    "v3_full": {
      "default": {
        "compiled_us": 10.188681622562617,
        "coord_descent_us": null,
        "memcopy_sol_us": 9.215557573958725,
        "total_bytes": 4180608,
        "gap_default": 1.1055957863421897,
        "gap_cd": null,
        "timestamp": "2026-05-16T18:41:32"
      }
    }
  }
}