{
  "B200": {
    "v2_920": {
      "default": {
        "compiled_us": 23.752762671949256,
        "coord_descent_us": null,
        "memcopy_sol_us": 34.739436586269136,
        "total_bytes": 157600768,
        "gap_default": 0.6837405843633516,
        "gap_cd": null,
        "timestamp": "2026-05-16T16:59:10"
      }
    }
  }
}