{
  "B200": {
    "v3_full": {
      "default": {
        "compiled_us": 12.279294845347252,
        "coord_descent_us": null,
        "memcopy_sol_us": 15.360816530817427,
        "total_bytes": 39746692,
        "gap_default": 0.7993907629006626,
        "gap_cd": null,
        "timestamp": "2026-05-16T18:41:32"
      }
    }
  }
}