{
  "B200": {
    "v3_full": {
      "default": {
        "compiled_us": 422.9421419223334,
        "coord_descent_us": null,
        "memcopy_sol_us": 11.268912590195477,
        "total_bytes": 16936208,
        "gap_default": 37.531761697247916,
        "gap_cd": null,
        "timestamp": "2026-05-16T18:41:32"
      }
    }
  }
}