{
  "B200": {
    "v2_920": {
      "default": {
        "compiled_us": 348.5720168639714,
        "coord_descent_us": null,
        "memcopy_sol_us": 121.79099095501299,
        "total_bytes": 718519300,
        "gap_default": 2.862050913049279,
        "gap_cd": null,
        "timestamp": "2026-05-16T16:59:10"
      }
    }
  }
}