{
  "B200": {
    "v3_full": {
      "default": {
        "compiled_us": 21.84971569815888,
        "coord_descent_us": null,
        "memcopy_sol_us": 11.209600706619309,
        "total_bytes": 12180484,
        "gap_default": 1.9491966101215852,
        "gap_cd": null,
        "timestamp": "2026-05-16T18:41:32"
      }
    }
  }
}