{
  "B200": {
    "v2_920": {
      "default": {
        "compiled_us": 14.754372690224152,
        "coord_descent_us": null,
        "memcopy_sol_us": 26.582425417171173,
        "total_bytes": 59768832,
        "gap_default": 0.5550423807713732,
        "gap_cd": null,
        "timestamp": "2026-05-16T16:59:10"
      }
    }
  }
}