{
  "B200": {
    "v3_full": {
      "default": {
        "compiled_us": 12.24579429637196,
        "coord_descent_us": null,
        "memcopy_sol_us": 11.91587819994822,
        "total_bytes": 19613504,
        "gap_default": 1.0276870987507385,
        "gap_cd": null,
        "timestamp": "2026-05-16T18:41:32"
      }
    }
  }
}