{
  "B200": {
    "v2_920": {
      "default": {
        "compiled_us": 8.219817174365172,
        "coord_descent_us": null,
        "memcopy_sol_us": 7.1927137949828515,
        "total_bytes": 99888,
        "gap_default": 1.1427977545969865,
        "gap_cd": null,
        "timestamp": "2026-05-16T16:59:10"
      }
    }
  }
}