{
  "B200": {
    "v3_full": {
      "default": {
        "compiled_us": 203.84709284744076,
        "coord_descent_us": null,
        "memcopy_sol_us": 29.849599884488644,
        "total_bytes": 129661364,
        "gap_default": 6.829139875786743,
        "gap_cd": null,
        "timestamp": "2026-05-16T18:41:32"
      }
    }
  }
}