{
  "B200": {
    "v2_920": {
      "default": {
        "compiled_us": 1195.573065591895,
        "coord_descent_us": null,
        "memcopy_sol_us": 623.1436009454255,
        "total_bytes": 4001103876,
        "gap_default": 1.9186156509959933,
        "gap_cd": null,
        "timestamp": "2026-05-16T16:59:10"
      }
    }
  }
}