{
  "B200": {
    "v2_920": {
      "default": {
        "compiled_us": 139.24110370661728,
        "coord_descent_us": null,
        "memcopy_sol_us": 40.17030683377486,
        "total_bytes": 206061572,
        "gap_default": 3.4662693586782494,
        "gap_cd": null,
        "timestamp": "2026-05-16T16:59:10"
      }
    }
  }
}