{
  "B200": {
    "v2_920": {
      "default": {
        "compiled_us": 3.0278360333744874,
        "coord_descent_us": null,
        "memcopy_sol_us": 10.081077168011767,
        "total_bytes": 18874368,
        "gap_default": 0.3003484630573114,
        "gap_cd": null,
        "timestamp": "2026-05-16T16:59:10"
      }
    }
  }
}