{
  "B200": {
    "v2_920": {
      "default": {
        "compiled_us": 8.13295097180361,
        "coord_descent_us": null,
        "memcopy_sol_us": 8.736586095960188,
        "total_bytes": 8388608,
        "gap_default": 0.9309072082016452,
        "gap_cd": null,
        "timestamp": "2026-05-16T16:59:10"
      }
    }
  }
}