{
  "B200": {
    "v2_920": {
      "default": {
        "compiled_us": 24922.119855880737,
        "coord_descent_us": null,
        "memcopy_sol_us": 90.40370589799282,
        "total_bytes": 530055168,
        "gap_default": 275.67586536775,
        "gap_cd": null,
        "timestamp": "2026-05-16T16:59:10"
      }
    }
  }
}