{
  "B200": {
    "v2_920": {
      "default": {
        "compiled_us": 12.433300822571436,
        "coord_descent_us": null,
        "memcopy_sol_us": 17.276705282007942,
        "total_bytes": 47197440,
        "gap_default": 0.7196569380343337,
        "gap_cd": null,
        "timestamp": "2026-05-16T16:59:10"
      }
    }
  }
}