{
  "B200": {
    "v2_920": {
      "default": {
        "compiled_us": 65.58680318221016,
        "coord_descent_us": null,
        "memcopy_sol_us": 70.52363019892435,
        "total_bytes": 402653184,
        "gap_default": 0.9299975482999244,
        "gap_cd": null,
        "timestamp": "2026-05-16T16:59:10"
      }
    }
  }
}