{
  "B200": {
    "v3_full": {
      "default": {
        "compiled_us": 8.222395053711947,
        "coord_descent_us": null,
        "memcopy_sol_us": 9.21408526768247,
        "total_bytes": 3014400,
        "gap_default": 0.8923723641402818,
        "gap_cd": null,
        "timestamp": "2026-05-16T18:41:32"
      }
    }
  }
}