{
  "B200": {
    "v2_920": {
      "default": {
        "compiled_us": 6.178310954332017,
        "coord_descent_us": null,
        "memcopy_sol_us": 7.170625014318642,
        "total_bytes": 402132,
        "gap_default": 0.8616140074254162,
        "gap_cd": null,
        "timestamp": "2026-05-16T16:59:10"
      }
    }
  }
}