{
  "B200": {
    "v3_full": {
      "default": {
        "compiled_us": 39.17155282829472,
        "coord_descent_us": null,
        "memcopy_sol_us": 40.91635650746097,
        "total_bytes": 211812356,
        "gap_default": 0.9573568169773844,
        "gap_cd": null,
        "timestamp": "2026-05-16T18:41:32"
      }
    }
  }
}