{
  "B200": {
    "v2_920": {
      "default": {
        "compiled_us": 204.49461627889562,
        "coord_descent_us": null,
        "memcopy_sol_us": 144.1856960078221,
        "total_bytes": 872431616,
        "gap_default": 1.418272560599921,
        "gap_cd": null,
        "timestamp": "2026-05-16T16:59:10"
      }
    }
  }
}