{
  "B200": {
    "v2_920": {
      "default": {
        "compiled_us": 34.79786153545724,
        "coord_descent_us": null,
        "memcopy_sol_us": 13.83978632116611,
        "total_bytes": 29256128,
        "gap_default": 2.514335173097184,
        "gap_cd": null,
        "timestamp": "2026-05-16T16:59:10"
      }
    }
  }
}