{
  "B200": {
    "v3_full": {
      "default": {
        "compiled_us": 51.39568136133901,
        "coord_descent_us": null,
        "memcopy_sol_us": 58.03698039345524,
        "total_bytes": 320864256,
        "gap_default": 0.88556780543901,
        "gap_cd": null,
        "timestamp": "2026-05-16T18:41:32"
      }
    }
  }
}