{
  "B200": {
    "v2_920": {
      "default": {
        "compiled_us": 1139.3818378448486,
        "coord_descent_us": null,
        "memcopy_sol_us": 1236.3466943145559,
        "total_bytes": 7978045440,
        "gap_default": 0.9215714678450565,
        "gap_cd": null,
        "timestamp": "2026-05-16T16:59:10"
      }
    }
  }
}