{
  "B200": {
    "v2_920": {
      "default": {
        "compiled_us": 41.59556117839729,
        "coord_descent_us": null,
        "memcopy_sol_us": 34.01245337526698,
        "total_bytes": 167772160,
        "gap_default": 1.22295092093076,
        "gap_cd": null,
        "timestamp": "2026-05-16T16:59:10"
      }
    }
  }
}