{
  "B200": {
    "v2_920": {
      "default": {
        "compiled_us": 14.402777268286155,
        "coord_descent_us": null,
        "memcopy_sol_us": 15.283545167872832,
        "total_bytes": 50331648,
        "gap_default": 0.942371492352565,
        "gap_cd": null,
        "timestamp": "2026-05-16T16:59:10"
      }
    }
  }
}