{
  "B200": {
    "v2_920": {
      "default": {
        "compiled_us": 20.51413419686476,
        "coord_descent_us": null,
        "memcopy_sol_us": 1497.4488634329575,
        "total_bytes": 9663676416,
        "gap_default": 0.01369938880572879,
        "gap_cd": null,
        "timestamp": "2026-05-16T16:59:10"
      }
    }
  }
}