{
  "B200": {
    "v3_full": {
      "default": {
        "compiled_us": 6.51741106529336,
        "coord_descent_us": null,
        "memcopy_sol_us": 9.256246270762677,
        "total_bytes": 6759976,
        "gap_default": 0.7041095142292872,
        "gap_cd": null,
        "timestamp": "2026-05-16T18:41:32"
      }
    }
  }
}