{
  "B200": {
    "v2_920": {
      "default": {
        "compiled_us": 169.21515562758637,
        "coord_descent_us": null,
        "memcopy_sol_us": 228.2485463705502,
        "total_bytes": 1414213640,
        "gap_default": 0.7413635631785096,
        "gap_cd": null,
        "timestamp": "2026-05-16T16:59:10"
      }
    }
  }
}