{
  "B200": {
    "v3_full": {
      "default": {
        "compiled_us": 26.599246461713363,
        "coord_descent_us": null,
        "memcopy_sol_us": 10.084551887356499,
        "total_bytes": 11242500,
        "gap_default": 2.637623045508066,
        "gap_cd": null,
        "timestamp": "2026-05-16T18:41:32"
      }
    }
  }
}