{
  "B200": {
    "v2_920": {
      "default": {
        "compiled_us": 54.533815452674816,
        "coord_descent_us": null,
        "memcopy_sol_us": 50.064924420724005,
        "total_bytes": 268468224,
        "gap_default": 1.089261915076435,
        "gap_cd": null,
        "timestamp": "2026-05-16T16:59:10"
      }
    }
  }
}