{
  "B200": {
    "v3_full": {
      "default": {
        "compiled_us": 10.186830577297492,
        "coord_descent_us": null,
        "memcopy_sol_us": 15.385051308347014,
        "total_bytes": 52428800,
        "gap_default": 0.6621252261778758,
        "gap_cd": null,
        "timestamp": "2026-05-16T18:41:32"
      }
    }
  }
}