{
  "B200": {
    "v2_920": {
      "default": {
        "compiled_us": 53.865917311641525,
        "coord_descent_us": null,
        "memcopy_sol_us": 55.04176746443296,
        "total_bytes": 301989888,
        "gap_default": 0.9786371294571664,
        "gap_cd": null,
        "timestamp": "2026-05-16T16:59:10"
      }
    }
  }
}