{
  "B200": {
    "v3_full": {
      "default": {
        "compiled_us": 40.946686173787334,
        "coord_descent_us": null,
        "memcopy_sol_us": 32.0537782113376,
        "total_bytes": 154533888,
        "gap_default": 1.277437121571655,
        "gap_cd": null,
        "timestamp": "2026-05-16T18:41:32"
      }
    }
  }
}