{
  "B200": {
    "v2_920": {
      "default": {
        "compiled_us": 1090.5380596433367,
        "coord_descent_us": null,
        "memcopy_sol_us": 763.8658573627472,
        "total_bytes": 4902683652,
        "gap_default": 1.427656504256425,
        "gap_cd": null,
        "timestamp": "2026-05-16T16:59:10"
      }
    }
  }
}