{
  "B200": {
    "v2_920": {
      "default": {
        "compiled_us": 344.9111034376709,
        "coord_descent_us": null,
        "memcopy_sol_us": 117.89705689907441,
        "total_bytes": 698708016,
        "gap_default": 2.9255276807539943,
        "gap_cd": null,
        "timestamp": "2026-05-16T16:59:10"
      }
    }
  }
}