{
  "B200": {
    "v3_full": {
      "default": {
        "compiled_us": 54.67825987972265,
        "coord_descent_us": null,
        "memcopy_sol_us": 18.059537648731965,
        "total_bytes": 57086528,
        "gap_default": 3.0276666514528316,
        "gap_cd": null,
        "timestamp": "2026-05-16T18:41:32"
      }
    }
  }
}