{
  "B200": {
    "v2_920": {
      "default": {
        "compiled_us": 21.967247629734054,
        "coord_descent_us": null,
        "memcopy_sol_us": 19.476974802855096,
        "total_bytes": 67127296,
        "gap_default": 1.1278572700373322,
        "gap_cd": null,
        "timestamp": "2026-05-16T16:59:10"
      }
    }
  }
}