{
  "B200": {
    "v2_920": {
      "default": {
        "compiled_us": 14.364944027776371,
        "coord_descent_us": null,
        "memcopy_sol_us": 11.818423045040758,
        "total_bytes": 20451840,
        "gap_default": 1.2154704543094,
        "gap_cd": null,
        "timestamp": "2026-05-16T16:59:10"
      }
    }
  }
}