{
  "B200": {
    "v2_920": {
      "default": {
        "compiled_us": 180.70417508928483,
        "coord_descent_us": null,
        "memcopy_sol_us": 21.224131584271394,
        "total_bytes": 69669380,
        "gap_default": 8.5140904056211,
        "gap_cd": null,
        "timestamp": "2026-05-16T16:59:10"
      }
    }
  }
}