{
  "B200": {
    "v2_920": {
      "default": {
        "compiled_us": 41.737586537711934,
        "coord_descent_us": null,
        "memcopy_sol_us": 38.704517915990785,
        "total_bytes": 184619008,
        "gap_default": 1.0783647177392703,
        "gap_cd": null,
        "timestamp": "2026-05-16T16:59:10"
      }
    }
  }
}