{
  "B200": {
    "v2_920": {
      "default": {
        "compiled_us": 73.71940438280225,
        "coord_descent_us": null,
        "memcopy_sol_us": 13.446888205322885,
        "total_bytes": 42287104,
        "gap_default": 5.482264986305217,
        "gap_cd": null,
        "timestamp": "2026-05-16T16:59:10"
      }
    }
  }
}