{
  "B200": {
    "v3_full": {
      "default": {
        "compiled_us": 14.382137736742804,
        "coord_descent_us": null,
        "memcopy_sol_us": 14.65587388738766,
        "total_bytes": 33702656,
        "gap_default": 0.981322427256936,
        "gap_cd": null,
        "timestamp": "2026-05-16T18:41:32"
      }
    }
  }
}