{
  "B200": {
    "v2_920": {
      "default": {
        "compiled_us": 170.2661222553052,
        "coord_descent_us": null,
        "memcopy_sol_us": 37.88356970297698,
        "total_bytes": 175616004,
        "gap_default": 4.494458246418243,
        "gap_cd": null,
        "timestamp": "2026-05-16T16:59:10"
      }
    }
  }
}