{
  "B200": {
    "v2_920": {
      "default": {
        "compiled_us": 13.075389375106264,
        "coord_descent_us": null,
        "memcopy_sol_us": 12.837496498194453,
        "total_bytes": 35127296,
        "gap_default": 1.0185310957588398,
        "gap_cd": null,
        "timestamp": "2026-05-16T16:59:10"
      }
    }
  }
}