{
  "B200": {
    "v2_920": {
      "default": {
        "compiled_us": 8.144342755180618,
        "coord_descent_us": null,
        "memcopy_sol_us": 6.993287406594285,
        "total_bytes": 376960,
        "gap_default": 1.164594314756884,
        "gap_cd": null,
        "timestamp": "2026-05-16T16:59:10"
      }
    }
  }
}