{
  "B200": {
    "v2_920": {
      "default": {
        "compiled_us": 47.398236865995734,
        "coord_descent_us": null,
        "memcopy_sol_us": 9.207584224306089,
        "total_bytes": 2228736,
        "gap_default": 5.147738615398635,
        "gap_cd": null,
        "timestamp": "2026-05-16T16:59:10"
      }
    }
  }
}