{
  "B200": {
    "v2_920": {
      "default": {
        "compiled_us": 88.77942309782063,
        "coord_descent_us": null,
        "memcopy_sol_us": 163.08462987567253,
        "total_bytes": 983160000,
        "gap_default": 0.5443763962643295,
        "gap_cd": null,
        "timestamp": "2026-05-16T16:59:10"
      }
    }
  }
}