{
  "B200": {
    "v2_920": {
      "default": {
        "compiled_us": 373.9054509641702,
        "coord_descent_us": null,
        "memcopy_sol_us": 266.5465751536807,
        "total_bytes": 1647688016,
        "gap_default": 1.4027771722393747,
        "gap_cd": null,
        "timestamp": "2026-05-16T16:59:10"
      }
    }
  }
}