{
  "B200": {
    "v3_full": {
      "default": {
        "compiled_us": 35.77357110166223,
        "coord_descent_us": null,
        "memcopy_sol_us": 31.934718415267515,
        "total_bytes": 146870272,
        "gap_default": 1.1202093795372066,
        "gap_cd": null,
        "timestamp": "2026-05-16T18:41:32"
      }
    }
  }
}