{
  "B200": {
    "v3_full": {
      "default": {
        "compiled_us": 60.55830201693977,
        "coord_descent_us": null,
        "memcopy_sol_us": 29.421662921938047,
        "total_bytes": 135266304,
        "gap_default": 2.0582895731493447,
        "gap_cd": null,
        "timestamp": "2026-05-16T18:41:32"
      }
    }
  }
}