{
  "B200": {
    "v2_920": {
      "default": {
        "compiled_us": 6.171532769834292,
        "coord_descent_us": null,
        "memcopy_sol_us": 7.177522528033474,
        "total_bytes": 5632,
        "gap_default": 0.8598416439279633,
        "gap_cd": null,
        "timestamp": "2026-05-16T16:59:10"
      }
    }
  }
}