{
  "B200": {
    "v3_full": {
      "default": {
        "compiled_us": 10.18838175719652,
        "coord_descent_us": null,
        "memcopy_sol_us": 11.247930836465404,
        "total_bytes": 12060672,
        "gap_default": 0.9058005339227494,
        "gap_cd": null,
        "timestamp": "2026-05-16T18:41:32"
      }
    }
  }
}