{
  "B200": {
    "v2_920": {
      "default": {
        "compiled_us": 9.468751752260998,
        "coord_descent_us": null,
        "memcopy_sol_us": 9.25498608849272,
        "total_bytes": 3669120,
        "gap_default": 1.0230973511709613,
        "gap_cd": null,
        "timestamp": "2026-05-16T16:59:10"
      }
    }
  }
}