{
  "B200": {
    "v2_920": {
      "default": {
        "compiled_us": 12.23760677834315,
        "coord_descent_us": null,
        "memcopy_sol_us": 13.191484582225362,
        "total_bytes": 37748736,
        "gap_default": 0.9276898822163278,
        "gap_cd": null,
        "timestamp": "2026-05-16T16:59:10"
      }
    }
  }
}