{
  "B200": {
    "v2_920": {
      "default": {
        "compiled_us": 18.487980452714705,
        "coord_descent_us": null,
        "memcopy_sol_us": 17.43160020256281,
        "total_bytes": 50337792,
        "gap_default": 1.0606014501179637,
        "gap_cd": null,
        "timestamp": "2026-05-16T16:59:10"
      }
    }
  }
}