{
  "B200": {
    "v2_920": {
      "default": {
        "compiled_us": 18.47444848938539,
        "coord_descent_us": null,
        "memcopy_sol_us": 38.32030716865286,
        "total_bytes": 184561664,
        "gap_default": 0.4821059603744,
        "gap_cd": null,
        "timestamp": "2026-05-16T16:59:10"
      }
    }
  }
}