{
  "B200": {
    "v2_920": {
      "default": {
        "compiled_us": 18.4146679567214,
        "coord_descent_us": null,
        "memcopy_sol_us": 15.358606237971914,
        "total_bytes": 37556736,
        "gap_default": 1.1989804069065733,
        "gap_cd": null,
        "timestamp": "2026-05-16T16:59:10"
      }
    }
  }
}