{
  "B200": {
    "v3_full": {
      "default": {
        "compiled_us": 245.5316173497813,
        "coord_descent_us": null,
        "memcopy_sol_us": 2113.9654113400366,
        "total_bytes": 13679230980,
        "gap_default": 0.11614741472715938,
        "gap_cd": null,
        "timestamp": "2026-05-16T18:41:32"
      }
    }
  }
}