{
  "B200": {
    "v2_920": {
      "default": {
        "compiled_us": 898.2824129316042,
        "coord_descent_us": null,
        "memcopy_sol_us": 42.138009558892946,
        "total_bytes": 205828800,
        "gap_default": 21.317628011739526,
        "gap_cd": null,
        "timestamp": "2026-05-16T16:59:10"
      }
    }
  }
}