{
  "B200": {
    "v2_920": {
      "default": {
        "compiled_us": 7.748557159680284,
        "coord_descent_us": null,
        "memcopy_sol_us": 7.011288863459491,
        "total_bytes": 377600,
        "gap_default": 1.1051544602680958,
        "gap_cd": null,
        "timestamp": "2026-05-16T16:59:10"
      }
    }
  }
}