{
  "B200": {
    "v2_920": {
      "default": {
        "compiled_us": 343.39612286824445,
        "coord_descent_us": null,
        "memcopy_sol_us": 232.6069629474266,
        "total_bytes": 1445687192,
        "gap_default": 1.476293394303326,
        "gap_cd": null,
        "timestamp": "2026-05-16T16:59:10"
      }
    }
  }
}