{
  "B200": {
    "v3_full": {
      "default": {
        "compiled_us": 8.212214927023341,
        "coord_descent_us": null,
        "memcopy_sol_us": 7.181449849115272,
        "total_bytes": 1211944,
        "gap_default": 1.1435316126359993,
        "gap_cd": null,
        "timestamp": "2026-05-16T18:41:32"
      }
    }
  }
}