{
  "B200": {
    "v2_920": {
      "default": {
        "compiled_us": 53.12255420917723,
        "coord_descent_us": null,
        "memcopy_sol_us": 1691.1034407822983,
        "total_bytes": 10923579392,
        "gap_default": 0.03141295377212581,
        "gap_cd": null,
        "timestamp": "2026-05-16T16:59:10"
      }
    }
  }
}