{
  "B200": {
    "v2_920": {
      "default": {
        "compiled_us": 53.23777060987099,
        "coord_descent_us": null,
        "memcopy_sol_us": 58.06485947194972,
        "total_bytes": 320864256,
        "gap_default": 0.9168672945051969,
        "gap_cd": null,
        "timestamp": "2026-05-16T16:59:10"
      }
    }
  }
}