{
  "B200": {
    "v2_920": {
      "default": {
        "compiled_us": 10.263441059960561,
        "coord_descent_us": null,
        "memcopy_sol_us": 7.014615294711535,
        "total_bytes": 1060876,
        "gap_default": 1.463150953937329,
        "gap_cd": null,
        "timestamp": "2026-05-16T16:59:10"
      }
    }
  }
}