{
  "B200": {
    "v2_920": {
      "default": {
        "compiled_us": 18.673342810025517,
        "coord_descent_us": null,
        "memcopy_sol_us": 92.68860168428233,
        "total_bytes": 532162560,
        "gap_default": 0.2014632055150752,
        "gap_cd": null,
        "timestamp": "2026-05-16T16:59:10"
      }
    }
  }
}