{
  "B200": {
    "v2_920": {
      "default": {
        "compiled_us": 16.43504822089833,
        "coord_descent_us": null,
        "memcopy_sol_us": 7.181120594664295,
        "total_bytes": 131200,
        "gap_default": 2.2886467375453736,
        "gap_cd": null,
        "timestamp": "2026-05-16T16:59:10"
      }
    }
  }
}