{
  "B200": {
    "v3_full": {
      "default": {
        "compiled_us": 10.657240003895941,
        "coord_descent_us": null,
        "memcopy_sol_us": 9.220454670530929,
        "total_bytes": 5243904,
        "gap_default": 1.1558258659366394,
        "gap_cd": null,
        "timestamp": "2026-05-16T18:41:32"
      }
    }
  }
}