{
  "B200": {
    "v3_full": {
      "default": {
        "compiled_us": 36.88683624913857,
        "coord_descent_us": null,
        "memcopy_sol_us": 15.362116846574892,
        "total_bytes": 35549184,
        "gap_default": 2.401155818402904,
        "gap_cd": null,
        "timestamp": "2026-05-16T18:41:32"
      }
    }
  }
}