{
  "B200": {
    "v2_920": {
      "default": {
        "compiled_us": 8.23238072273782,
        "coord_descent_us": null,
        "memcopy_sol_us": 7.179769186415907,
        "total_bytes": 294400,
        "gap_default": 1.1466079910080467,
        "gap_cd": null,
        "timestamp": "2026-05-16T16:59:10"
      }
    }
  }
}