{
  "B200": {
    "v2_920": {
      "default": {
        "compiled_us": 16.3415083177367,
        "coord_descent_us": null,
        "memcopy_sol_us": 17.400076267530476,
        "total_bytes": 50333696,
        "gap_default": 0.939163028166197,
        "gap_cd": null,
        "timestamp": "2026-05-16T16:59:10"
      }
    }
  }
}