{
  "B200": {
    "v2_920": {
      "default": {
        "compiled_us": 1831.3778087777912,
        "coord_descent_us": null,
        "memcopy_sol_us": 1240.9476981713221,
        "total_bytes": 8001805548,
        "gap_default": 1.4757896819314265,
        "gap_cd": null,
        "timestamp": "2026-05-16T16:59:10"
      }
    }
  }
}