{
  "B200": {
    "v2_920": {
      "default": {
        "compiled_us": 28.318893577335242,
        "coord_descent_us": null,
        "memcopy_sol_us": 19.270702998979765,
        "total_bytes": 69206016,
        "gap_default": 1.4695309028858214,
        "gap_cd": null,
        "timestamp": "2026-05-16T16:59:10"
      }
    }
  }
}