{
  "B200": {
    "v2_920": {
      "default": {
        "compiled_us": 7.688013531633592,
        "coord_descent_us": null,
        "memcopy_sol_us": 15.105621908845182,
        "total_bytes": 47185920,
        "gap_default": 0.5089504806903602,
        "gap_cd": null,
        "timestamp": "2026-05-16T16:59:10"
      }
    }
  }
}