{
  "B200": {
    "v2_920": {
      "default": {
        "compiled_us": 104.54486703251251,
        "coord_descent_us": null,
        "memcopy_sol_us": 45.33272841058137,
        "total_bytes": 226492712,
        "gap_default": 2.306167546008771,
        "gap_cd": null,
        "timestamp": "2026-05-16T16:59:10"
      }
    }
  }
}