{
  "B200": {
    "v2_920": {
      "default": {
        "compiled_us": 29.06597083511152,
        "coord_descent_us": null,
        "memcopy_sol_us": 19.566296833759505,
        "total_bytes": 65444288,
        "gap_default": 1.4855121069696422,
        "gap_cd": null,
        "timestamp": "2026-05-16T16:59:10"
      }
    }
  }
}