{
  "B200": {
    "v2_920": {
      "default": {
        "compiled_us": 172.0581371296771,
        "coord_descent_us": null,
        "memcopy_sol_us": 97.32606862515411,
        "total_bytes": 564213344,
        "gap_default": 1.7678525348881537,
        "gap_cd": null,
        "timestamp": "2026-05-16T16:59:10"
      }
    }
  }
}