{
  "B200": {
    "v2_920": {
      "default": {
        "compiled_us": 606.2664079048873,
        "coord_descent_us": null,
        "memcopy_sol_us": 449.8593471491134,
        "total_bytes": 2856568456,
        "gap_default": 1.347679917616406,
        "gap_cd": null,
        "timestamp": "2026-05-16T16:59:10"
      }
    }
  }
}