{
  "B200": {
    "v3_full": {
      "default": {
        "compiled_us": 38.982135868247816,
        "coord_descent_us": null,
        "memcopy_sol_us": 40.159333347766434,
        "total_bytes": 205520896,
        "gap_default": 0.9706868271610866,
        "gap_cd": null,
        "timestamp": "2026-05-16T18:41:32"
      }
    }
  }
}