{
  "B200": {
    "v3_full": {
      "default": {
        "compiled_us": 8.218264764332881,
        "coord_descent_us": null,
        "memcopy_sol_us": 9.178103590592073,
        "total_bytes": 10493952,
        "gap_default": 0.8954207896233525,
        "gap_cd": null,
        "timestamp": "2026-05-16T18:41:32"
      }
    }
  }
}