{
  "B200": {
    "v3_full": {
      "default": {
        "compiled_us": 34.83857400080599,
        "coord_descent_us": null,
        "memcopy_sol_us": 13.340737991774631,
        "total_bytes": 28416000,
        "gap_default": 2.6114427869197394,
        "gap_cd": null,
        "timestamp": "2026-05-16T18:41:32"
      }
    }
  }
}