{
  "B200": {
    "v3_full": {
      "default": {
        "compiled_us": 10.275998992767981,
        "coord_descent_us": null,
        "memcopy_sol_us": 9.207141507020514,
        "total_bytes": 4311552,
        "gap_default": 1.1160900465071004,
        "gap_cd": null,
        "timestamp": "2026-05-16T18:41:32"
      }
    }
  }
}