{
  "B200": {
    "v2_920": {
      "default": {
        "compiled_us": 16.175673056259363,
        "coord_descent_us": null,
        "memcopy_sol_us": 25.839456716943303,
        "total_bytes": 116260864,
        "gap_default": 0.626006701048507,
        "gap_cd": null,
        "timestamp": "2026-05-16T16:59:10"
      }
    }
  }
}