{
  "B200": {
    "v2_920": {
      "default": {
        "compiled_us": 37.952665782064585,
        "coord_descent_us": null,
        "memcopy_sol_us": 40.294470539062225,
        "total_bytes": 207618052,
        "gap_default": 0.9418827266950325,
        "gap_cd": null,
        "timestamp": "2026-05-16T16:59:10"
      }
    }
  }
}