{
  "B200": {
    "v2_920": {
      "default": {
        "compiled_us": 8.233732217081599,
        "coord_descent_us": null,
        "memcopy_sol_us": 8.520286125632618,
        "total_bytes": 6307840,
        "gap_default": 0.966368041597929,
        "gap_cd": null,
        "timestamp": "2026-05-16T16:59:10"
      }
    }
  }
}