{
  "B200": {
    "v2_920": {
      "default": {
        "compiled_us": 10.26816686030381,
        "coord_descent_us": null,
        "memcopy_sol_us": 19.663366556488974,
        "total_bytes": 66529920,
        "gap_default": 0.5221978052845321,
        "gap_cd": null,
        "timestamp": "2026-05-16T16:59:10"
      }
    }
  }
}