{
  "B200": {
    "v2_920": {
      "default": {
        "compiled_us": 436.1554853368604,
        "coord_descent_us": null,
        "memcopy_sol_us": 9.894462089939129,
        "total_bytes": 8039620,
        "gap_default": 44.08076774384242,
        "gap_cd": null,
        "timestamp": "2026-05-16T16:59:10"
      }
    }
  }
}