{
  "B200": {
    "v2_920": {
      "default": {
        "compiled_us": 8.119415456061393,
        "coord_descent_us": null,
        "memcopy_sol_us": 10.293064077724058,
        "total_bytes": 19791872,
        "gap_default": 0.7888239492876752,
        "gap_cd": null,
        "timestamp": "2026-05-16T16:59:10"
      }
    }
  }
}