{
  "B200": {
    "v2_920": {
      "default": {
        "compiled_us": 8.134242208300185,
        "coord_descent_us": null,
        "memcopy_sol_us": 11.553992433385607,
        "total_bytes": 16779264,
        "gap_default": 0.7040200394104507,
        "gap_cd": null,
        "timestamp": "2026-05-16T16:59:10"
      }
    }
  }
}