{
  "B200": {
    "v2_920": {
      "default": {
        "compiled_us": 15.766836647763661,
        "coord_descent_us": null,
        "memcopy_sol_us": 23.534757333408887,
        "total_bytes": 83688000,
        "gap_default": 0.6699383564657269,
        "gap_cd": null,
        "timestamp": "2026-05-16T16:59:10"
      }
    }
  }
}