{
  "B200": {
    "v2_920": {
      "default": {
        "compiled_us": 24.522862041233896,
        "coord_descent_us": null,
        "memcopy_sol_us": 14.300106275645925,
        "total_bytes": 32840996,
        "gap_default": 1.7148727127292778,
        "gap_cd": null,
        "timestamp": "2026-05-16T16:59:10"
      }
    }
  }
}