{
  "B200": {
    "v3_full": {
      "default": {
        "compiled_us": 195.42306121657876,
        "coord_descent_us": null,
        "memcopy_sol_us": 44.04653634065145,
        "total_bytes": 218372096,
        "gap_default": 4.436740716799991,
        "gap_cd": null,
        "timestamp": "2026-05-16T18:41:32"
      }
    }
  }
}