{
  "B200": {
    "v2_920": {
      "default": {
        "compiled_us": 49.093522782659164,
        "coord_descent_us": null,
        "memcopy_sol_us": 154.1686952254682,
        "total_bytes": 929566288,
        "gap_default": 0.31844028199668556,
        "gap_cd": null,
        "timestamp": "2026-05-16T16:59:10"
      }
    }
  }
}