{
  "B200": {
    "v2_920": {
      "default": {
        "compiled_us": 122.32765147214236,
        "coord_descent_us": null,
        "memcopy_sol_us": 216.5692143066965,
        "total_bytes": 1342177280,
        "gap_default": 0.5648432158917422,
        "gap_cd": null,
        "timestamp": "2026-05-16T16:59:10"
      }
    }
  }
}