{
  "B200": {
    "v2_920": {
      "default": {
        "compiled_us": 37.33874375814373,
        "coord_descent_us": null,
        "memcopy_sol_us": 15.362494389151575,
        "total_bytes": 35346432,
        "gap_default": 2.4305130932715566,
        "gap_cd": null,
        "timestamp": "2026-05-16T16:59:10"
      }
    }
  }
}