{
  "B200": {
    "v3_full": {
      "default": {
        "compiled_us": 14.397828136629041,
        "coord_descent_us": null,
        "memcopy_sol_us": 33.87823805562261,
        "total_bytes": 165150720,
        "gap_default": 0.42498751301617654,
        "gap_cd": null,
        "timestamp": "2026-05-16T18:41:32"
      }
    }
  }
}