{
  "B200": {
    "v3_full": {
      "default": {
        "compiled_us": 10.31107729195117,
        "coord_descent_us": null,
        "memcopy_sol_us": 7.168160187695167,
        "total_bytes": 562176,
        "gap_default": 1.4384551993761412,
        "gap_cd": null,
        "timestamp": "2026-05-16T18:41:32"
      }
    }
  }
}