{
  "B200": {
    "v2_920": {
      "default": {
        "compiled_us": 48.0415288342296,
        "coord_descent_us": null,
        "memcopy_sol_us": 276.91882950865966,
        "total_bytes": 1728923664,
        "gap_default": 0.17348595947581555,
        "gap_cd": null,
        "timestamp": "2026-05-16T16:59:10"
      }
    }
  }
}