{
  "B200": {
    "v2_920": {
      "default": {
        "compiled_us": 50.995809650170656,
        "coord_descent_us": null,
        "memcopy_sol_us": 17.35390456758972,
        "total_bytes": 46750576,
        "gap_default": 2.938578430666883,
        "gap_cd": null,
        "timestamp": "2026-05-16T16:59:10"
      }
    }
  }
}