{
  "B200": {
    "v2_920": {
      "default": {
        "compiled_us": 14.567205336201253,
        "coord_descent_us": null,
        "memcopy_sol_us": 18.838335244463853,
        "total_bytes": 58740736,
        "gap_default": 0.7732745567569308,
        "gap_cd": null,
        "timestamp": "2026-05-16T16:59:10"
      }
    }
  }
}