{
  "B200": {
    "v2_920": {
      "default": {
        "compiled_us": 22.472872583998218,
        "coord_descent_us": null,
        "memcopy_sol_us": 13.300982823674527,
        "total_bytes": 19925664,
        "gap_default": 1.6895648150149152,
        "gap_cd": null,
        "timestamp": "2026-05-16T16:59:10"
      }
    }
  }
}