{
  "B200": {
    "v2_920": {
      "default": {
        "compiled_us": 16.38858569626752,
        "coord_descent_us": null,
        "memcopy_sol_us": 44.066097962740514,
        "total_bytes": 220237824,
        "gap_default": 0.3719091649577111,
        "gap_cd": null,
        "timestamp": "2026-05-16T16:59:10"
      }
    }
  }
}