{
  "B200": {
    "v3_full": {
      "default": {
        "compiled_us": 34.779829073173936,
        "coord_descent_us": null,
        "memcopy_sol_us": 14.958980848026197,
        "total_bytes": 37882884,
        "gap_default": 2.3250132764066644,
        "gap_cd": null,
        "timestamp": "2026-05-16T18:41:32"
      }
    }
  }
}