{
  "B200": {
    "v2_920": {
      "default": {
        "compiled_us": 242.87416674144472,
        "coord_descent_us": null,
        "memcopy_sol_us": 256.2159426521179,
        "total_bytes": 1610612736,
        "gap_default": 0.947927612261083,
        "gap_cd": null,
        "timestamp": "2026-05-16T16:59:10"
      }
    }
  }
}