{
  "B200": {
    "v3_full": {
      "default": {
        "compiled_us": 101.54639164840223,
        "coord_descent_us": null,
        "memcopy_sol_us": 96.74179297595074,
        "total_bytes": 571998208,
        "gap_default": 1.0496641474656758,
        "gap_cd": null,
        "timestamp": "2026-05-16T18:41:32"
      }
    }
  }
}