{
  "B200": {
    "v3_full": {
      "default": {
        "compiled_us": 8.096482533422579,
        "coord_descent_us": null,
        "memcopy_sol_us": 9.11671686171679,
        "total_bytes": 8413184,
        "gap_default": 0.8880919146915254,
        "gap_cd": null,
        "timestamp": "2026-05-16T18:41:32"
      }
    }
  }
}