{
  "B200": {
    "v2_920": {
      "default": {
        "compiled_us": 16.628523280926736,
        "coord_descent_us": null,
        "memcopy_sol_us": 204.0129887028819,
        "total_bytes": 1269891072,
        "gap_default": 0.08150717945289256,
        "gap_cd": null,
        "timestamp": "2026-05-16T16:59:10"
      }
    }
  }
}