{
  "B200": {
    "v3_full": {
      "default": {
        "compiled_us": 61.29803901293243,
        "coord_descent_us": null,
        "memcopy_sol_us": 42.012154572641556,
        "total_bytes": 206053920,
        "gap_default": 1.4590548767724925,
        "gap_cd": null,
        "timestamp": "2026-05-16T18:41:32"
      }
    }
  }
}