{
  "B200": {
    "v3_full": {
      "default": {
        "compiled_us": 19.77043150268113,
        "coord_descent_us": null,
        "memcopy_sol_us": 25.553240216979685,
        "total_bytes": 96369280,
        "gap_default": 0.7736956775267985,
        "gap_cd": null,
        "timestamp": "2026-05-16T18:41:32"
      }
    }
  }
}