{
  "B200": {
    "v2_920": {
      "default": {
        "compiled_us": 14.38009596268196,
        "coord_descent_us": null,
        "memcopy_sol_us": 32.312959767878056,
        "total_bytes": 156729344,
        "gap_default": 0.4450256511932729,
        "gap_cd": null,
        "timestamp": "2026-05-16T16:59:10"
      }
    }
  }
}