{
  "B200": {
    "v3_full": {
      "default": {
        "compiled_us": 8.185336158232042,
        "coord_descent_us": null,
        "memcopy_sol_us": 7.514793569164061,
        "total_bytes": 5242884,
        "gap_default": 1.089229675159603,
        "gap_cd": null,
        "timestamp": "2026-05-16T18:41:32"
      }
    }
  }
}