{
  "B200": {
    "v2_920": {
      "default": {
        "compiled_us": 11.665074796707348,
        "coord_descent_us": null,
        "memcopy_sol_us": 9.341598195511276,
        "total_bytes": 5244160,
        "gap_default": 1.2487236715354042,
        "gap_cd": null,
        "timestamp": "2026-05-16T16:59:10"
      }
    }
  }
}