{
  "B200": {
    "v3_full": {
      "default": {
        "compiled_us": 6.2256147445553065,
        "coord_descent_us": null,
        "memcopy_sol_us": 7.172251215285098,
        "total_bytes": 384000,
        "gap_default": 0.8680140387843117,
        "gap_cd": null,
        "timestamp": "2026-05-16T18:41:32"
      }
    }
  }
}