{
  "B200": {
    "v2_920": {
      "default": {
        "compiled_us": 16.48244879046478,
        "coord_descent_us": null,
        "memcopy_sol_us": 15.330865266512129,
        "total_bytes": 50397184,
        "gap_default": 1.0751153639363138,
        "gap_cd": null,
        "timestamp": "2026-05-16T16:59:10"
      }
    }
  }
}