{
  "B200": {
    "v3_full": {
      "default": {
        "compiled_us": 8.231194456653117,
        "coord_descent_us": null,
        "memcopy_sol_us": 9.198781440066078,
        "total_bytes": 2412544,
        "gap_default": 0.8948135696323262,
        "gap_cd": null,
        "timestamp": "2026-05-16T18:41:32"
      }
    }
  }
}