{
  "B200": {
    "v2_920": {
      "default": {
        "compiled_us": 334.02889333109357,
        "coord_descent_us": null,
        "memcopy_sol_us": 95.37333911614368,
        "total_bytes": 554230788,
        "gap_default": 3.502329858917072,
        "gap_cd": null,
        "timestamp": "2026-05-16T16:59:10"
      }
    }
  }
}