{
  "B200": {
    "v2_920": {
      "default": {
        "compiled_us": 8.751664634302497,
        "coord_descent_us": null,
        "memcopy_sol_us": 9.232461792011588,
        "total_bytes": 3560000,
        "gap_default": 0.947923190093773,
        "gap_cd": null,
        "timestamp": "2026-05-16T16:59:10"
      }
    }
  }
}