{
  "B200": {
    "v2_920": {
      "default": {
        "compiled_us": 12.316777746958032,
        "coord_descent_us": null,
        "memcopy_sol_us": 11.317333311466008,
        "total_bytes": 16777888,
        "gap_default": 1.0883109481700473,
        "gap_cd": null,
        "timestamp": "2026-05-16T16:59:10"
      }
    }
  }
}