{
  "B200": {
    "v2_920": {
      "default": {
        "compiled_us": 20.43511857348939,
        "coord_descent_us": null,
        "memcopy_sol_us": 158.69584305630636,
        "total_bytes": 977305600,
        "gap_default": 0.128769085439994,
        "gap_cd": null,
        "timestamp": "2026-05-16T16:59:10"
      }
    }
  }
}