{
  "B200": {
    "v2_920": {
      "default": {
        "compiled_us": 16.35134027909561,
        "coord_descent_us": null,
        "memcopy_sol_us": 24.30682405997741,
        "total_bytes": 94380056,
        "gap_default": 0.6727057487538669,
        "gap_cd": null,
        "timestamp": "2026-05-16T16:59:10"
      }
    }
  }
}