{
  "B200": {
    "v2_920": {
      "default": {
        "compiled_us": 47.446789310156355,
        "coord_descent_us": null,
        "memcopy_sol_us": 33.7976646732849,
        "total_bytes": 151132160,
        "gap_default": 1.4038481584101963,
        "gap_cd": null,
        "timestamp": "2026-05-16T16:59:10"
      }
    }
  }
}