{
  "B200": {
    "v2_920": {
      "default": {
        "compiled_us": 34.78178919875107,
        "coord_descent_us": null,
        "memcopy_sol_us": 17.276416790993675,
        "total_bytes": 45740544,
        "gap_default": 2.0132524943993637,
        "gap_cd": null,
        "timestamp": "2026-05-16T16:59:10"
      }
    }
  }
}