{
  "B200": {
    "v3_full": {
      "default": {
        "compiled_us": 14.382748797699122,
        "coord_descent_us": null,
        "memcopy_sol_us": 15.361029129522722,
        "total_bytes": 38553600,
        "gap_default": 0.9363141412222558,
        "gap_cd": null,
        "timestamp": "2026-05-16T18:41:32"
      }
    }
  }
}