{
  "B200": {
    "v2_920": {
      "default": {
        "compiled_us": 27.624042929116502,
        "coord_descent_us": null,
        "memcopy_sol_us": 17.41967363249916,
        "total_bytes": 52449280,
        "gap_default": 1.5857956648268932,
        "gap_cd": null,
        "timestamp": "2026-05-16T16:59:10"
      }
    }
  }
}