{
  "B200": {
    "v2_920": {
      "default": {
        "compiled_us": 12.32510805660948,
        "coord_descent_us": null,
        "memcopy_sol_us": 12.769251744779098,
        "total_bytes": 20989952,
        "gap_default": 0.9652177201102474,
        "gap_cd": null,
        "timestamp": "2026-05-16T16:59:10"
      }
    }
  }
}