{
  "B200": {
    "v2_920": {
      "default": {
        "compiled_us": 45.095827649432,
        "coord_descent_us": null,
        "memcopy_sol_us": 17.677183970334298,
        "total_bytes": 67371008,
        "gap_default": 2.551075314094793,
        "gap_cd": null,
        "timestamp": "2026-05-16T16:59:10"
      }
    }
  }
}