{
  "B200": {
    "v2_920": {
      "default": {
        "compiled_us": 8.131284278062337,
        "coord_descent_us": null,
        "memcopy_sol_us": 9.408238301017072,
        "total_bytes": 5767328,
        "gap_default": 0.8642727807163759,
        "gap_cd": null,
        "timestamp": "2026-05-16T16:59:10"
      }
    }
  }
}