{
  "sum_sum_ced249279c9d": {
    "baseline_us": 435.13599038124084,
    "with_pass_us": 436.12799048423767,
    "speedup": 0.9977254381176145
  },
  "sum_sum_sum_9fe928f49216": {
    "baseline_us": 234.23999547958374,
    "with_pass_us": 233.5360050201416,
    "speedup": 1.003014483609846
  },
  "sum_sum_sum_a970af617f4c": {
    "baseline_us": 233.2479953765869,
    "with_pass_us": 234.23999547958374,
    "speedup": 0.9957650268009705
  },
  "sum_sum_sum_17d1ea77dce0": {
    "baseline_us": 240.63999950885773,
    "with_pass_us": 242.5920069217682,
    "speedup": 0.9919535378033294
  },
  "sum_sum_d550f2d61c6c": {
    "baseline_us": 432.0639967918396,
    "with_pass_us": 432.12801218032837,
    "speedup": 0.9998518601278223
  },
  "sum_sum_7388c7a6f044": {
    "baseline_us": 506.72000646591187,
    "with_pass_us": 506.78402185440063,
    "speedup": 0.9998736830962931
  },
  "sum_sum_sum_eb29178ac0d2": {
    "baseline_us": 609.2159748077393,
    "with_pass_us": 609.1520190238953,
    "speedup": 1.000104991499407
  },
  "sum_sum_sum_ccb3a106dd79": {
    "baseline_us": 635.7439756393433,
    "with_pass_us": 635.8720064163208,
    "speedup": 0.9997986532263008
  },
  "sum_sum_sum_508eb468b8d9": {
    "baseline_us": 312.25600838661194,
    "with_pass_us": 310.36800146102905,
    "speedup": 1.0060831236361198
  },
  "sum_sum_sum_37ed72cc58f3": {
    "baseline_us": 312.28798627853394,
    "with_pass_us": 309.1520071029663,
    "speedup": 1.0101438098524884
  },
  "sum_sum_sum_758c2b3673ba": {
    "baseline_us": 311.16798520088196,
    "with_pass_us": 313.1519854068756,
    "speedup": 0.9936644176040722
  },
  "sum_sum_sum_26d1711c064d": {
    "baseline_us": 162.6559942960739,
    "with_pass_us": 164.70399498939514,
    "speedup": 0.9875655675901905
  },
  "sum_sum_sum_718a025684ba": {
    "baseline_us": 199.5840072631836,
    "with_pass_us": 199.5840072631836,
    "speedup": 1.0
  },
  "sum_sum_a55455ad36bb": {
    "baseline_us": 612.2559905052185,
    "with_pass_us": 610.2399826049805,
    "speedup": 1.003303631288845
  },
  "sum_sum_sum_d138e6df4d0c": {
    "baseline_us": 347.9680120944977,
    "with_pass_us": 347.9999899864197,
    "speedup": 0.9999081095033272
  },
  "sum_sum_d6a05dc5c646": {
    "baseline_us": 227.1679937839508,
    "with_pass_us": 227.26400196552277,
    "speedup": 0.9995775477825717
  },
  "sum_sum_sum_c1b0c5dbde1f": {
    "baseline_us": 214.11199867725372,
    "with_pass_us": 214.01600539684296,
    "speedup": 1.0004485331843886
  },
  "sum_sum_sum_e58ca1d0ccf4": {
    "baseline_us": 274.3360102176666,
    "with_pass_us": 275.2639949321747,
    "speedup": 0.9966287464703231
  },
  "sum_sum_sum_56ca14eaee84": {
    "baseline_us": 239.58399891853333,
    "with_pass_us": 235.4239970445633,
    "speedup": 1.017670254206
  },
  "sum_sum_67d7103962e7": {
    "baseline_us": 156.70399367809296,
    "with_pass_us": 156.5759927034378,
    "speedup": 1.0008175006426279
  },
  "sum_sum_e9338369070e": {
    "baseline_us": 105.34399747848511,
    "with_pass_us": 105.34399747848511,
    "speedup": 1.0
  },
  "sum_sum_9c4f6ec62bfe": {
    "baseline_us": 289.69600796699524,
    "with_pass_us": 288.86398673057556,
    "speedup": 1.002880321793785
  },
  "sum_sum_sum_22bc9d6a43f1": {
    "baseline_us": 187.19999492168427,
    "with_pass_us": 185.15199422836304,
    "speedup": 1.0110611862532535
  },
  "sum_sum_sum_ba4095e1d04a": {
    "baseline_us": 345.08800506591797,
    "with_pass_us": 345.08800506591797,
    "speedup": 1.0
  },
  "sum_sum_e776df017e4a": {
    "baseline_us": 268.22400093078613,
    "with_pass_us": 268.095999956131,
    "speedup": 1.0004774445522353
  },
  "sum_sum_sum_e77e7007d695": {
    "baseline_us": 253.85600328445435,
    "with_pass_us": 251.90401077270508,
    "speedup": 1.0077489536818474
  }
}