{
  "_metadata": {
    "tool": "bench_compare.py",
    "n_configs": 2,
    "configs": {
      "baseline": "baseline",
      "coordinate_descent_tuning": "coordinate_descent_tuning=True"
    },
    "labels": [
      "baseline",
      "coordinate_descent_tuning"
    ],
    "commit": "3be1b1ac8948b762711998aa791a80af29f574f8",
    "timestamp": "2026-06-03T09:43:41Z",
    "total": 3,
    "ok": 3,
    "failed": 0,
    "elapsed_s": 21.41792917251587
  },
  "repros/canonical/amax_sum_sum_dc96a87ba8db/repro.py": {
    "configs": {
      "baseline": {
        "us": 2059.391975402832,
        "all_rounds": [
          2059.391975402832,
          2190.272092819214,
          2165.6320095062256,
          2182.0480823516846,
          2190.4640197753906
        ]
      },
      "coordinate_descent_tuning": {
        "us": 2160.48002243042,
        "all_rounds": [
          2176.8319606781006,
          2185.152053833008,
          2185.215950012207,
          2160.48002243042,
          2185.1840019226074
        ]
      }
    },
    "total_bytes": 4294967298,
    "rounds": 5,
    "rep_per_round": 200
  },
  "repros/canonical/amax_sum_3ed297ef02cd/repro.py": {
    "configs": {
      "baseline": {
        "us": 2285.4719161987305,
        "all_rounds": [
          2285.4719161987305,
          2538.464069366455,
          2513.9200687408447,
          2495.4240322113037,
          2537.5359058380127
        ]
      },
      "coordinate_descent_tuning": {
        "us": 2754.528045654297,
        "all_rounds": [
          2779.007911682129,
          2763.6799812316895,
          2764.863967895508,
          2754.528045654297,
          2764.672040939331
        ]
      }
    },
    "total_bytes": 8589934592,
    "rounds": 5,
    "rep_per_round": 200
  },
  "repros/canonical/amax_sum_f0661488d68c/repro.py": {
    "configs": {
      "baseline": {
        "us": 1090.559959411621,
        "all_rounds": [
          1090.559959411621,
          1125.3440380096436,
          1120.1599836349487,
          1128.383994102478,
          1133.3119869232178
        ]
      },
      "coordinate_descent_tuning": {
        "us": 1090.5920267105103,
        "all_rounds": [
          1090.5920267105103,
          1132.416009902954,
          1127.4240016937256,
          1128.2240152359009,
          1128.3520460128784
        ]
      }
    },
    "total_bytes": 4295049216,
    "rounds": 5,
    "rep_per_round": 200
  }
}