{
  "B200": {
    "v2_920": {
      "default": {
        "compiled_us": 8.163319858977136,
        "coord_descent_us": null,
        "memcopy_sol_us": 7.0054032204225445,
        "total_bytes": 99912,
        "gap_default": 1.165289077890473,
        "gap_cd": null,
        "timestamp": "2026-05-16T16:59:10"
      }
    }
  }
}