{
  "B200": {
    "v2_920": {
      "default": {
        "compiled_us": 145.48358337870286,
        "coord_descent_us": null,
        "memcopy_sol_us": 84.99923493031433,
        "total_bytes": 484054040,
        "gap_default": 1.7115869748471966,
        "gap_cd": null,
        "timestamp": "2026-05-16T16:59:10"
      }
    }
  }
}