{
  "B200": {
    "v3_full": {
      "default": {
        "compiled_us": 6.2193048027379065,
        "coord_descent_us": null,
        "memcopy_sol_us": 7.1790305680988835,
        "total_bytes": 378880,
        "gap_default": 0.866315408987717,
        "gap_cd": null,
        "timestamp": "2026-05-16T18:41:32"
      }
    }
  }
}