{
  "B200": {
    "v3_full": {
      "default": {
        "compiled_us": 14.536569414105147,
        "coord_descent_us": null,
        "memcopy_sol_us": 15.367786108174979,
        "total_bytes": 38785280,
        "gap_default": 0.945911747585577,
        "gap_cd": null,
        "timestamp": "2026-05-16T18:41:32"
      }
    }
  }
}