{
  "B200": {
    "v3_full": {
      "default": {
        "compiled_us": 28.754923349139872,
        "coord_descent_us": null,
        "memcopy_sol_us": 158.30884280407096,
        "total_bytes": 973078528,
        "gap_default": 0.18163813745217036,
        "gap_cd": null,
        "timestamp": "2026-05-16T18:41:32"
      }
    }
  }
}