{
  "B200": {
    "v2_920": {
      "default": {
        "compiled_us": 24.627124519620782,
        "coord_descent_us": null,
        "memcopy_sol_us": 25.615367273077226,
        "total_bytes": 100866048,
        "gap_default": 0.9614199264480144,
        "gap_cd": null,
        "timestamp": "2026-05-16T16:59:10"
      }
    }
  }
}