{
  "B200": {
    "v3_full": {
      "default": {
        "compiled_us": 22.46925344437212,
        "coord_descent_us": null,
        "memcopy_sol_us": 12.520973082925344,
        "total_bytes": 19268100,
        "gap_default": 1.7945293305528378,
        "gap_cd": null,
        "timestamp": "2026-05-16T18:41:32"
      }
    }
  }
}