{
  "B200": {
    "v3_full": {
      "default": {
        "compiled_us": 22.527745425141518,
        "coord_descent_us": null,
        "memcopy_sol_us": 12.658032695328076,
        "total_bytes": 21695328,
        "gap_default": 1.7797193266419853,
        "gap_cd": null,
        "timestamp": "2026-05-16T18:41:32"
      }
    }
  }
}