{
  "B200": {
    "v2_920": {
      "default": {
        "compiled_us": 49.180074532939166,
        "coord_descent_us": null,
        "memcopy_sol_us": 70.61412164625429,
        "total_bytes": 402653184,
        "gap_default": 0.6964623135767336,
        "gap_cd": null,
        "timestamp": "2026-05-16T16:59:10"
      }
    }
  }
}