{
  "B200": {
    "v2_920": {
      "default": {
        "compiled_us": 19.660019387939794,
        "coord_descent_us": null,
        "memcopy_sol_us": 25.578519648420595,
        "total_bytes": 95864832,
        "gap_default": 0.7686144334452814,
        "gap_cd": null,
        "timestamp": "2026-05-16T16:59:10"
      }
    }
  }
}