{
  "B200": {
    "v2_920": {
      "default": {
        "compiled_us": 58.85567343115749,
        "coord_descent_us": null,
        "memcopy_sol_us": 19.493926513480815,
        "total_bytes": 66662400,
        "gap_default": 3.019180019502817,
        "gap_cd": null,
        "timestamp": "2026-05-16T16:59:10"
      }
    }
  }
}