{
  "B200": {
    "v3_full": {
      "default": {
        "compiled_us": 161.74683556066338,
        "coord_descent_us": null,
        "memcopy_sol_us": 15.377252354007286,
        "total_bytes": 42598912,
        "gap_default": 10.518578471433646,
        "gap_cd": null,
        "timestamp": "2026-05-16T18:41:32"
      }
    }
  }
}