{
  "B200": {
    "v3_full": {
      "default": {
        "compiled_us": 71.70234304889746,
        "coord_descent_us": null,
        "memcopy_sol_us": 47.893909319132156,
        "total_bytes": 243322880,
        "gap_default": 1.497107754790327,
        "gap_cd": null,
        "timestamp": "2026-05-16T18:41:32"
      }
    }
  }
}