{
  "B200": {
    "v2_920": {
      "default": {
        "compiled_us": 287.21483592743135,
        "coord_descent_us": null,
        "memcopy_sol_us": 109.61488194579294,
        "total_bytes": 643330052,
        "gap_default": 2.6202175364241658,
        "gap_cd": null,
        "timestamp": "2026-05-16T16:59:10"
      }
    }
  }
}