{
  "B200": {
    "v2_920": {
      "default": {
        "compiled_us": 209.6933953170916,
        "coord_descent_us": null,
        "memcopy_sol_us": 53.53005416774494,
        "total_bytes": 291119108,
        "gap_default": 3.9173021319945613,
        "gap_cd": null,
        "timestamp": "2026-05-16T16:59:10"
      }
    }
  }
}