{
  "B200": {
    "v2_920": {
      "default": {
        "compiled_us": 75.43040019856102,
        "coord_descent_us": null,
        "memcopy_sol_us": 70.75589448053864,
        "total_bytes": 402685952,
        "gap_default": 1.0660652480240793,
        "gap_cd": null,
        "timestamp": "2026-05-16T16:59:10"
      }
    }
  }
}