{
  "B200": {
    "v2_920": {
      "default": {
        "compiled_us": 53.04890202437814,
        "coord_descent_us": null,
        "memcopy_sol_us": 18.025954805435383,
        "total_bytes": 54528256,
        "gap_default": 2.942917731513576,
        "gap_cd": null,
        "timestamp": "2026-05-16T16:59:10"
      }
    }
  }
}