{
  "B200": {
    "v3_full": {
      "default": {
        "compiled_us": 12.870129654342339,
        "coord_descent_us": null,
        "memcopy_sol_us": 13.892436776698732,
        "total_bytes": 32005632,
        "gap_default": 0.926412684917086,
        "gap_cd": null,
        "timestamp": "2026-05-16T18:41:32"
      }
    }
  }
}