{
  "B200": {
    "v3_full": {
      "default": {
        "compiled_us": 14.368856554721415,
        "coord_descent_us": null,
        "memcopy_sol_us": 15.37534648651013,
        "total_bytes": 42634752,
        "gap_default": 0.9345387154252569,
        "gap_cd": null,
        "timestamp": "2026-05-16T18:41:32"
      }
    }
  }
}