{
  "B200": {
    "v2_920": {
      "default": {
        "compiled_us": 929.3860949358894,
        "coord_descent_us": null,
        "memcopy_sol_us": 517.0480440993335,
        "total_bytes": 3293806856,
        "gap_default": 1.7974849833439055,
        "gap_cd": null,
        "timestamp": "2026-05-16T16:59:10"
      }
    }
  }
}