{
  "B200": {
    "v2_920": {
      "default": {
        "compiled_us": 20.455804935536587,
        "coord_descent_us": null,
        "memcopy_sol_us": 20.26753510283463,
        "total_bytes": 70790400,
        "gap_default": 1.0092892318551172,
        "gap_cd": null,
        "timestamp": "2026-05-16T16:59:10"
      }
    }
  }
}