{
  "B200": {
    "v2_920": {
      "default": {
        "compiled_us": 8.134092689374045,
        "coord_descent_us": null,
        "memcopy_sol_us": 7.4709922328426694,
        "total_bytes": 3145728,
        "gap_default": 1.0887566786130989,
        "gap_cd": null,
        "timestamp": "2026-05-16T16:59:10"
      }
    }
  }
}