{
  "B200": {
    "v2_920": {
      "default": {
        "compiled_us": 382.7265625198682,
        "coord_descent_us": null,
        "memcopy_sol_us": 104.0740175798764,
        "total_bytes": 622346244,
        "gap_default": 3.677445835375069,
        "gap_cd": null,
        "timestamp": "2026-05-16T16:59:10"
      }
    }
  }
}