{
  "B200": {
    "v2_920": {
      "default": {
        "compiled_us": 963.5265981731702,
        "coord_descent_us": null,
        "memcopy_sol_us": 119.77856725730065,
        "total_bytes": 704687104,
        "gap_default": 8.044232121289145,
        "gap_cd": null,
        "timestamp": "2026-05-16T16:59:10"
      }
    }
  }
}