{
  "B200": {
    "v3_full": {
      "default": {
        "compiled_us": 16.39314682630544,
        "coord_descent_us": null,
        "memcopy_sol_us": 11.28519970229761,
        "total_bytes": 19321088,
        "gap_default": 1.4526235475450096,
        "gap_cd": null,
        "timestamp": "2026-05-16T18:41:32"
      }
    }
  }
}