{
  "B200": {
    "v3_full": {
      "default": {
        "compiled_us": 16.386914059211556,
        "coord_descent_us": null,
        "memcopy_sol_us": 7.164310826482546,
        "total_bytes": 2053120,
        "gap_default": 2.287298032720479,
        "gap_cd": null,
        "timestamp": "2026-05-16T18:41:32"
      }
    }
  }
}