{
  "B200": {
    "v3_full": {
      "default": {
        "compiled_us": 12.202949592858998,
        "coord_descent_us": null,
        "memcopy_sol_us": 14.144966103398351,
        "total_bytes": 44261380,
        "gap_default": 0.8627061743136464,
        "gap_cd": null,
        "timestamp": "2026-05-16T18:41:32"
      }
    }
  }
}