{
  "B200": {
    "v3_full": {
      "default": {
        "compiled_us": 12.339261300740898,
        "coord_descent_us": null,
        "memcopy_sol_us": 33.78619703372526,
        "total_bytes": 156111872,
        "gap_default": 0.3652160463168995,
        "gap_cd": null,
        "timestamp": "2026-05-16T18:41:32"
      }
    }
  }
}