{
  "B200": {
    "v2_920": {
      "default": {
        "compiled_us": 8.148517351865104,
        "coord_descent_us": null,
        "memcopy_sol_us": 7.023765603401273,
        "total_bytes": 7000,
        "gap_default": 1.1601351485760243,
        "gap_cd": null,
        "timestamp": "2026-05-16T16:59:10"
      }
    }
  }
}