{
  "B200": {
    "v2_920": {
      "default": {
        "compiled_us": 16.196891099920897,
        "coord_descent_us": null,
        "memcopy_sol_us": 15.929804031965228,
        "total_bytes": 55050240,
        "gap_default": 1.0167665005432411,
        "gap_cd": null,
        "timestamp": "2026-05-16T16:59:10"
      }
    }
  }
}