{
  "B200": {
    "v2_920": {
      "default": {
        "compiled_us": 172.14979352999708,
        "coord_descent_us": null,
        "memcopy_sol_us": 140.64482735437258,
        "total_bytes": 849825024,
        "gap_default": 1.2240037317280337,
        "gap_cd": null,
        "timestamp": "2026-05-16T16:59:10"
      }
    }
  }
}