{
  "B200": {
    "v2_920": {
      "default": {
        "compiled_us": 30.940009934657148,
        "coord_descent_us": null,
        "memcopy_sol_us": 23.32551338643755,
        "total_bytes": 84954112,
        "gap_default": 1.3264449713096986,
        "gap_cd": null,
        "timestamp": "2026-05-16T16:59:10"
      }
    }
  }
}