{
  "B200": {
    "v2_920": {
      "default": {
        "compiled_us": 14.634807725013156,
        "coord_descent_us": null,
        "memcopy_sol_us": 12.936227434972452,
        "total_bytes": 15241728,
        "gap_default": 1.131304145553956,
        "gap_cd": null,
        "timestamp": "2026-05-16T16:59:10"
      }
    }
  }
}