{
  "B200": {
    "v2_920": {
      "default": {
        "compiled_us": 20.02037909670516,
        "coord_descent_us": null,
        "memcopy_sol_us": 64.92121670674722,
        "total_bytes": 367001600,
        "gap_default": 0.30837960396118785,
        "gap_cd": null,
        "timestamp": "2026-05-16T16:59:10"
      }
    }
  }
}