{
  "B200": {
    "v2_920": {
      "default": {
        "compiled_us": 8.253571722444708,
        "coord_descent_us": null,
        "memcopy_sol_us": 7.855408154857597,
        "total_bytes": 6307840,
        "gap_default": 1.0506865537395274,
        "gap_cd": null,
        "timestamp": "2026-05-16T16:59:10"
      }
    }
  }
}