{
  "B200": {
    "v2_920": {
      "default": {
        "compiled_us": 26.643554902185222,
        "coord_descent_us": null,
        "memcopy_sol_us": 28.662112795813815,
        "total_bytes": 134217728,
        "gap_default": 0.9295740021676486,
        "gap_cd": null,
        "timestamp": "2026-05-16T16:59:10"
      }
    }
  }
}