{
  "B200": {
    "v2_920": {
      "default": {
        "compiled_us": 7.815640741668466,
        "coord_descent_us": null,
        "memcopy_sol_us": 7.136252541758546,
        "total_bytes": 2293760,
        "gap_default": 1.0952023763080703,
        "gap_cd": null,
        "timestamp": "2026-05-16T16:59:10"
      }
    }
  }
}