{
  "B200": {
    "v2_920": {
      "default": {
        "compiled_us": 38.85219037056921,
        "coord_descent_us": null,
        "memcopy_sol_us": 17.408733900101474,
        "total_bytes": 49366912,
        "gap_default": 2.231764273813315,
        "gap_cd": null,
        "timestamp": "2026-05-16T16:59:10"
      }
    }
  }
}