{
  "B200": {
    "v3_full": {
      "default": {
        "compiled_us": 24.634512786108715,
        "coord_descent_us": null,
        "memcopy_sol_us": 15.360103083204665,
        "total_bytes": 40472576,
        "gap_default": 1.603798662851752,
        "gap_cd": null,
        "timestamp": "2026-05-16T18:41:32"
      }
    }
  }
}