{
  "B200": {
    "v2_920": {
      "default": {
        "compiled_us": 586.4969047735323,
        "coord_descent_us": null,
        "memcopy_sol_us": 261.56396721696996,
        "total_bytes": 1647247364,
        "gap_default": 2.242269495350738,
        "gap_cd": null,
        "timestamp": "2026-05-16T16:59:10"
      }
    }
  }
}