{
  "B200": {
    "v3_full": {
      "default": {
        "compiled_us": 147.03728731907728,
        "coord_descent_us": null,
        "memcopy_sol_us": 52.726651641224386,
        "total_bytes": 274429088,
        "gap_default": 2.788671056140345,
        "gap_cd": null,
        "timestamp": "2026-05-16T18:41:32"
      }
    }
  }
}