{
  "B200": {
    "v3_full": {
      "default": {
        "compiled_us": 41.88207836858438,
        "coord_descent_us": null,
        "memcopy_sol_us": 9.507596930276236,
        "total_bytes": 7456640,
        "gap_default": 4.4051171579659645,
        "gap_cd": null,
        "timestamp": "2026-05-16T18:41:32"
      }
    }
  }
}