{
  "B200": {
    "v3_full": {
      "default": {
        "compiled_us": 12.933025069487584,
        "coord_descent_us": null,
        "memcopy_sol_us": 9.364748870897724,
        "total_bytes": 6343040,
        "gap_default": 1.3810327695683096,
        "gap_cd": null,
        "timestamp": "2026-05-16T18:41:32"
      }
    }
  }
}