{
  "B200": {
    "v3_full": {
      "default": {
        "compiled_us": 14.333462704620715,
        "coord_descent_us": null,
        "memcopy_sol_us": 13.761849733432982,
        "total_bytes": 43573248,
        "gap_default": 1.0415360567263758,
        "gap_cd": null,
        "timestamp": "2026-05-16T18:41:32"
      }
    }
  }
}