{
  "B200": {
    "v3_full": {
      "default": {
        "compiled_us": 8.128203935538728,
        "coord_descent_us": null,
        "memcopy_sol_us": 7.059665600372579,
        "total_bytes": 1520640,
        "gap_default": 1.1513582081153755,
        "gap_cd": null,
        "timestamp": "2026-05-16T18:41:32"
      }
    }
  }
}