{
  "B200": {
    "v2_920": {
      "default": {
        "compiled_us": 8.232972006198448,
        "coord_descent_us": null,
        "memcopy_sol_us": 17.408158362307688,
        "total_bytes": 47705088,
        "gap_default": 0.4729375638048283,
        "gap_cd": null,
        "timestamp": "2026-05-16T16:59:10"
      }
    }
  }
}