{
  "B200": {
    "v2_920": {
      "default": {
        "compiled_us": 16.28828376604909,
        "coord_descent_us": null,
        "memcopy_sol_us": 15.29301690874295,
        "total_bytes": 51904512,
        "gap_default": 1.0650798245529403,
        "gap_cd": null,
        "timestamp": "2026-05-16T16:59:10"
      }
    }
  }
}