{
  "B200": {
    "v2_920": {
      "default": {
        "compiled_us": 8.584536495705596,
        "coord_descent_us": null,
        "memcopy_sol_us": 7.295590061944532,
        "total_bytes": 2129920,
        "gap_default": 1.1766747340265873,
        "gap_cd": null,
        "timestamp": "2026-05-16T16:59:10"
      }
    }
  }
}