{
  "B200": {
    "v3_full": {
      "default": {
        "compiled_us": 8.186680456649311,
        "coord_descent_us": null,
        "memcopy_sol_us": 9.216579387165982,
        "total_bytes": 3011840,
        "gap_default": 0.8882558390425414,
        "gap_cd": null,
        "timestamp": "2026-05-16T18:41:32"
      }
    }
  }
}