{
  "B200": {
    "v2_920": {
      "default": {
        "compiled_us": 12.284261424978538,
        "coord_descent_us": null,
        "memcopy_sol_us": 15.45599996648802,
        "total_bytes": 41945088,
        "gap_default": 0.7947891725940409,
        "gap_cd": null,
        "timestamp": "2026-05-16T16:59:10"
      }
    }
  }
}