{
  "B200": {
    "v2_920": {
      "default": {
        "compiled_us": 27.662356157330333,
        "coord_descent_us": null,
        "memcopy_sol_us": 17.11410872087438,
        "total_bytes": 45741152,
        "gap_default": 1.6163480440900828,
        "gap_cd": null,
        "timestamp": "2026-05-16T16:59:10"
      }
    }
  }
}