{
  "B200": {
    "v2_920": {
      "default": {
        "compiled_us": 14.378881814905046,
        "coord_descent_us": null,
        "memcopy_sol_us": 14.978310459111201,
        "total_bytes": 35670016,
        "gap_default": 0.959980223013636,
        "gap_cd": null,
        "timestamp": "2026-05-16T16:59:10"
      }
    }
  }
}