{
  "B200": {
    "v2_920": {
      "default": {
        "compiled_us": 86.46556226667869,
        "coord_descent_us": null,
        "memcopy_sol_us": 35.52288411454224,
        "total_bytes": 157813760,
        "gap_default": 2.43408057712526,
        "gap_cd": null,
        "timestamp": "2026-05-16T16:59:10"
      }
    }
  }
}