{
  "B200": {
    "v2_920": {
      "default": {
        "compiled_us": 44.04334686051798,
        "coord_descent_us": null,
        "memcopy_sol_us": 44.5124969497167,
        "total_bytes": 176196608,
        "gap_default": 0.9894602612446411,
        "gap_cd": null,
        "timestamp": "2026-05-16T16:59:10"
      }
    }
  }
}