{
  "B200": {
    "v2_920": {
      "default": {
        "compiled_us": 8.426176720967494,
        "coord_descent_us": null,
        "memcopy_sol_us": 7.185586903230196,
        "total_bytes": 323584,
        "gap_default": 1.1726497549114052,
        "gap_cd": null,
        "timestamp": "2026-05-16T16:59:10"
      }
    }
  }
}