{
  "B200": {
    "v2_920": {
      "default": {
        "compiled_us": 27.61723164841281,
        "coord_descent_us": null,
        "memcopy_sol_us": 29.19195918485104,
        "total_bytes": 134217728,
        "gap_default": 0.9460561202327447,
        "gap_cd": null,
        "timestamp": "2026-05-16T16:59:10"
      }
    }
  }
}