{
  "B200": {
    "v2_920": {
      "default": {
        "compiled_us": 20.503515129852477,
        "coord_descent_us": null,
        "memcopy_sol_us": 11.326186416449644,
        "total_bytes": 12595200,
        "gap_default": 1.810275266180865,
        "gap_cd": null,
        "timestamp": "2026-05-16T16:59:10"
      }
    }
  }
}