{
  "B200": {
    "v2_920": {
      "default": {
        "compiled_us": 69.4795096693397,
        "coord_descent_us": null,
        "memcopy_sol_us": 17.807535223177325,
        "total_bytes": 67125248,
        "gap_default": 3.9016915479077046,
        "gap_cd": null,
        "timestamp": "2026-05-16T16:59:10"
      }
    }
  }
}