{
  "B200": {
    "v2_920": {
      "default": {
        "compiled_us": 196.62463785123043,
        "coord_descent_us": null,
        "memcopy_sol_us": 9.356725545822108,
        "total_bytes": 4199620,
        "gap_default": 21.014257272836833,
        "gap_cd": null,
        "timestamp": "2026-05-16T16:59:10"
      }
    }
  }
}