{
  "B200": {
    "v2_920": {
      "default": {
        "compiled_us": 363.6974719160661,
        "coord_descent_us": null,
        "memcopy_sol_us": 277.96815223288985,
        "total_bytes": 1753219072,
        "gap_default": 1.3084141798062885,
        "gap_cd": null,
        "timestamp": "2026-05-16T16:59:10"
      }
    }
  }
}