{
  "B200": {
    "v3_full": {
      "default": {
        "compiled_us": 10.231250385907568,
        "coord_descent_us": null,
        "memcopy_sol_us": 11.278051671998117,
        "total_bytes": 14407760,
        "gap_default": 0.9071824357136423,
        "gap_cd": null,
        "timestamp": "2026-05-16T18:41:32"
      }
    }
  }
}