{
  "B200": {
    "v3_full": {
      "default": {
        "compiled_us": 10.648471539575645,
        "coord_descent_us": null,
        "memcopy_sol_us": 13.845639571427634,
        "total_bytes": 32035840,
        "gap_default": 0.7690848432563722,
        "gap_cd": null,
        "timestamp": "2026-05-16T18:41:32"
      }
    }
  }
}