{
  "B200": {
    "v2_920": {
      "default": {
        "compiled_us": 10.279776215168996,
        "coord_descent_us": null,
        "memcopy_sol_us": 19.471735617606388,
        "total_bytes": 63614976,
        "gap_default": 0.5279332267573518,
        "gap_cd": null,
        "timestamp": "2026-05-16T16:59:10"
      }
    }
  }
}