{
  "B200": {
    "v2_920": {
      "default": {
        "compiled_us": 1990.2197523992888,
        "coord_descent_us": null,
        "memcopy_sol_us": 1899.7262878325378,
        "total_bytes": 12293570568,
        "gap_default": 1.0476350014980307,
        "gap_cd": null,
        "timestamp": "2026-05-16T16:59:10"
      }
    }
  }
}