{
  "B200": {
    "v3_full": {
      "default": {
        "compiled_us": 61.413678992836566,
        "coord_descent_us": null,
        "memcopy_sol_us": 42.91452008349162,
        "total_bytes": 223379456,
        "gap_default": 1.431069923964062,
        "gap_cd": null,
        "timestamp": "2026-05-16T18:41:32"
      }
    }
  }
}