{
  "B200": {
    "v3_full": {
      "default": {
        "compiled_us": 5986.427133733576,
        "coord_descent_us": null,
        "memcopy_sol_us": 7012.49829360417,
        "total_bytes": 45529986560,
        "gap_default": 0.8536796563920117,
        "gap_cd": null,
        "timestamp": "2026-05-16T18:41:32"
      }
    }
  }
}