{
  "B200": {
    "v2_920": {
      "default": {
        "compiled_us": 27.13619571295567,
        "coord_descent_us": null,
        "memcopy_sol_us": 29.094907840180735,
        "total_bytes": 134217728,
        "gap_default": 0.9326785244351233,
        "gap_cd": null,
        "timestamp": "2026-05-16T16:59:10"
      }
    }
  }
}