{
  "B200": {
    "v2_920": {
      "default": {
        "compiled_us": 8.137381582180717,
        "coord_descent_us": null,
        "memcopy_sol_us": 7.0200695005777,
        "total_bytes": 1509120,
        "gap_default": 1.159159689446247,
        "gap_cd": null,
        "timestamp": "2026-05-16T16:59:10"
      }
    }
  }
}