{
  "B200": {
    "v3_full": {
      "default": {
        "compiled_us": 158.72698825203585,
        "coord_descent_us": null,
        "memcopy_sol_us": 117.54159735047196,
        "total_bytes": 707788804,
        "gap_default": 1.350389920078779,
        "gap_cd": null,
        "timestamp": "2026-05-16T18:41:32"
      }
    }
  }
}