{
  "B200": {
    "v2_920": {
      "default": {
        "compiled_us": 19.97887606309118,
        "coord_descent_us": null,
        "memcopy_sol_us": 13.651826141958795,
        "total_bytes": 30329600,
        "gap_default": 1.4634581377861415,
        "gap_cd": null,
        "timestamp": "2026-05-16T16:59:10"
      }
    }
  }
}