{
  "B200": {
    "v2_920": {
      "default": {
        "compiled_us": 32.80715517667372,
        "coord_descent_us": null,
        "memcopy_sol_us": 32.1145324765617,
        "total_bytes": 143198044,
        "gap_default": 1.0215672671124052,
        "gap_cd": null,
        "timestamp": "2026-05-16T16:59:10"
      }
    }
  }
}