{
  "B200": {
    "v3_full": {
      "default": {
        "compiled_us": 24.60417479447935,
        "coord_descent_us": null,
        "memcopy_sol_us": 25.653091181071897,
        "total_bytes": 104010752,
        "gap_default": 0.9591115012538337,
        "gap_cd": null,
        "timestamp": "2026-05-16T18:41:32"
      }
    }
  }
}