{
  "B200": {
    "v2_920": {
      "default": {
        "compiled_us": 8.203472847724619,
        "coord_descent_us": null,
        "memcopy_sol_us": 9.153481525373362,
        "total_bytes": 11010048,
        "gap_default": 0.8962134052474648,
        "gap_cd": null,
        "timestamp": "2026-05-16T16:59:10"
      }
    }
  }
}