{
  "B200": {
    "v2_920": {
      "default": {
        "compiled_us": 323.72051526647095,
        "coord_descent_us": null,
        "memcopy_sol_us": 135.3440116980163,
        "total_bytes": 823443460,
        "gap_default": 2.39183478607658,
        "gap_cd": null,
        "timestamp": "2026-05-16T16:59:10"
      }
    }
  }
}