{
  "B200": {
    "v3_full": {
      "default": {
        "compiled_us": 153.47004854205966,
        "coord_descent_us": null,
        "memcopy_sol_us": 23.933026969655565,
        "total_bytes": 103809024,
        "gap_default": 6.4124796556926436,
        "gap_cd": null,
        "timestamp": "2026-05-16T18:41:32"
      }
    }
  }
}