{
  "B200": {
    "v2_920": {
      "default": {
        "compiled_us": 111.92287612315953,
        "coord_descent_us": null,
        "memcopy_sol_us": 74.54359097029348,
        "total_bytes": 352396288,
        "gap_default": 1.501441970615048,
        "gap_cd": null,
        "timestamp": "2026-05-16T16:59:10"
      }
    }
  }
}