{
  "B200": {
    "v2_920": {
      "default": {
        "compiled_us": 8.129559655571038,
        "coord_descent_us": null,
        "memcopy_sol_us": 194.30011252812838,
        "total_bytes": 1207959556,
        "gap_default": 0.04184022103638329,
        "gap_cd": null,
        "timestamp": "2026-05-16T16:59:10"
      }
    }
  }
}