{
  "B200": {
    "v2_920": {
      "default": {
        "compiled_us": 27.668417600919952,
        "coord_descent_us": null,
        "memcopy_sol_us": 28.97975053497377,
        "total_bytes": 134217728,
        "gap_default": 0.9547500268343836,
        "gap_cd": null,
        "timestamp": "2026-05-16T16:59:10"
      }
    }
  }
}