{
  "B200": {
    "v2_920": {
      "default": {
        "compiled_us": 1459.7863433952618,
        "coord_descent_us": null,
        "memcopy_sol_us": 302.5657312592139,
        "total_bytes": 1900332548,
        "gap_default": 4.824691604432343,
        "gap_cd": null,
        "timestamp": "2026-05-16T16:59:10"
      }
    }
  }
}