{
  "B200": {
    "v2_920": {
      "default": {
        "compiled_us": 10.188455441489051,
        "coord_descent_us": null,
        "memcopy_sol_us": 8.672848500715988,
        "total_bytes": 9437184,
        "gap_default": 1.1747530745692079,
        "gap_cd": null,
        "timestamp": "2026-05-16T16:59:10"
      }
    }
  }
}