{
  "B200": {
    "v2_920": {
      "default": {
        "compiled_us": 27.04601345254503,
        "coord_descent_us": null,
        "memcopy_sol_us": 39.9814652343345,
        "total_bytes": 190857280,
        "gap_default": 0.6764637887587718,
        "gap_cd": null,
        "timestamp": "2026-05-16T16:59:10"
      }
    }
  }
}