{
  "B200": {
    "v2_920": {
      "default": {
        "compiled_us": 3.0236001772207146,
        "coord_descent_us": null,
        "memcopy_sol_us": 5.681105809736239,
        "total_bytes": 2048,
        "gap_default": 0.5322203596417603,
        "gap_cd": null,
        "timestamp": "2026-05-16T16:59:10"
      }
    }
  }
}