{
  "B200": {
    "v3_full": {
      "default": {
        "compiled_us": 6.214838871315031,
        "coord_descent_us": null,
        "memcopy_sol_us": 7.179091728206194,
        "total_bytes": 368640,
        "gap_default": 0.8656859539622993,
        "gap_cd": null,
        "timestamp": "2026-05-16T18:41:32"
      }
    }
  }
}