{
  "B200": {
    "v2_920": {
      "default": {
        "compiled_us": 37.42661051616554,
        "coord_descent_us": null,
        "memcopy_sol_us": 39.4178240005695,
        "total_bytes": 201326592,
        "gap_default": 0.9494844392126974,
        "gap_cd": null,
        "timestamp": "2026-05-16T16:59:10"
      }
    }
  }
}