{
  "B200": {
    "v2_920": {
      "default": {
        "compiled_us": 20.536264241910267,
        "coord_descent_us": null,
        "memcopy_sol_us": 11.165728778821203,
        "total_bytes": 7379976,
        "gap_default": 1.8392229158263989,
        "gap_cd": null,
        "timestamp": "2026-05-16T16:59:10"
      }
    }
  }
}