{
  "B200": {
    "v2_920": {
      "default": {
        "compiled_us": 190.46627328545722,
        "coord_descent_us": null,
        "memcopy_sol_us": 52.24220242124422,
        "total_bytes": 268964096,
        "gap_default": 3.6458316161648723,
        "gap_cd": null,
        "timestamp": "2026-05-16T16:59:10"
      }
    }
  }
}