{
  "B200": {
    "v3_full": {
      "default": {
        "compiled_us": 26.328885366861847,
        "coord_descent_us": null,
        "memcopy_sol_us": 25.611240796016574,
        "total_bytes": 101604608,
        "gap_default": 1.02802068734432,
        "gap_cd": null,
        "timestamp": "2026-05-16T18:41:32"
      }
    }
  }
}