{
  "B200": {
    "v3_full": {
      "default": {
        "compiled_us": 744.9039410887741,
        "coord_descent_us": null,
        "memcopy_sol_us": 99.24859238493723,
        "total_bytes": 570530920,
        "gap_default": 7.5054358272372514,
        "gap_cd": null,
        "timestamp": "2026-05-16T18:41:32"
      }
    }
  }
}