{
  "B200": {
    "v2_920": {
      "default": {
        "compiled_us": 24.64338181874691,
        "coord_descent_us": null,
        "memcopy_sol_us": 19.778355569374572,
        "total_bytes": 67109888,
        "gap_default": 1.2459772872576675,
        "gap_cd": null,
        "timestamp": "2026-05-16T16:59:10"
      }
    }
  }
}