{
  "B200": {
    "v3_full": {
      "default": {
        "compiled_us": 61.44804935708332,
        "coord_descent_us": null,
        "memcopy_sol_us": 54.48417909925693,
        "total_bytes": 288507136,
        "gap_default": 1.12781453943061,
        "gap_cd": null,
        "timestamp": "2026-05-16T18:41:32"
      }
    }
  }
}