{
  "B200": {
    "v3_full": {
      "default": {
        "compiled_us": 36.91943918792806,
        "coord_descent_us": null,
        "memcopy_sol_us": 36.40593573890257,
        "total_bytes": 170083584,
        "gap_default": 1.014104937521954,
        "gap_cd": null,
        "timestamp": "2026-05-16T18:41:32"
      }
    }
  }
}