{
  "B200": {
    "v2_920": {
      "default": {
        "compiled_us": 1049.9219344212459,
        "coord_descent_us": null,
        "memcopy_sol_us": 645.803030236996,
        "total_bytes": 4128136428,
        "gap_default": 1.6257618581256064,
        "gap_cd": null,
        "timestamp": "2026-05-16T16:59:10"
      }
    }
  }
}