{
  "B200": {
    "v2_920": {
      "default": {
        "compiled_us": 22.587482509201774,
        "coord_descent_us": null,
        "memcopy_sol_us": 15.074014070013318,
        "total_bytes": 33620480,
        "gap_default": 1.4984384653146219,
        "gap_cd": null,
        "timestamp": "2026-05-16T16:59:10"
      }
    }
  }
}