{
  "B200": {
    "v2_920": {
      "default": {
        "compiled_us": 49.27072008648878,
        "coord_descent_us": null,
        "memcopy_sol_us": 49.99957551178204,
        "total_bytes": 268435456,
        "gap_default": 0.9854227677368679,
        "gap_cd": null,
        "timestamp": "2026-05-16T16:59:10"
      }
    }
  }
}