{
  "B200": {
    "v2_920": {
      "default": {
        "compiled_us": 22.503443819399063,
        "coord_descent_us": null,
        "memcopy_sol_us": 19.473906663833894,
        "total_bytes": 62917632,
        "gap_default": 1.1555690497989033,
        "gap_cd": null,
        "timestamp": "2026-05-16T16:59:10"
      }
    }
  }
}