{
  "B200": {
    "v2_920": {
      "default": {
        "compiled_us": 6.1989722301197405,
        "coord_descent_us": null,
        "memcopy_sol_us": 7.746469115816234,
        "total_bytes": 5160960,
        "gap_default": 0.8002319685833491,
        "gap_cd": null,
        "timestamp": "2026-05-16T16:59:10"
      }
    }
  }
}