{
  "B200": {
    "v2_920": {
      "default": {
        "compiled_us": 126.89375032482036,
        "coord_descent_us": null,
        "memcopy_sol_us": 99.89618214190727,
        "total_bytes": 592969728,
        "gap_default": 1.2702562560855604,
        "gap_cd": null,
        "timestamp": "2026-05-16T16:59:10"
      }
    }
  }
}