{
  "B200": {
    "v2_920": {
      "default": {
        "compiled_us": 194.22921028806797,
        "coord_descent_us": null,
        "memcopy_sol_us": 35.912713410050905,
        "total_bytes": 169517600,
        "gap_default": 5.408369121830515,
        "gap_cd": null,
        "timestamp": "2026-05-16T16:59:10"
      }
    }
  }
}