{
  "B200": {
    "v3_full": {
      "default": {
        "compiled_us": 12.280136908555646,
        "coord_descent_us": null,
        "memcopy_sol_us": 10.48374879369925,
        "total_bytes": 9942020,
        "gap_default": 1.1713497862459301,
        "gap_cd": null,
        "timestamp": "2026-05-16T18:41:32"
      }
    }
  }
}