{
  "B200": {
    "v3_full": {
      "default": {
        "compiled_us": 45.04688115434486,
        "coord_descent_us": null,
        "memcopy_sol_us": 7.165533235657144,
        "total_bytes": 1600512,
        "gap_default": 6.286605570424607,
        "gap_cd": null,
        "timestamp": "2026-05-16T18:41:32"
      }
    }
  }
}