{
  "B200": {
    "v2_920": {
      "default": {
        "compiled_us": 41.00038307759849,
        "coord_descent_us": null,
        "memcopy_sol_us": 19.03694463111064,
        "total_bytes": 56668160,
        "gap_default": 2.153727075015739,
        "gap_cd": null,
        "timestamp": "2026-05-16T16:59:10"
      }
    }
  }
}