{
  "B200": {
    "v2_920": {
      "default": {
        "compiled_us": 403.7372125312686,
        "coord_descent_us": null,
        "memcopy_sol_us": 163.62678297495435,
        "total_bytes": 995533136,
        "gap_default": 2.4674274296101446,
        "gap_cd": null,
        "timestamp": "2026-05-16T16:59:10"
      }
    }
  }
}