{
  "B200": {
    "v3_full": {
      "default": {
        "compiled_us": 7.492665832296519,
        "coord_descent_us": null,
        "memcopy_sol_us": 7.173548080648892,
        "total_bytes": 1220608,
        "gap_default": 1.044485343662569,
        "gap_cd": null,
        "timestamp": "2026-05-16T18:41:32"
      }
    }
  }
}