{
  "B200": {
    "v2_920": {
      "default": {
        "compiled_us": 132.6166152224674,
        "coord_descent_us": null,
        "memcopy_sol_us": 46.0174293575729,
        "total_bytes": 225687488,
        "gap_default": 2.881877955241392,
        "gap_cd": null,
        "timestamp": "2026-05-16T16:59:10"
      }
    }
  }
}