{
  "B200": {
    "v3_full": {
      "default": {
        "compiled_us": 12.228585964751593,
        "coord_descent_us": null,
        "memcopy_sol_us": 17.425319726151393,
        "total_bytes": 52185732,
        "gap_default": 0.7017711099096392,
        "gap_cd": null,
        "timestamp": "2026-05-16T18:41:32"
      }
    }
  }
}