{
  "B200": {
    "v2_920": {
      "default": {
        "compiled_us": 8.199903349115957,
        "coord_descent_us": null,
        "memcopy_sol_us": 31.303653353297815,
        "total_bytes": 146833408,
        "gap_default": 0.26194716816502517,
        "gap_cd": null,
        "timestamp": "2026-05-16T16:59:10"
      }
    }
  }
}