{
  "B200": {
    "v2_920": {
      "default": {
        "compiled_us": 14.289732867316305,
        "coord_descent_us": null,
        "memcopy_sol_us": 168.8332695332242,
        "total_bytes": 1027641344,
        "gap_default": 0.08463813386320918,
        "gap_cd": null,
        "timestamp": "2026-05-16T16:59:10"
      }
    }
  }
}