{
  "B200": {
    "v2_920": {
      "default": {
        "compiled_us": 16.32856581383666,
        "coord_descent_us": null,
        "memcopy_sol_us": 13.147897210511985,
        "total_bytes": 38273028,
        "gap_default": 1.2419146234868397,
        "gap_cd": null,
        "timestamp": "2026-05-16T16:59:10"
      }
    }
  }
}