{
  "B200": {
    "v2_920": {
      "default": {
        "compiled_us": 26.628571452455958,
        "coord_descent_us": null,
        "memcopy_sol_us": 197.61685611203657,
        "total_bytes": 1217896448,
        "gap_default": 0.13474848237317974,
        "gap_cd": null,
        "timestamp": "2026-05-16T16:59:10"
      }
    }
  }
}