{
  "B200": {
    "v2_920": {
      "default": {
        "compiled_us": 7.416386785250474,
        "coord_descent_us": null,
        "memcopy_sol_us": 7.176254169289708,
        "total_bytes": 199680,
        "gap_default": 1.0334621113321762,
        "gap_cd": null,
        "timestamp": "2026-05-16T16:59:10"
      }
    }
  }
}