{
  "B200": {
    "v3_full": {
      "default": {
        "compiled_us": 12.340936893447836,
        "coord_descent_us": null,
        "memcopy_sol_us": 9.214787585617227,
        "total_bytes": 6151680,
        "gap_default": 1.3392535398981975,
        "gap_cd": null,
        "timestamp": "2026-05-16T18:41:32"
      }
    }
  }
}