{
  "B200": {
    "v3_full": {
      "default": {
        "compiled_us": 18.59328328130511,
        "coord_descent_us": null,
        "memcopy_sol_us": 23.565211569348985,
        "total_bytes": 92295168,
        "gap_default": 0.7890140611124065,
        "gap_cd": null,
        "timestamp": "2026-05-16T18:41:32"
      }
    }
  }
}