{
  "B200": {
    "v2_920": {
      "default": {
        "compiled_us": 23.691686161975444,
        "coord_descent_us": null,
        "memcopy_sol_us": 14.597721392520295,
        "total_bytes": 34641920,
        "gap_default": 1.6229715258242148,
        "gap_cd": null,
        "timestamp": "2026-05-16T16:59:10"
      }
    }
  }
}