{
  "B200": {
    "v3_full": {
      "default": {
        "compiled_us": 12.239547780404488,
        "coord_descent_us": null,
        "memcopy_sol_us": 10.637743049275016,
        "total_bytes": 20979712,
        "gap_default": 1.1505774978498506,
        "gap_cd": null,
        "timestamp": "2026-05-16T18:41:32"
      }
    }
  }
}