{
  "B200": {
    "v3_full": {
      "default": {
        "compiled_us": 12.319017627295873,
        "coord_descent_us": null,
        "memcopy_sol_us": 13.262825174727453,
        "total_bytes": 22038528,
        "gap_default": 0.9288381219689134,
        "gap_cd": null,
        "timestamp": "2026-05-16T18:41:32"
      }
    }
  }
}