{
  "B200": {
    "v3_full": {
      "default": {
        "compiled_us": 8.23650816117102,
        "coord_descent_us": null,
        "memcopy_sol_us": 9.217176972122342,
        "total_bytes": 5956736,
        "gap_default": 0.8936042115804669,
        "gap_cd": null,
        "timestamp": "2026-05-16T18:41:32"
      }
    }
  }
}