{
  "B200": {
    "v2_920": {
      "default": {
        "compiled_us": 155.93573907569154,
        "coord_descent_us": null,
        "memcopy_sol_us": 175.44231032295147,
        "total_bytes": 1073741824,
        "gap_default": 0.8888148975503541,
        "gap_cd": null,
        "timestamp": "2026-05-16T16:59:10"
      }
    }
  }
}