{
  "B200": {
    "v3_full": {
      "default": {
        "compiled_us": 75.81389375469263,
        "coord_descent_us": null,
        "memcopy_sol_us": 25.46891670468983,
        "total_bytes": 96739648,
        "gap_default": 2.976722356657294,
        "gap_cd": null,
        "timestamp": "2026-05-16T18:41:32"
      }
    }
  }
}