{
  "B200": {
    "v2_920": {
      "default": {
        "compiled_us": 103.0214293621872,
        "coord_descent_us": null,
        "memcopy_sol_us": 35.93109729220314,
        "total_bytes": 163578256,
        "gap_default": 2.8671940777200344,
        "gap_cd": null,
        "timestamp": "2026-05-16T16:59:10"
      }
    }
  }
}