{
  "B200": {
    "v2_920": {
      "default": {
        "compiled_us": 16.411910270760462,
        "coord_descent_us": null,
        "memcopy_sol_us": 17.778558632925453,
        "total_bytes": 67108864,
        "gap_default": 0.9231294060231636,
        "gap_cd": null,
        "timestamp": "2026-05-16T16:59:10"
      }
    }
  }
}