{
  "B200": {
    "v2_920": {
      "default": {
        "compiled_us": 915.6262586561686,
        "coord_descent_us": null,
        "memcopy_sol_us": 195.57970097484898,
        "total_bytes": 1203098528,
        "gap_default": 4.681601690217922,
        "gap_cd": null,
        "timestamp": "2026-05-16T16:59:10"
      }
    }
  }
}