{
  "B200": {
    "v2_920": {
      "default": {
        "compiled_us": 7.894115198515931,
        "coord_descent_us": null,
        "memcopy_sol_us": 9.209245548186603,
        "total_bytes": 2623490,
        "gap_default": 0.8571945614014348,
        "gap_cd": null,
        "timestamp": "2026-05-16T16:59:10"
      }
    }
  }
}