{
  "B200": {
    "v3_full": {
      "default": {
        "compiled_us": 10.277571332243113,
        "coord_descent_us": null,
        "memcopy_sol_us": 9.183809836723015,
        "total_bytes": 12779520,
        "gap_default": 1.1190967055030374,
        "gap_cd": null,
        "timestamp": "2026-05-16T18:41:32"
      }
    }
  }
}