{
  "B200": {
    "v2_920": {
      "default": {
        "compiled_us": 88.60904900572599,
        "coord_descent_us": null,
        "memcopy_sol_us": 70.69831373335063,
        "total_bytes": 402661376,
        "gap_default": 1.253340346135106,
        "gap_cd": null,
        "timestamp": "2026-05-16T16:59:10"
      }
    }
  }
}