{
  "B200": {
    "v3_full": {
      "default": {
        "compiled_us": 28.899775873098147,
        "coord_descent_us": null,
        "memcopy_sol_us": 15.381554904182877,
        "total_bytes": 40143876,
        "gap_default": 1.8788591955185954,
        "gap_cd": null,
        "timestamp": "2026-05-16T18:41:32"
      }
    }
  }
}