{
  "B200": {
    "v2_920": {
      "default": {
        "compiled_us": 20.51515170255783,
        "coord_descent_us": null,
        "memcopy_sol_us": 13.66305399549796,
        "total_bytes": 25178112,
        "gap_default": 1.5015055718375752,
        "gap_cd": null,
        "timestamp": "2026-05-16T16:59:10"
      }
    }
  }
}