{
  "B200": {
    "v2_920": {
      "default": {
        "compiled_us": 14.37261210832793,
        "coord_descent_us": null,
        "memcopy_sol_us": 11.27167527577324,
        "total_bytes": 9987584,
        "gap_default": 1.2751087799006846,
        "gap_cd": null,
        "timestamp": "2026-05-16T16:59:10"
      }
    }
  }
}