{
  "B200": {
    "v3_full": {
      "default": {
        "compiled_us": 6.216784471275744,
        "coord_descent_us": null,
        "memcopy_sol_us": 9.213222886973146,
        "total_bytes": 4145696,
        "gap_default": 0.6747676190560682,
        "gap_cd": null,
        "timestamp": "2026-05-16T18:41:32"
      }
    }
  }
}