{
  "B200": {
    "v2_920": {
      "default": {
        "compiled_us": 294.3562714425265,
        "coord_descent_us": null,
        "memcopy_sol_us": 154.9780966974052,
        "total_bytes": 952172548,
        "gap_default": 1.8993411179726725,
        "gap_cd": null,
        "timestamp": "2026-05-16T16:59:10"
      }
    }
  }
}