{
  "B200": {
    "v2_920": {
      "default": {
        "compiled_us": 199.62108012401697,
        "coord_descent_us": null,
        "memcopy_sol_us": 258.4913095945487,
        "total_bytes": 1608220680,
        "gap_default": 0.7722545119103948,
        "gap_cd": null,
        "timestamp": "2026-05-16T16:59:10"
      }
    }
  }
}