{
  "B200": {
    "v2_920": {
      "default": {
        "compiled_us": 9.415210897859504,
        "coord_descent_us": null,
        "memcopy_sol_us": 9.131144779509004,
        "total_bytes": 12582912,
        "gap_default": 1.0311095843084173,
        "gap_cd": null,
        "timestamp": "2026-05-16T16:59:10"
      }
    }
  }
}