{
  "B200": {
    "v2_920": {
      "default": {
        "compiled_us": 14.369241662895494,
        "coord_descent_us": null,
        "memcopy_sol_us": 13.49921170143925,
        "total_bytes": 41091072,
        "gap_default": 1.0644504272322421,
        "gap_cd": null,
        "timestamp": "2026-05-16T16:59:10"
      }
    }
  }
}