{
  "B200": {
    "v2_920": {
      "default": {
        "compiled_us": 2435.4127913713455,
        "coord_descent_us": null,
        "memcopy_sol_us": 1239.6865693422465,
        "total_bytes": 8001805552,
        "gap_default": 1.9645391436833328,
        "gap_cd": null,
        "timestamp": "2026-05-16T16:59:10"
      }
    }
  }
}