{
  "B200": {
    "v3_full": {
      "default": {
        "compiled_us": 22.52109376654689,
        "coord_descent_us": null,
        "memcopy_sol_us": 13.32634057225046,
        "total_bytes": 25691652,
        "gap_default": 1.6899683483583434,
        "gap_cd": null,
        "timestamp": "2026-05-16T18:41:32"
      }
    }
  }
}