{
  "B200": {
    "v2_920": {
      "default": {
        "compiled_us": 408.56994688510895,
        "coord_descent_us": null,
        "memcopy_sol_us": 127.96467733750869,
        "total_bytes": 759246060,
        "gap_default": 3.192833799029554,
        "gap_cd": null,
        "timestamp": "2026-05-16T16:59:10"
      }
    }
  }
}