{
  "B200": {
    "v2_920": {
      "default": {
        "compiled_us": 233.4021187817936,
        "coord_descent_us": null,
        "memcopy_sol_us": 163.64742594351804,
        "total_bytes": 995532540,
        "gap_default": 1.4262498626917053,
        "gap_cd": null,
        "timestamp": "2026-05-16T16:59:10"
      }
    }
  }
}