{
  "B200": {
    "v2_920": {
      "default": {
        "compiled_us": 12.24369627748155,
        "coord_descent_us": null,
        "memcopy_sol_us": 17.897178904533323,
        "total_bytes": 67108864,
        "gap_default": 0.6841131969899593,
        "gap_cd": null,
        "timestamp": "2026-05-16T16:59:10"
      }
    }
  }
}