{
  "B200": {
    "v3_full": {
      "default": {
        "compiled_us": 226.2695512505823,
        "coord_descent_us": null,
        "memcopy_sol_us": 11.273514681841549,
        "total_bytes": 11702464,
        "gap_default": 20.07089693288276,
        "gap_cd": null,
        "timestamp": "2026-05-16T18:41:32"
      }
    }
  }
}