{
  "B200": {
    "v2_920": {
      "default": {
        "compiled_us": 453.92207515209986,
        "coord_descent_us": null,
        "memcopy_sol_us": 289.8319455143673,
        "total_bytes": 1815335632,
        "gap_default": 1.5661561197007472,
        "gap_cd": null,
        "timestamp": "2026-05-16T16:59:10"
      }
    }
  }
}