{
  "B200": {
    "v2_920": {
      "default": {
        "compiled_us": 66.33022824737662,
        "coord_descent_us": null,
        "memcopy_sol_us": 70.59374922927971,
        "total_bytes": 402653184,
        "gap_default": 0.9396048371357115,
        "gap_cd": null,
        "timestamp": "2026-05-16T16:59:10"
      }
    }
  }
}