{
  "B200": {
    "v2_920": {
      "default": {
        "compiled_us": 10.272748228996548,
        "coord_descent_us": null,
        "memcopy_sol_us": 15.352168466303583,
        "total_bytes": 37761024,
        "gap_default": 0.6691398841501879,
        "gap_cd": null,
        "timestamp": "2026-05-16T16:59:10"
      }
    }
  }
}