{
  "B200": {
    "v2_920": {
      "default": {
        "compiled_us": 67.40100976249208,
        "coord_descent_us": null,
        "memcopy_sol_us": 25.604144111499547,
        "total_bytes": 100666368,
        "gap_default": 2.6324258084542014,
        "gap_cd": null,
        "timestamp": "2026-05-16T16:59:10"
      }
    }
  }
}