{
  "B200": {
    "v2_920": {
      "default": {
        "compiled_us": 20.47376332949427,
        "coord_descent_us": null,
        "memcopy_sol_us": 176.37613483307734,
        "total_bytes": 1089798144,
        "gap_default": 0.11608012245460912,
        "gap_cd": null,
        "timestamp": "2026-05-16T16:59:10"
      }
    }
  }
}