{
  "B200": {
    "v2_920": {
      "default": {
        "compiled_us": 14.534221029729693,
        "coord_descent_us": null,
        "memcopy_sol_us": 46.12005652468276,
        "total_bytes": 234883072,
        "gap_default": 0.31513883817447613,
        "gap_cd": null,
        "timestamp": "2026-05-16T16:59:10"
      }
    }
  }
}