{
  "B200": {
    "v3_full": {
      "default": {
        "compiled_us": 20.47324131284221,
        "coord_descent_us": null,
        "memcopy_sol_us": 17.44655006671511,
        "total_bytes": 53583360,
        "gap_default": 1.1734836534760809,
        "gap_cd": null,
        "timestamp": "2026-05-16T18:41:32"
      }
    }
  }
}