{
  "B200": {
    "v3_full": {
      "default": {
        "compiled_us": 100.54526653111782,
        "coord_descent_us": null,
        "memcopy_sol_us": 48.256441137639925,
        "total_bytes": 250479076,
        "gap_default": 2.0835615756316668,
        "gap_cd": null,
        "timestamp": "2026-05-16T18:41:32"
      }
    }
  }
}