{
  "B200": {
    "v3_full": {
      "default": {
        "compiled_us": 12.237700125951744,
        "coord_descent_us": null,
        "memcopy_sol_us": 15.645275700226748,
        "total_bytes": 42856836,
        "gap_default": 0.7821977931507069,
        "gap_cd": null,
        "timestamp": "2026-05-16T18:41:32"
      }
    }
  }
}