{
  "B200": {
    "v2_920": {
      "default": {
        "compiled_us": 6.180806827497606,
        "coord_descent_us": null,
        "memcopy_sol_us": 9.091685334324143,
        "total_bytes": 8388608,
        "gap_default": 0.6798307024730607,
        "gap_cd": null,
        "timestamp": "2026-05-16T16:59:10"
      }
    }
  }
}