{
  "B200": {
    "v2_920": {
      "default": {
        "compiled_us": 8.205385948554314,
        "coord_descent_us": null,
        "memcopy_sol_us": 9.602895900775675,
        "total_bytes": 5931968,
        "gap_default": 0.8544699467055061,
        "gap_cd": null,
        "timestamp": "2026-05-16T16:59:10"
      }
    }
  }
}