{
  "B200": {
    "v3_full": {
      "default": {
        "compiled_us": 6.284676673292546,
        "coord_descent_us": null,
        "memcopy_sol_us": 7.179439475112946,
        "total_bytes": 491520,
        "gap_default": 0.8753714959333475,
        "gap_cd": null,
        "timestamp": "2026-05-16T18:41:32"
      }
    }
  }
}