{
  "B200": {
    "v2_920": {
      "default": {
        "compiled_us": 2313.585905801682,
        "coord_descent_us": null,
        "memcopy_sol_us": 848.3219832445668,
        "total_bytes": 5445986844,
        "gap_default": 2.7272497371256823,
        "gap_cd": null,
        "timestamp": "2026-05-16T16:59:10"
      }
    }
  }
}