{
  "B200": {
    "v3_full": {
      "default": {
        "compiled_us": 12.345034938884929,
        "coord_descent_us": null,
        "memcopy_sol_us": 13.145242394812435,
        "total_bytes": 25740768,
        "gap_default": 0.9391256979602525,
        "gap_cd": null,
        "timestamp": "2026-05-16T18:41:32"
      }
    }
  }
}