{
  "B200": {
    "v2_920": {
      "default": {
        "compiled_us": 12.808886015979777,
        "coord_descent_us": null,
        "memcopy_sol_us": 31.810635856146693,
        "total_bytes": 142640256,
        "gap_default": 0.40266048355348255,
        "gap_cd": null,
        "timestamp": "2026-05-16T16:59:10"
      }
    }
  }
}