{
  "B200": {
    "v2_920": {
      "default": {
        "compiled_us": 49.19011348079429,
        "coord_descent_us": null,
        "memcopy_sol_us": 27.261259157138156,
        "total_bytes": 42140928,
        "gap_default": 1.8043962385322994,
        "gap_cd": null,
        "timestamp": "2026-05-16T16:59:10"
      }
    }
  }
}