{
  "B200": {
    "v3_full": {
      "default": {
        "compiled_us": 10.251870304669444,
        "coord_descent_us": null,
        "memcopy_sol_us": 9.486484865465966,
        "total_bytes": 5245440,
        "gap_default": 1.0806816697710382,
        "gap_cd": null,
        "timestamp": "2026-05-16T18:41:32"
      }
    }
  }
}