{
  "B200": {
    "v3_full": {
      "default": {
        "compiled_us": 6.261310528523036,
        "coord_descent_us": null,
        "memcopy_sol_us": 7.174141805450128,
        "total_bytes": 391680,
        "gap_default": 0.8727609097113717,
        "gap_cd": null,
        "timestamp": "2026-05-16T18:41:32"
      }
    }
  }
}