{
  "B200": {
    "v3_full": {
      "default": {
        "compiled_us": 12.244292728590905,
        "coord_descent_us": null,
        "memcopy_sol_us": 17.470361335700016,
        "total_bytes": 54994820,
        "gap_default": 0.7008608747874127,
        "gap_cd": null,
        "timestamp": "2026-05-16T18:41:32"
      }
    }
  }
}