{
  "B200": {
    "v2_920": {
      "default": {
        "compiled_us": 30.735307271976346,
        "coord_descent_us": null,
        "memcopy_sol_us": 29.416127488316246,
        "total_bytes": 135266304,
        "gap_default": 1.0448454605108732,
        "gap_cd": null,
        "timestamp": "2026-05-16T16:59:10"
      }
    }
  }
}