{
  "B200": {
    "v2_920": {
      "default": {
        "compiled_us": 12.326267088854491,
        "coord_descent_us": null,
        "memcopy_sol_us": 13.32781579796609,
        "total_bytes": 27281408,
        "gap_default": 0.9248527497458029,
        "gap_cd": null,
        "timestamp": "2026-05-16T16:59:10"
      }
    }
  }
}