{
  "B200": {
    "v2_920": {
      "default": {
        "compiled_us": 67.63096240323944,
        "coord_descent_us": null,
        "memcopy_sol_us": 19.85436798085321,
        "total_bytes": 68612192,
        "gap_default": 3.4063518147976377,
        "gap_cd": null,
        "timestamp": "2026-05-16T16:59:10"
      }
    }
  }
}