{
  "B200": {
    "v3_full": {
      "default": {
        "compiled_us": 15.191142289075843,
        "coord_descent_us": null,
        "memcopy_sol_us": 11.289647190685793,
        "total_bytes": 14772228,
        "gap_default": 1.3455816672117857,
        "gap_cd": null,
        "timestamp": "2026-05-16T18:41:32"
      }
    }
  }
}