{
  "B200": {
    "v3_full": {
      "default": {
        "compiled_us": 10.512388054150335,
        "coord_descent_us": null,
        "memcopy_sol_us": 14.199664107757984,
        "total_bytes": 32035840,
        "gap_default": 0.7403265298653715,
        "gap_cd": null,
        "timestamp": "2026-05-16T18:41:32"
      }
    }
  }
}