{
  "B200": {
    "v3_full": {
      "default": {
        "compiled_us": 268.9655956469084,
        "coord_descent_us": null,
        "memcopy_sol_us": 13.568133168674123,
        "total_bytes": 29861968,
        "gap_default": 19.823331058386987,
        "gap_cd": null,
        "timestamp": "2026-05-16T18:41:32"
      }
    }
  }
}