{
  "B200": {
    "v3_full": {
      "default": {
        "compiled_us": 8.547754022368379,
        "coord_descent_us": null,
        "memcopy_sol_us": 15.357176905085453,
        "total_bytes": 38031616,
        "gap_default": 0.556596702323448,
        "gap_cd": null,
        "timestamp": "2026-05-16T18:41:32"
      }
    }
  }
}