{
  "B200": {
    "v3_full": {
      "default": {
        "compiled_us": 14.29942862444587,
        "coord_descent_us": null,
        "memcopy_sol_us": 10.409416395571624,
        "total_bytes": 19660800,
        "gap_default": 1.3737012797882824,
        "gap_cd": null,
        "timestamp": "2026-05-16T18:41:32"
      }
    }
  }
}