{
  "B200": {
    "v2_920": {
      "default": {
        "compiled_us": 25.653080602792958,
        "coord_descent_us": null,
        "memcopy_sol_us": 21.492128227918013,
        "total_bytes": 73172992,
        "gap_default": 1.1936035524611248,
        "gap_cd": null,
        "timestamp": "2026-05-16T16:59:10"
      }
    }
  }
}