{
  "B200": {
    "v3_full": {
      "default": {
        "compiled_us": 58.19927018860148,
        "coord_descent_us": null,
        "memcopy_sol_us": 56.22295253470086,
        "total_bytes": 308674560,
        "gap_default": 1.0351514384215386,
        "gap_cd": null,
        "timestamp": "2026-05-16T18:41:32"
      }
    }
  }
}