{
  "B200": {
    "v2_920": {
      "default": {
        "compiled_us": 83.908569749286,
        "coord_descent_us": null,
        "memcopy_sol_us": 30.733307545835324,
        "total_bytes": 132516864,
        "gap_default": 2.730216057095243,
        "gap_cd": null,
        "timestamp": "2026-05-16T16:59:10"
      }
    }
  }
}