{
  "B200": {
    "v3_full": {
      "default": {
        "compiled_us": 8.222170731994412,
        "coord_descent_us": null,
        "memcopy_sol_us": 11.460868709820367,
        "total_bytes": 18781184,
        "gap_default": 0.7174125225733681,
        "gap_cd": null,
        "timestamp": "2026-05-16T18:41:32"
      }
    }
  }
}