{
  "B200": {
    "v2_920": {
      "default": {
        "compiled_us": 49.46484154001184,
        "coord_descent_us": null,
        "memcopy_sol_us": 91.45163391839783,
        "total_bytes": 536870912,
        "gap_default": 0.5408852682079934,
        "gap_cd": null,
        "timestamp": "2026-05-16T16:59:10"
      }
    }
  }
}