{
  "B200": {
    "v2_920": {
      "default": {
        "compiled_us": 24.367651788257874,
        "coord_descent_us": null,
        "memcopy_sol_us": 402.90390999762565,
        "total_bytes": 2553184256,
        "gap_default": 0.06048005785896065,
        "gap_cd": null,
        "timestamp": "2026-05-16T16:59:10"
      }
    }
  }
}