{
  "B200": {
    "v2_920": {
      "default": {
        "compiled_us": 8.135592326119115,
        "coord_descent_us": null,
        "memcopy_sol_us": 8.805846248793861,
        "total_bytes": 11649024,
        "gap_default": 0.9238853480133665,
        "gap_cd": null,
        "timestamp": "2026-05-16T16:59:10"
      }
    }
  }
}