{
  "B200": {
    "v3_full": {
      "default": {
        "compiled_us": 55.35784812151203,
        "coord_descent_us": null,
        "memcopy_sol_us": 21.43620880679392,
        "total_bytes": 75629120,
        "gap_default": 2.58244583361061,
        "gap_cd": null,
        "timestamp": "2026-05-16T18:41:32"
      }
    }
  }
}