{
  "B200": {
    "v2_920": {
      "default": {
        "compiled_us": 14.731595214367283,
        "coord_descent_us": null,
        "memcopy_sol_us": 15.284136537371612,
        "total_bytes": 50331648,
        "gap_default": 0.9638487053780699,
        "gap_cd": null,
        "timestamp": "2026-05-16T16:59:10"
      }
    }
  }
}