{
  "B200": {
    "v2_920": {
      "default": {
        "compiled_us": 17.965702442676562,
        "coord_descent_us": null,
        "memcopy_sol_us": 17.04600517637545,
        "total_bytes": 62914560,
        "gap_default": 1.0539538300490339,
        "gap_cd": null,
        "timestamp": "2026-05-16T16:59:10"
      }
    }
  }
}