{
  "B200": {
    "v2_920": {
      "default": {
        "compiled_us": 24.621083751345306,
        "coord_descent_us": null,
        "memcopy_sol_us": 34.15218164301684,
        "total_bytes": 169869312,
        "gap_default": 0.7209227219713978,
        "gap_cd": null,
        "timestamp": "2026-05-16T16:59:10"
      }
    }
  }
}