{
  "B200": {
    "v2_920": {
      "default": {
        "compiled_us": 8.22632857329581,
        "coord_descent_us": null,
        "memcopy_sol_us": 7.041697855651242,
        "total_bytes": 6144,
        "gap_default": 1.168230836075117,
        "gap_cd": null,
        "timestamp": "2026-05-16T16:59:10"
      }
    }
  }
}