{
  "B200": {
    "v2_920": {
      "default": {
        "compiled_us": 41.23162664701415,
        "coord_descent_us": null,
        "memcopy_sol_us": 27.667819056074936,
        "total_bytes": 115476992,
        "gap_default": 1.490237686008036,
        "gap_cd": null,
        "timestamp": "2026-05-16T16:59:10"
      }
    }
  }
}