{
  "B200": {
    "v2_920": {
      "default": {
        "compiled_us": 44.998692407233804,
        "coord_descent_us": null,
        "memcopy_sol_us": 15.099140144698787,
        "total_bytes": 50331648,
        "gap_default": 2.9802155603564326,
        "gap_cd": null,
        "timestamp": "2026-05-16T16:59:10"
      }
    }
  }
}