{
  "B200": {
    "v2_920": {
      "default": {
        "compiled_us": 6.100354100671367,
        "coord_descent_us": null,
        "memcopy_sol_us": 6.92656218224982,
        "total_bytes": 851968,
        "gap_default": 0.8807188819158059,
        "gap_cd": null,
        "timestamp": "2026-05-16T16:59:10"
      }
    }
  }
}