{
  "B200": {
    "v3_full": {
      "default": {
        "compiled_us": 8.207267244258487,
        "coord_descent_us": null,
        "memcopy_sol_us": 7.146622118927025,
        "total_bytes": 602504,
        "gap_default": 1.148412090030962,
        "gap_cd": null,
        "timestamp": "2026-05-16T18:41:32"
      }
    }
  }
}