{
  "B200": {
    "v2_920": {
      "default": {
        "compiled_us": 22.56427219444553,
        "coord_descent_us": null,
        "memcopy_sol_us": 35.04782450974326,
        "total_bytes": 157674496,
        "gap_default": 0.643813774751488,
        "gap_cd": null,
        "timestamp": "2026-05-16T16:59:10"
      }
    }
  }
}