{
  "B200": {
    "v3_full": {
      "default": {
        "compiled_us": 162.1637571010834,
        "coord_descent_us": null,
        "memcopy_sol_us": 69.72816962157263,
        "total_bytes": 385394052,
        "gap_default": 2.3256563019103385,
        "gap_cd": null,
        "timestamp": "2026-05-16T18:41:32"
      }
    }
  }
}