{
  "B200": {
    "v2_920": {
      "default": {
        "compiled_us": 8.226228779121657,
        "coord_descent_us": null,
        "memcopy_sol_us": 9.26230028054603,
        "total_bytes": 3544064,
        "gap_default": 0.8881410157258154,
        "gap_cd": null,
        "timestamp": "2026-05-16T16:59:10"
      }
    }
  }
}