{
  "B200": {
    "v3_full": {
      "default": {
        "compiled_us": 10.325915078316982,
        "coord_descent_us": null,
        "memcopy_sol_us": 9.207943288990494,
        "total_bytes": 6151680,
        "gap_default": 1.1214138439213883,
        "gap_cd": null,
        "timestamp": "2026-05-16T18:41:32"
      }
    }
  }
}