{
  "B200": {
    "v2_920": {
      "default": {
        "compiled_us": 482.29946575452647,
        "coord_descent_us": null,
        "memcopy_sol_us": 218.55606206098395,
        "total_bytes": 1329794284,
        "gap_default": 2.2067540072164635,
        "gap_cd": null,
        "timestamp": "2026-05-16T16:59:10"
      }
    }
  }
}