{
  "B200": {
    "v2_920": {
      "default": {
        "compiled_us": 245.5980413995976,
        "coord_descent_us": null,
        "memcopy_sol_us": 37.06554313323328,
        "total_bytes": 174083592,
        "gap_default": 6.626047283774788,
        "gap_cd": null,
        "timestamp": "2026-05-16T16:59:10"
      }
    }
  }
}