{
  "B200": {
    "v2_920": {
      "default": {
        "compiled_us": 302.12805653150957,
        "coord_descent_us": null,
        "memcopy_sol_us": 430.8633762724408,
        "total_bytes": 1991061504,
        "gap_default": 0.7012154505804872,
        "gap_cd": null,
        "timestamp": "2026-05-16T16:59:10"
      }
    }
  }
}