{
  "B200": {
    "v2_920": {
      "default": {
        "compiled_us": 12.329123897826566,
        "coord_descent_us": null,
        "memcopy_sol_us": 11.151673592407711,
        "total_bytes": 22069248,
        "gap_default": 1.1055850761468204,
        "gap_cd": null,
        "timestamp": "2026-05-16T16:59:10"
      }
    }
  }
}