{
  "B200": {
    "v3_full": {
      "default": {
        "compiled_us": 6.849896972431472,
        "coord_descent_us": null,
        "memcopy_sol_us": 7.1759615837011435,
        "total_bytes": 150920,
        "gap_default": 0.9545615444750616,
        "gap_cd": null,
        "timestamp": "2026-05-16T18:41:32"
      }
    }
  }
}