{
  "B200": {
    "v2_920": {
      "default": {
        "compiled_us": 14.27872691814217,
        "coord_descent_us": null,
        "memcopy_sol_us": 13.25394571357219,
        "total_bytes": 37748736,
        "gap_default": 1.0773189529153264,
        "gap_cd": null,
        "timestamp": "2026-05-16T16:59:10"
      }
    }
  }
}