{
  "B200": {
    "v2_920": {
      "default": {
        "compiled_us": 10.38712527506396,
        "coord_descent_us": null,
        "memcopy_sol_us": 7.020866363096782,
        "total_bytes": 99936,
        "gap_default": 1.4794648890713795,
        "gap_cd": null,
        "timestamp": "2026-05-16T16:59:10"
      }
    }
  }
}