{
  "B200": {
    "v2_920": {
      "default": {
        "compiled_us": 15.774454622393499,
        "coord_descent_us": null,
        "memcopy_sol_us": 11.239087916156576,
        "total_bytes": 25165824,
        "gap_default": 1.4035351213613318,
        "gap_cd": null,
        "timestamp": "2026-05-16T16:59:10"
      }
    }
  }
}