{
  "B200": {
    "v2_920": {
      "default": {
        "compiled_us": 800.7021140651542,
        "coord_descent_us": null,
        "memcopy_sol_us": 393.57704728267436,
        "total_bytes": 2482507776,
        "gap_default": 2.0344227886085924,
        "gap_cd": null,
        "timestamp": "2026-05-16T16:59:10"
      }
    }
  }
}