{
  "B200": {
    "v3_full": {
      "default": {
        "compiled_us": 10.26702129972276,
        "coord_descent_us": null,
        "memcopy_sol_us": 13.88059616772956,
        "total_bytes": 32035952,
        "gap_default": 0.7396671710392486,
        "gap_cd": null,
        "timestamp": "2026-05-16T18:41:32"
      }
    }
  }
}