{
  "B200": {
    "v3_full": {
      "default": {
        "compiled_us": 45.00992542655626,
        "coord_descent_us": null,
        "memcopy_sol_us": 24.726956860769462,
        "total_bytes": 96481284,
        "gap_default": 1.8202775893529675,
        "gap_cd": null,
        "timestamp": "2026-05-16T18:41:32"
      }
    }
  }
}