{
  "B200": {
    "v2_920": {
      "default": {
        "compiled_us": 8.129587339233636,
        "coord_descent_us": null,
        "memcopy_sol_us": 8.984157042452535,
        "total_bytes": 12582912,
        "gap_default": 0.9048803689449294,
        "gap_cd": null,
        "timestamp": "2026-05-16T16:59:10"
      }
    }
  }
}