{
  "B200": {
    "v2_920": {
      "default": {
        "compiled_us": 14.424710968016733,
        "coord_descent_us": null,
        "memcopy_sol_us": 21.307724443770546,
        "total_bytes": 83345408,
        "gap_default": 0.6769709738870728,
        "gap_cd": null,
        "timestamp": "2026-05-16T16:59:10"
      }
    }
  }
}