{
  "B200": {
    "v3_full": {
      "default": {
        "compiled_us": 999.9076827034277,
        "coord_descent_us": null,
        "memcopy_sol_us": 457.80497744901857,
        "total_bytes": 2905910176,
        "gap_default": 2.1841345812252073,
        "gap_cd": null,
        "timestamp": "2026-05-16T18:41:32"
      }
    }
  }
}