{
  "B200": {
    "v2_920": {
      "default": {
        "compiled_us": 32.73441964951217,
        "coord_descent_us": null,
        "memcopy_sol_us": 72.61192648878361,
        "total_bytes": 399508224,
        "gap_default": 0.4508132648783071,
        "gap_cd": null,
        "timestamp": "2026-05-16T16:59:10"
      }
    }
  }
}