{
  "B200": {
    "v3_full": {
      "default": {
        "compiled_us": 14.409499639897124,
        "coord_descent_us": null,
        "memcopy_sol_us": 19.46004442234074,
        "total_bytes": 64660480,
        "gap_default": 0.7404659170949562,
        "gap_cd": null,
        "timestamp": "2026-05-16T18:41:32"
      }
    }
  }
}