{
  "B200": {
    "v3_full": {
      "default": {
        "compiled_us": 21.634562779045172,
        "coord_descent_us": null,
        "memcopy_sol_us": 12.636158136633512,
        "total_bytes": 33587200,
        "gap_default": 1.712115545335284,
        "gap_cd": null,
        "timestamp": "2026-05-16T18:41:32"
      }
    }
  }
}