{
  "B200": {
    "v2_920": {
      "default": {
        "compiled_us": 14.92747814107114,
        "coord_descent_us": null,
        "memcopy_sol_us": 14.913197690085292,
        "total_bytes": 50331648,
        "gap_default": 1.0009575713594503,
        "gap_cd": null,
        "timestamp": "2026-05-16T16:59:10"
      }
    }
  }
}