{
  "B200": {
    "v3_full": {
      "default": {
        "compiled_us": 53.27578195271136,
        "coord_descent_us": null,
        "memcopy_sol_us": 27.70440315446933,
        "total_bytes": 120424580,
        "gap_default": 1.923007749189385,
        "gap_cd": null,
        "timestamp": "2026-05-16T18:41:32"
      }
    }
  }
}