{
  "B200": {
    "v2_920": {
      "default": {
        "compiled_us": 18.398021766683975,
        "coord_descent_us": null,
        "memcopy_sol_us": 17.752134677340187,
        "total_bytes": 67108864,
        "gap_default": 1.036383629410396,
        "gap_cd": null,
        "timestamp": "2026-05-16T16:59:10"
      }
    }
  }
}