{
  "B200": {
    "v2_920": {
      "default": {
        "compiled_us": 10.41703969033655,
        "coord_descent_us": null,
        "memcopy_sol_us": 10.28405552407298,
        "total_bytes": 9420160,
        "gap_default": 1.0129311015437714,
        "gap_cd": null,
        "timestamp": "2026-05-16T16:59:10"
      }
    }
  }
}