{
  "B200": {
    "v2_920": {
      "default": {
        "compiled_us": 8.131941259714587,
        "coord_descent_us": null,
        "memcopy_sol_us": 54.24883271462185,
        "total_bytes": 280086272,
        "gap_default": 0.1499007601231346,
        "gap_cd": null,
        "timestamp": "2026-05-16T16:59:10"
      }
    }
  }
}