{
  "B200": {
    "v2_920": {
      "default": {
        "compiled_us": 274.47510497694725,
        "coord_descent_us": null,
        "memcopy_sol_us": 197.4568225652258,
        "total_bytes": 1210133528,
        "gap_default": 1.3900512598711552,
        "gap_cd": null,
        "timestamp": "2026-05-16T16:59:10"
      }
    }
  }
}