{
  "B200": {
    "v2_920": {
      "default": {
        "compiled_us": 8.224308876883201,
        "coord_descent_us": null,
        "memcopy_sol_us": 7.191528239162619,
        "total_bytes": 17340,
        "gap_default": 1.143610732430474,
        "gap_cd": null,
        "timestamp": "2026-05-16T16:59:10"
      }
    }
  }
}