{
  "B200": {
    "v2_920": {
      "default": {
        "compiled_us": 3.030980521139626,
        "coord_descent_us": null,
        "memcopy_sol_us": 15.274016864050495,
        "total_bytes": 50331648,
        "gap_default": 0.19844030212336983,
        "gap_cd": null,
        "timestamp": "2026-05-16T16:59:10"
      }
    }
  }
}