{
  "B200": {
    "v2_920": {
      "default": {
        "compiled_us": 8.132992763046131,
        "coord_descent_us": null,
        "memcopy_sol_us": 168.96259161781092,
        "total_bytes": 1030752256,
        "gap_default": 0.048134872252923025,
        "gap_cd": null,
        "timestamp": "2026-05-16T16:59:10"
      }
    }
  }
}