{
  "_metadata": {
    "schema_version": 1,
    "tool": "scripts/bench_parallel.py",
    "commit": "862f00e6ee3e982a95e023662427766c88ecf0e5",
    "pytorch_commit": "5e2ab3055de1bc4bffe2e7feffe1fc7ff7af8b10",
    "pytorch_ref": "DETACHED",
    "timestamp": "2026-07-15T11:21:45Z",
    "n_repros": 3,
    "n_results": 3,
    "workload_kind": "repro"
  },
  "repros/canonical/amax_sum_sum_04ddf882ff17/repro.py": {
    "MobileBertForMaskedLM_8f164373": {
      "compiled_us": 2181.0879707336426,
      "coord_descent_us": null,
      "memcopy_sol_us": 930.6560158729553,
      "total_bytes": 6001253616,
      "n_kernels": 2,
      "gap_default": 2.343602720590359,
      "gap_cd": null
    }
  },
  "repros/canonical/amax_sum_sum_3f000d9caa57/repro.py": {
    "TrOCRForCausalLM_e195ea0d": {
      "compiled_us": 1225.5359888076782,
      "coord_descent_us": null,
      "memcopy_sol_us": 480.0640046596527,
      "total_bytes": 3294429192,
      "n_kernels": 2,
      "gap_default": 2.552859570624415,
      "gap_cd": null
    },
    "PegasusForCausalLM_f78f1ecd": {
      "compiled_us": 1224.4479656219482,
      "coord_descent_us": null,
      "memcopy_sol_us": 480.0640046596527,
      "total_bytes": 3294429192,
      "n_kernels": 2,
      "gap_default": 2.5505931578645136,
      "gap_cd": null
    },
    "BartForCausalLM_4445581e": {
      "compiled_us": 626.4960169792175,
      "coord_descent_us": null,
      "memcopy_sol_us": 242.8479939699173,
      "total_bytes": 1647214600,
      "n_kernels": 2,
      "gap_default": 2.579786667115004,
      "gap_cd": null
    }
  },
  "repros/canonical/amax_sum_02064a1e60ac/repro.py": {
    "TrOCRForCausalLM_19ef62d0": {
      "compiled_us": 154.4640064239502,
      "coord_descent_us": null,
      "memcopy_sol_us": 48.00000041723251,
      "total_bytes": 287309824,
      "n_kernels": 1,
      "gap_default": 3.2180001058603316,
      "gap_cd": null
    }
  },
  "__summary__": {
    "total": 3,
    "ok": 3,
    "failed": 0,
    "skipped": 0,
    "elapsed_s": 9.268532991409302
  }
}
