{
  "_metadata": {
    "schema_version": 1,
    "tool": "scripts/bench_parallel.py",
    "commit": "862f00e6ee3e982a95e023662427766c88ecf0e5",
    "pytorch_commit": "5205038a9edc306d70241cbb84223b1c39214907",
    "pytorch_ref": "DETACHED",
    "timestamp": "2026-07-15T11:21:58Z",
    "n_repros": 3,
    "n_results": 3,
    "workload_kind": "repro"
  },
  "repros/canonical/amax_sum_02064a1e60ac/repro.py": {
    "TrOCRForCausalLM_19ef62d0": {
      "compiled_us": 78.72000336647034,
      "coord_descent_us": null,
      "memcopy_sol_us": 48.09600114822388,
      "total_bytes": 287309824,
      "n_kernels": 1,
      "gap_default": 1.636726577826468,
      "gap_cd": null
    }
  },
  "repros/canonical/amax_sum_sum_3f000d9caa57/repro.py": {
    "PegasusForCausalLM_f78f1ecd": {
      "compiled_us": 1091.3920402526855,
      "coord_descent_us": null,
      "memcopy_sol_us": 480.0960123538971,
      "total_bytes": 3294429192,
      "n_kernels": 2,
      "gap_default": 2.2732787029444825,
      "gap_cd": null
    },
    "TrOCRForCausalLM_e195ea0d": {
      "compiled_us": 1091.4239883422852,
      "coord_descent_us": null,
      "memcopy_sol_us": 478.2400131225586,
      "total_bytes": 3294429192,
      "n_kernels": 2,
      "gap_default": 2.282167862149556,
      "gap_cd": null
    },
    "BartForCausalLM_4445581e": {
      "compiled_us": 563.103973865509,
      "coord_descent_us": null,
      "memcopy_sol_us": 244.54399943351746,
      "total_bytes": 1647214600,
      "n_kernels": 2,
      "gap_default": 2.302669356720799,
      "gap_cd": null
    }
  },
  "repros/canonical/amax_sum_sum_04ddf882ff17/repro.py": {
    "MobileBertForMaskedLM_8f164373": {
      "compiled_us": 2112.2560501098633,
      "coord_descent_us": null,
      "memcopy_sol_us": 928.5439848899841,
      "total_bytes": 6001253616,
      "n_kernels": 2,
      "gap_default": 2.2748045159757595,
      "gap_cd": null
    }
  },
  "__summary__": {
    "total": 3,
    "ok": 3,
    "failed": 0,
    "skipped": 0,
    "elapsed_s": 10.438207626342773
  }
}
